BA,BC1,AC1,BC2,AC2,dc,alpha_cdr3_bend_deg,alpha_cdr3_apex_height_A,alpha_cdr3_apex_resi,beta_cdr3_bend_deg,beta_cdr3_apex_height_A,beta_cdr3_apex_resi,alpha_germline,beta_germline,tcr_name,state,pdb_path,alpha_v_gene,alpha_v_score,alpha_j_gene,alpha_j_score,beta_v_gene,beta_v_score,beta_j_gene,beta_j_score,alpha_vj,beta_vj,germline_vj_pair,dataset,germline_label,germline_collapsed,PC1,PC2
-67.68747901812054,102.1082959292329,-109.41560485625692,-161.0718076909287,150.80335225710957,26.03955310810724,149.13119522211275,15.993309075368384,110,171.27385300392882,19.258138857048547,111,"{'v_gene': [('human', 'TRAV12-2*01'), 0.9565217391304348], 'j_gene': [('human', 'TRAJ24*02'), 1.0]}","{'v_gene': [('human', 'TRBV6-5*01'), 0.9789473684210527], 'j_gene': [('human', 'TRBJ2-7*01'), 1.0]}",1ao7,unbound,/mnt/larry/lilian/DATA/TCR3d_datasets/expanded_benchmark_unbound_tcr_imgt/1ao7.pdb,TRAV12-2*01,0.9565217391304348,TRAJ24*02,1.0,TRBV6-5*01,0.9789473684210528,TRBJ2-7*01,1.0,TRAV12-2*01-TRAJ24*02,TRBV6-5*01-TRBJ2-7*01,TRAV12-2*01-TRAJ24*02|TRBV6-5*01-TRBJ2-7*01,paired_unbound,TRAV12-2*01-TRAJ24*02|TRBV6-5*01-TRBJ2-7*01,TRAV12-2*01-TRAJ24*02|TRBV6-5*01-TRBJ2-7*01,-1.106766083713458,-0.16765642203094033
-71.47237487999392,106.24111166158985,-103.11163715749308,-157.85873794231242,148.54266470526102,26.43770025087549,149.53259453764912,20.56229391287681,111,157.52887505230524,16.008043524840993,113,"{'v_gene': [('human', 'TRAV26-2*01'), 0.9347826086956522], 'j_gene': [('human', 'TRAJ52*01'), 1.0]}","{'v_gene': [('human', 'TRBV7-8*01'), 0.9791666666666666], 'j_gene': [('human', 'TRBJ2-7*01'), 1.0]}",1mi5,unbound,/mnt/larry/lilian/DATA/TCR3d_datasets/expanded_benchmark_unbound_tcr_imgt/1mi5.pdb,TRAV26-2*01,0.9347826086956522,TRAJ52*01,1.0,TRBV7-8*01,0.9791666666666666,TRBJ2-7*01,1.0,TRAV26-2*01-TRAJ52*01,TRBV7-8*01-TRBJ2-7*01,TRAV26-2*01-TRAJ52*01|TRBV7-8*01-TRBJ2-7*01,paired_unbound,TRAV26-2*01-TRAJ52*01|TRBV7-8*01-TRBJ2-7*01,TRAV26-2*01-TRAJ52*01|TRBV7-8*01-TRBJ2-7*01,2.045936561396883,-1.2757851505814153
-68.72288965287227,105.12307452121763,-111.0557006254296,-157.79092480430964,150.5920052361521,26.064889349747897,151.1340448068014,15.948508370999877,109,155.96178796147882,14.137315435873,109,"{'v_gene': [('mouse', 'TRAV9-4*01'), 0.9893617021276596], 'j_gene': [('mouse', 'TRAJ35*02'), 1.0]}","{'v_gene': [('mouse', 'TRBV13-2*01'), 0.9894736842105263], 'j_gene': [('mouse', 'TRBJ2-4*01'), 1.0]}",1mwa,unbound,/mnt/larry/lilian/DATA/TCR3d_datasets/expanded_benchmark_unbound_tcr_imgt/1mwa.pdb,TRAV9-4*01,0.9893617021276596,TRAJ35*02,1.0,TRBV13-2*01,0.9894736842105264,TRBJ2-4*01,1.0,TRAV9-4*01-TRAJ35*02,TRBV13-2*01-TRBJ2-4*01,TRAV9-4*01-TRAJ35*02|TRBV13-2*01-TRBJ2-4*01,paired_unbound,TRAV9-4*01-TRAJ35*02|TRBV13-2*01-TRBJ2-4*01,TRAV9-4*01-TRAJ35*02|TRBV13-2*01-TRBJ2-4*01,-0.10335961498193645,-0.28790307326369374
-68.15969153489132,105.14333903617785,-106.28933253680373,-159.48917960743427,151.38618314450895,25.75541864745725,178.04841355556312,15.461302105186071,109,158.93930885614657,16.897732145897308,110,"{'v_gene': [('human', 'TRAV27*01'), 0.978021978021978], 'j_gene': [('human', 'TRAJ42*01'), 1.0]}","{'v_gene': [('human', 'TRBV19*01'), 0.968421052631579], 'j_gene': [('human', 'TRBJ2-7*01'), 1.0]}",1oga,unbound,/mnt/larry/lilian/DATA/TCR3d_datasets/expanded_benchmark_unbound_tcr_imgt/1oga.pdb,TRAV27*01,0.978021978021978,TRAJ42*01,1.0,TRBV19*01,0.968421052631579,TRBJ2-7*01,1.0,TRAV27*01-TRAJ42*01,TRBV19*01-TRBJ2-7*01,TRAV27*01-TRAJ42*01|TRBV19*01-TRBJ2-7*01,paired_unbound,TRAV27*01-TRAJ42*01|TRBV19*01-TRBJ2-7*01,TRAV27*01-TRAJ42*01|TRBV19*01-TRBJ2-7*01,-0.08639196483549867,-1.0475351725432018
-61.884140933474725,105.77777108151588,-111.47872689307798,-161.46163326427236,145.91146527331887,26.17018435622872,178.7325939418704,18.614369689131895,110,166.4972989774825,16.937552734403294,110,"{'v_gene': [('human', 'TRAV21*01'), 0.989247311827957], 'j_gene': [('human', 'TRAJ6*01'), 1.0]}","{'v_gene': [('human', 'TRBV6-5*01'), 0.9789473684210527], 'j_gene': [('human', 'TRBJ2-2*01'), 1.0]}",2bnr,unbound,/mnt/larry/lilian/DATA/TCR3d_datasets/expanded_benchmark_unbound_tcr_imgt/2bnr.pdb,TRAV21*01,0.989247311827957,TRAJ6*01,1.0,TRBV6-5*01,0.9789473684210528,TRBJ2-2*01,1.0,TRAV21*01-TRAJ6*01,TRBV6-5*01-TRBJ2-2*01,TRAV21*01-TRAJ6*01|TRBV6-5*01-TRBJ2-2*01,paired_unbound,TRAV21*01-TRAJ6*01|TRBV6-5*01-TRBJ2-2*01,TRAV21*01-TRAJ6*01|TRBV6-5*01-TRBJ2-2*01,0.10785611676408406,2.0982055762212255
-68.72311438588704,105.12272570840986,-111.0553862136732,-157.79159304943516,150.5921351542554,26.06487476455553,151.1511946813739,15.948717343310696,109,155.98826648687225,14.137529867665265,109,"{'v_gene': [('mouse', 'TRAV9-4*01'), 0.9893617021276596], 'j_gene': [('mouse', 'TRAJ35*02'), 1.0]}","{'v_gene': [('mouse', 'TRBV13-2*01'), 0.9894736842105263], 'j_gene': [('mouse', 'TRBJ2-4*01'), 1.0]}",2ckb,unbound,/mnt/larry/lilian/DATA/TCR3d_datasets/expanded_benchmark_unbound_tcr_imgt/2ckb.pdb,TRAV9-4*01,0.9893617021276596,TRAJ35*02,1.0,TRBV13-2*01,0.9894736842105264,TRBJ2-4*01,1.0,TRAV9-4*01-TRAJ35*02,TRBV13-2*01-TRBJ2-4*01,TRAV9-4*01-TRAJ35*02|TRBV13-2*01-TRBJ2-4*01,paired_unbound,TRAV9-4*01-TRAJ35*02|TRBV13-2*01-TRBJ2-4*01,TRAV9-4*01-TRAJ35*02|TRBV13-2*01-TRBJ2-4*01,-0.10353786484498276,-0.28795805174933486
-65.0604936343418,107.70680915394144,-109.58597731091244,-157.4022467532838,147.62700742876746,25.736038961230637,172.05644245921803,16.223794717138986,110,168.4170037699896,14.09336273549387,109,"{'v_gene': [('human', 'TRAV22*01'), 0.9666666666666667], 'j_gene': [('human', 'TRAJ54*01'), 1.0]}","{'v_gene': [('human', 'TRBV6-6*01'), 0.9789473684210527], 'j_gene': [('human', 'TRBJ1-3*01'), 0.9230769230769231]}",2iam,unbound,/mnt/larry/lilian/DATA/TCR3d_datasets/expanded_benchmark_unbound_tcr_imgt/2iam.pdb,TRAV22*01,0.9666666666666668,TRAJ54*01,1.0,TRBV6-6*01,0.9789473684210528,TRBJ1-3*01,0.9230769230769232,TRAV22*01-TRAJ54*01,TRBV6-6*01-TRBJ1-3*01,TRAV22*01-TRAJ54*01|TRBV6-6*01-TRBJ1-3*01,paired_unbound,TRAV22*01-TRAJ54*01|TRBV6-6*01-TRBJ1-3*01,TRAV22*01-TRAJ54*01|TRBV6-6*01-TRBJ1-3*01,0.7580191526994183,0.5287298032066479
-65.06114620498487,107.70651322583757,-109.58621342577464,-157.40274803846089,147.62691755194572,25.736022919710187,172.0572174494447,16.22254372387113,110,168.39630021939422,14.093195732616577,109,"{'v_gene': [('human', 'TRAV22*01'), 0.9666666666666667], 'j_gene': [('human', 'TRAJ54*01'), 1.0]}","{'v_gene': [('human', 'TRBV6-6*01'), 0.9789473684210527], 'j_gene': [('human', 'TRBJ1-3*01'), 0.9230769230769231]}",2ian,unbound,/mnt/larry/lilian/DATA/TCR3d_datasets/expanded_benchmark_unbound_tcr_imgt/2ian.pdb,TRAV22*01,0.9666666666666668,TRAJ54*01,1.0,TRBV6-6*01,0.9789473684210528,TRBJ1-3*01,0.9230769230769232,TRAV22*01-TRAJ54*01,TRBV6-6*01-TRBJ1-3*01,TRAV22*01-TRAJ54*01|TRBV6-6*01-TRBJ1-3*01,paired_unbound,TRAV22*01-TRAJ54*01|TRBV6-6*01-TRBJ1-3*01,TRAV22*01-TRAJ54*01|TRBV6-6*01-TRBJ1-3*01,0.7578081343090843,0.5287329815789003
-72.7173581299341,104.92629964178758,-105.6826184741798,-160.32039601234462,152.12414351070646,26.253209022392426,152.05574249462938,15.338774045690672,112,141.1120221748315,16.36975956461352,112,"{'v_gene': [('human', 'TRAV1-2*01'), 0.967032967032967], 'j_gene': [('human', 'TRAJ6*01'), 1.0]}","{'v_gene': [('human', 'TRBV10-3*01'), 0.968421052631579], 'j_gene': [('human', 'TRBJ1-5*01'), 1.0]}",2nx5,unbound,/mnt/larry/lilian/DATA/TCR3d_datasets/expanded_benchmark_unbound_tcr_imgt/2nx5.pdb,TRAV1-2*01,0.967032967032967,TRAJ6*01,1.0,TRBV10-3*01,0.968421052631579,TRBJ1-5*01,1.0,TRAV1-2*01-TRAJ6*01,TRBV10-3*01-TRBJ1-5*01,TRAV1-2*01-TRAJ6*01|TRBV10-3*01-TRBJ1-5*01,paired_unbound,TRAV1-2*01-TRAJ6*01|TRBV10-3*01-TRBJ1-5*01,TRAV1-2*01-TRAJ6*01|TRBV10-3*01-TRBJ1-5*01,0.2691941245163066,-1.71414051312531
-68.72283513258056,105.12339106265597,-111.05536058000784,-157.79061530716382,150.59242727437572,26.064817273997534,151.1333168011854,15.948327742105688,109,155.97536163617417,14.136535216975018,109,"{'v_gene': [('mouse', 'TRAV9-4*01'), 0.9893617021276596], 'j_gene': [('mouse', 'TRAJ35*02'), 1.0]}","{'v_gene': [('mouse', 'TRBV13-2*01'), 0.9894736842105263], 'j_gene': [('mouse', 'TRBJ2-4*01'), 1.0]}",2oi9,unbound,/mnt/larry/lilian/DATA/TCR3d_datasets/expanded_benchmark_unbound_tcr_imgt/2oi9.pdb,TRAV9-4*01,0.9893617021276596,TRAJ35*02,1.0,TRBV13-2*01,0.9894736842105264,TRBJ2-4*01,1.0,TRAV9-4*01-TRAJ35*02,TRBV13-2*01-TRBJ2-4*01,TRAV9-4*01-TRAJ35*02|TRBV13-2*01-TRBJ2-4*01,paired_unbound,TRAV9-4*01-TRAJ35*02|TRBV13-2*01-TRBJ2-4*01,TRAV9-4*01-TRAJ35*02|TRBV13-2*01-TRBJ2-4*01,-0.10331656114960329,-0.28808808217509885
-67.03581242592244,102.56198872797006,-108.57008901526086,-161.73050829518797,152.6637187864941,25.09869118077526,147.62324537846928,16.487286236238788,110,167.21453629536097,15.333171134396611,110,"{'v_gene': [('mouse', 'TRAV6D-7*01'), 0.978494623655914], 'j_gene': [('mouse', 'TRAJ48*01'), 1.0]}","{'v_gene': [('mouse', 'TRBV13-2*01'), 0.9368421052631579], 'j_gene': [('mouse', 'TRBJ2-3*01'), 0.9230769230769231]}",2pxy,unbound,/mnt/larry/lilian/DATA/TCR3d_datasets/expanded_benchmark_unbound_tcr_imgt/2pxy.pdb,TRAV6D-7*01,0.978494623655914,TRAJ48*01,1.0,TRBV13-2*01,0.936842105263158,TRBJ2-3*01,0.9230769230769232,TRAV6D-7*01-TRAJ48*01,TRBV13-2*01-TRBJ2-3*01,TRAV6D-7*01-TRAJ48*01|TRBV13-2*01-TRBJ2-3*01,paired_unbound,TRAV6D-7*01-TRAJ48*01|TRBV13-2*01-TRBJ2-3*01,TRAV6D-7*01-TRAJ48*01|TRBV13-2*01-TRBJ2-3*01,-2.3386745725348494,-0.8417251630652551
-63.03899457924666,106.81542183233523,-110.4053774059058,-160.90380336434538,146.40579986608265,26.12949928134549,168.69556877552554,17.888697250609518,112,168.53011195723315,17.245651409366637,110,"{'v_gene': [('human', 'TRAV21*01'), 0.989247311827957], 'j_gene': [('human', 'TRAJ6*01'), 1.0]}","{'v_gene': [('human', 'TRBV6-5*01'), 0.9578947368421052], 'j_gene': [('human', 'TRBJ2-2*01'), 1.0]}",2pye,unbound,/mnt/larry/lilian/DATA/TCR3d_datasets/expanded_benchmark_unbound_tcr_imgt/2pye.pdb,TRAV21*01,0.989247311827957,TRAJ6*01,1.0,TRBV6-5*01,0.9578947368421052,TRBJ2-2*01,1.0,TRAV21*01-TRAJ6*01,TRBV6-5*01-TRBJ2-2*01,TRAV21*01-TRAJ6*01|TRBV6-5*01-TRBJ2-2*01,paired_unbound,TRAV21*01-TRAJ6*01|TRBV6-5*01-TRBJ2-2*01,TRAV21*01-TRAJ6*01|TRBV6-5*01-TRBJ2-2*01,0.47939668018568177,1.609296355997519
-62.66729589109525,107.78265093589471,-104.60945411088002,-157.61004543213858,145.28012229075193,26.639069703754195,138.5559126486387,15.750864279201725,113,156.5421545620153,16.367232037191776,111,"{'v_gene': [('human', 'TRAV26-1*02'), 0.9456521739130435], 'j_gene': [('human', 'TRAJ13*02'), 1.0]}","{'v_gene': [('human', 'TRBV7-9*01'), 0.96875], 'j_gene': [('human', 'TRBJ2-1*01'), 1.0]}",3dxa,unbound,/mnt/larry/lilian/DATA/TCR3d_datasets/expanded_benchmark_unbound_tcr_imgt/3dxa.pdb,TRAV26-1*02,0.9456521739130436,TRAJ13*02,1.0,TRBV7-9*01,0.96875,TRBJ2-1*01,1.0,TRAV26-1*02-TRAJ13*02,TRBV7-9*01-TRBJ2-1*01,TRAV26-1*02-TRAJ13*02|TRBV7-9*01-TRBJ2-1*01,paired_unbound,TRAV26-1*02-TRAJ13*02|TRBV7-9*01-TRBJ2-1*01,TRAV26-1*02-TRAJ13*02|TRBV7-9*01-TRBJ2-1*01,2.953182142812523,0.9231119149204571
-67.68698478517236,102.10763834685929,-109.41525242714144,-161.07254529354617,150.80354517987405,26.03955858450901,149.14116819044148,15.993153660826431,110,171.2701648504867,19.258702235441728,111,"{'v_gene': [('human', 'TRAV12-2*01'), 0.9565217391304348], 'j_gene': [('human', 'TRAJ24*02'), 1.0]}","{'v_gene': [('human', 'TRBV6-5*01'), 0.9789473684210527], 'j_gene': [('human', 'TRBJ2-7*01'), 1.0]}",3h9s,unbound,/mnt/larry/lilian/DATA/TCR3d_datasets/expanded_benchmark_unbound_tcr_imgt/3h9s.pdb,TRAV12-2*01,0.9565217391304348,TRAJ24*02,1.0,TRBV6-5*01,0.9789473684210528,TRBJ2-7*01,1.0,TRAV12-2*01-TRAJ24*02,TRBV6-5*01-TRBJ2-7*01,TRAV12-2*01-TRAJ24*02|TRBV6-5*01-TRBJ2-7*01,paired_unbound,TRAV12-2*01-TRAJ24*02|TRBV6-5*01-TRBJ2-7*01,TRAV12-2*01-TRAJ24*02|TRBV6-5*01-TRBJ2-7*01,-1.1069877157719443,-0.16762045209744553
-71.47239373665467,106.24133106138402,-103.1117916940004,-157.8585920552355,148.54286495160738,26.43777630785787,149.53200332438297,20.562362886819965,111,157.53333544440943,16.00792409770534,113,"{'v_gene': [('human', 'TRAV26-2*01'), 0.9347826086956522], 'j_gene': [('human', 'TRAJ52*01'), 1.0]}","{'v_gene': [('human', 'TRBV7-8*01'), 0.9791666666666666], 'j_gene': [('human', 'TRBJ2-7*01'), 1.0]}",3kpr,unbound,/mnt/larry/lilian/DATA/TCR3d_datasets/expanded_benchmark_unbound_tcr_imgt/3kpr.pdb,TRAV26-2*01,0.9347826086956522,TRAJ52*01,1.0,TRBV7-8*01,0.9791666666666666,TRBJ2-7*01,1.0,TRAV26-2*01-TRAJ52*01,TRBV7-8*01-TRBJ2-7*01,TRAV26-2*01-TRAJ52*01|TRBV7-8*01-TRBJ2-7*01,paired_unbound,TRAV26-2*01-TRAJ52*01|TRBV7-8*01-TRBJ2-7*01,TRAV26-2*01-TRAJ52*01|TRBV7-8*01-TRBJ2-7*01,2.046056075392745,-1.275799876384639
-71.47200695728752,106.24131072013722,-103.11213617769069,-157.85891659202974,148.54258746002648,26.437662509616736,149.53758552869016,20.562348551559538,111,157.5238472387656,16.00748298558452,113,"{'v_gene': [('human', 'TRAV26-2*01'), 0.9347826086956522], 'j_gene': [('human', 'TRAJ52*01'), 1.0]}","{'v_gene': [('human', 'TRBV7-8*01'), 0.9791666666666666], 'j_gene': [('human', 'TRBJ2-7*01'), 1.0]}",3kps,unbound,/mnt/larry/lilian/DATA/TCR3d_datasets/expanded_benchmark_unbound_tcr_imgt/3kps.pdb,TRAV26-2*01,0.9347826086956522,TRAJ52*01,1.0,TRBV7-8*01,0.9791666666666666,TRBJ2-7*01,1.0,TRAV26-2*01-TRAJ52*01,TRBV7-8*01-TRBJ2-7*01,TRAV26-2*01-TRAJ52*01|TRBV7-8*01-TRBJ2-7*01,paired_unbound,TRAV26-2*01-TRAJ52*01|TRBV7-8*01-TRBJ2-7*01,TRAV26-2*01-TRAJ52*01|TRBV7-8*01-TRBJ2-7*01,2.0458377472676608,-1.2756394724400215
-67.68727113858642,102.10795175715674,-109.41531983994985,-161.07239630328144,150.80319688350073,26.0395645884222,149.1317519921232,15.992549477087186,110,171.25063329844522,19.25834913266759,111,"{'v_gene': [('human', 'TRAV12-2*01'), 0.9565217391304348], 'j_gene': [('human', 'TRAJ24*02'), 1.0]}","{'v_gene': [('human', 'TRBV6-5*01'), 0.9789473684210527], 'j_gene': [('human', 'TRBJ2-7*01'), 1.0]}",3pwp,unbound,/mnt/larry/lilian/DATA/TCR3d_datasets/expanded_benchmark_unbound_tcr_imgt/3pwp.pdb,TRAV12-2*01,0.9565217391304348,TRAJ24*02,1.0,TRBV6-5*01,0.9789473684210528,TRBJ2-7*01,1.0,TRAV12-2*01-TRAJ24*02,TRBV6-5*01-TRBJ2-7*01,TRAV12-2*01-TRAJ24*02|TRBV6-5*01-TRBJ2-7*01,paired_unbound,TRAV12-2*01-TRAJ24*02|TRBV6-5*01-TRBJ2-7*01,TRAV12-2*01-TRAJ24*02|TRBV6-5*01-TRBJ2-7*01,-1.1068627511643931,-0.16758270214102827
-67.59748013076214,104.48981260038522,-111.1265286722807,-158.49392350021756,149.82028455910057,26.006262548612185,146.14237037343338,13.05538110238463,113,165.6929225497771,14.284167737654522,109,"{'v_gene': [('human', 'TRAV12-2*01'), 0.9782608695652174], 'j_gene': [('human', 'TRAJ23*01'), 1.0]}","{'v_gene': [('human', 'TRBV6-4*01'), 0.9894736842105263], 'j_gene': [('human', 'TRBJ1-1*01'), 1.0]}",3qdg,unbound,/mnt/larry/lilian/DATA/TCR3d_datasets/expanded_benchmark_unbound_tcr_imgt/3qdg.pdb,TRAV12-2*01,0.9782608695652174,TRAJ23*01,1.0,TRBV6-4*01,0.9894736842105264,TRBJ1-1*01,1.0,TRAV12-2*01-TRAJ23*01,TRBV6-4*01-TRBJ1-1*01,TRAV12-2*01-TRAJ23*01|TRBV6-4*01-TRBJ1-1*01,paired_unbound,TRAV12-2*01-TRAJ23*01|TRBV6-4*01-TRBJ1-1*01,TRAV12-2*01-TRAJ23*01|TRBV6-4*01-TRBJ1-1*01,-0.3418898385413287,0.09239381480457733
-67.59786585193558,104.48936507801068,-111.12677767572784,-158.49455621392724,149.81964644207284,26.006296151288296,146.1489623887673,13.056174675685485,113,165.68134202659098,14.28498065186289,109,"{'v_gene': [('human', 'TRAV12-2*01'), 0.9782608695652174], 'j_gene': [('human', 'TRAJ23*01'), 1.0]}","{'v_gene': [('human', 'TRBV6-4*01'), 0.9894736842105263], 'j_gene': [('human', 'TRBJ1-1*01'), 1.0]}",3qdj,unbound,/mnt/larry/lilian/DATA/TCR3d_datasets/expanded_benchmark_unbound_tcr_imgt/3qdj.pdb,TRAV12-2*01,0.9782608695652174,TRAJ23*01,1.0,TRBV6-4*01,0.9894736842105264,TRBJ1-1*01,1.0,TRAV12-2*01-TRAJ23*01,TRBV6-4*01-TRBJ1-1*01,TRAV12-2*01-TRAJ23*01|TRBV6-4*01-TRBJ1-1*01,paired_unbound,TRAV12-2*01-TRAJ23*01|TRBV6-4*01-TRBJ1-1*01,TRAV12-2*01-TRAJ23*01|TRBV6-4*01-TRBJ1-1*01,-0.34203210765327624,0.09258410038620773
-70.89079749899327,104.71492819911862,-107.53918148620164,-161.44220994547433,149.93162140421742,26.53203850587541,155.9132297655047,11.749936891875029,114,152.51049067040276,14.020867534093776,110,"{'v_gene': [('human', 'TRAV12-1*01'), 0.9340659340659341], 'j_gene': [('human', 'TRAJ23*01'), 1.0]}","{'v_gene': [('human', 'TRBV6-2*01'), 0.968421052631579], 'j_gene': [('human', 'TRBJ2-4*01'), 1.0]}",3sjv,unbound,/mnt/larry/lilian/DATA/TCR3d_datasets/expanded_benchmark_unbound_tcr_imgt/3sjv.pdb,TRAV12-1*01,0.934065934065934,TRAJ23*01,1.0,TRBV6-2*01,0.968421052631579,TRBJ2-4*01,1.0,TRAV12-1*01-TRAJ23*01,TRBV6-2*01-TRBJ2-4*01,TRAV12-1*01-TRAJ23*01|TRBV6-2*01-TRBJ2-4*01,paired_unbound,TRAV12-1*01-TRAJ23*01|TRBV6-2*01-TRBJ2-4*01,TRAV12-1*01-TRAJ23*01|TRBV6-2*01-TRBJ2-4*01,0.3494768466486818,-0.5204201227051407
-72.36323520639216,102.00813250420015,-108.54371025330651,-161.9354489572973,151.59358789699343,25.99110436438611,165.1123783533577,15.987684038025892,110,156.79016573349259,16.060685257264282,110,"{'v_gene': [('human', 'TRAV12-3*01'), 0.967391304347826], 'j_gene': [('human', 'TRAJ12*01'), 1.0]}","{'v_gene': [('human', 'TRBV12-4*01'), 0.9895833333333334], 'j_gene': [('human', 'TRBJ2-4*01'), 1.0]}",3utt,unbound,/mnt/larry/lilian/DATA/TCR3d_datasets/expanded_benchmark_unbound_tcr_imgt/3utt.pdb,TRAV12-3*01,0.967391304347826,TRAJ12*01,1.0,TRBV12-4*01,0.9895833333333334,TRBJ2-4*01,1.0,TRAV12-3*01-TRAJ12*01,TRBV12-4*01-TRBJ2-4*01,TRAV12-3*01-TRAJ12*01|TRBV12-4*01-TRBJ2-4*01,paired_unbound,TRAV12-3*01-TRAJ12*01|TRBV12-4*01-TRBJ2-4*01,TRAV12-3*01-TRAJ12*01|TRBV12-4*01-TRBJ2-4*01,-1.3683398276585033,-1.0585663025583172
-70.41275519188305,104.15642781103548,-108.97236672358036,-160.49896326834417,147.08394857405375,25.61904496348523,165.2471960065326,16.089327021270698,110,171.52601810975636,16.702198203854767,110,"{'v_gene': [('human', 'TRAV21*01'), 1.0], 'j_gene': [('human', 'TRAJ12*01'), 1.0]}","{'v_gene': [('human', 'TRBV7-9*01'), 0.9791666666666666], 'j_gene': [('human', 'TRBJ2-2*01'), 1.0]}",3vxr,unbound,/mnt/larry/lilian/DATA/TCR3d_datasets/expanded_benchmark_unbound_tcr_imgt/3vxr.pdb,TRAV21*01,1.0,TRAJ12*01,1.0,TRBV7-9*01,0.9791666666666666,TRBJ2-2*01,1.0,TRAV21*01-TRAJ12*01,TRBV7-9*01-TRBJ2-2*01,TRAV21*01-TRAJ12*01|TRBV7-9*01-TRBJ2-2*01,paired_unbound,TRAV21*01-TRAJ12*01|TRBV7-9*01-TRBJ2-2*01,TRAV21*01-TRAJ12*01|TRBV7-9*01-TRBJ2-2*01,-0.637198265148891,0.05302123341131534
-70.41295483786486,104.1562506081172,-108.9718752923402,-160.4990099726485,147.0840939275064,25.619036924965805,165.24294622026918,16.089345735595547,110,171.5338073249237,16.70236069875788,110,"{'v_gene': [('human', 'TRAV21*01'), 1.0], 'j_gene': [('human', 'TRAJ12*01'), 1.0]}","{'v_gene': [('human', 'TRBV7-9*01'), 0.9791666666666666], 'j_gene': [('human', 'TRBJ2-2*01'), 1.0]}",3vxs,unbound,/mnt/larry/lilian/DATA/TCR3d_datasets/expanded_benchmark_unbound_tcr_imgt/3vxs.pdb,TRAV21*01,1.0,TRAJ12*01,1.0,TRBV7-9*01,0.9791666666666666,TRBJ2-2*01,1.0,TRAV21*01-TRAJ12*01,TRBV7-9*01-TRBJ2-2*01,TRAV21*01-TRAJ12*01|TRBV7-9*01-TRBJ2-2*01,paired_unbound,TRAV21*01-TRAJ12*01|TRBV7-9*01-TRBJ2-2*01,TRAV21*01-TRAJ12*01|TRBV7-9*01-TRBJ2-2*01,-0.6371958761318564,0.052889856602786486
-59.28016703593157,107.95125307995522,-106.80850883536156,-155.90376229004943,149.63301016068192,26.692175560220782,-171.67634657619146,14.04229543922962,109,161.60612187418099,14.510216243596744,113,"{'v_gene': [('human', 'TRAV12-2*01'), 0.9239130434782609], 'j_gene': [('human', 'TRAJ23*01'), 1.0]}","{'v_gene': [('human', 'TRBV27*01'), 0.9894736842105263], 'j_gene': [('human', 'TRBJ2-7*01'), 1.0]}",3w0w,unbound,/mnt/larry/lilian/DATA/TCR3d_datasets/expanded_benchmark_unbound_tcr_imgt/3w0w.pdb,TRAV12-2*01,0.9239130434782608,TRAJ23*01,1.0,TRBV27*01,0.9894736842105264,TRBJ2-7*01,1.0,TRAV12-2*01-TRAJ23*01,TRBV27*01-TRBJ2-7*01,TRAV12-2*01-TRAJ23*01|TRBV27*01-TRBJ2-7*01,paired_unbound,TRAV12-2*01-TRAJ23*01|TRBV27*01-TRBJ2-7*01,TRAV12-2*01-TRAJ23*01|TRBV27*01-TRBJ2-7*01,2.572189103776423,0.6127472482904994
-65.58912355471963,104.65066828861046,-110.25704153541857,-161.51061164556145,145.90033965477164,25.921923597671444,151.37424682937768,13.850607637953306,109,174.87088598294798,20.01429383291753,111,"{'v_gene': [('human', 'TRAV12-2*01'), 0.9347826086956522], 'j_gene': [('human', 'TRAJ27*01'), 0.8571428571428571]}","{'v_gene': [('human', 'TRBV30*02'), 0.9468085106382979], 'j_gene': [('human', 'TRBJ2-2*01'), 0.7692307692307693]}",4jfd,unbound,/mnt/larry/lilian/DATA/TCR3d_datasets/expanded_benchmark_unbound_tcr_imgt/4jfd.pdb,TRAV12-2*01,0.9347826086956522,TRAJ27*01,0.8571428571428571,TRBV30*02,0.946808510638298,TRBJ2-2*01,0.7692307692307693,TRAV12-2*01-TRAJ27*01,TRBV30*02-TRBJ2-2*01,TRAV12-2*01-TRAJ27*01|TRBV30*02-TRBJ2-2*01,paired_unbound,TRAV12-2*01-TRAJ27*01|TRBV30*02-TRBJ2-2*01,TRAV12-2*01-TRAJ27*01|TRBV30*02-TRBJ2-2*01,-0.32108796934853473,1.3435347978902858
-65.58936565028525,104.65061641739788,-110.25707567056983,-161.51113914367804,145.9000771127454,25.92195267352043,151.37719356606647,13.85112895639733,109,174.86591107556222,20.01370004522981,111,"{'v_gene': [('human', 'TRAV12-2*01'), 0.9347826086956522], 'j_gene': [('human', 'TRAJ27*01'), 0.8571428571428571]}","{'v_gene': [('human', 'TRBV30*02'), 0.9468085106382979], 'j_gene': [('human', 'TRBJ2-2*01'), 0.7692307692307693]}",4jff,unbound,/mnt/larry/lilian/DATA/TCR3d_datasets/expanded_benchmark_unbound_tcr_imgt/4jff.pdb,TRAV12-2*01,0.9347826086956522,TRAJ27*01,0.8571428571428571,TRBV30*02,0.946808510638298,TRBJ2-2*01,0.7692307692307693,TRAV12-2*01-TRAJ27*01,TRBV30*02-TRBJ2-2*01,TRAV12-2*01-TRAJ27*01|TRBV30*02-TRBJ2-2*01,paired_unbound,TRAV12-2*01-TRAJ27*01|TRBV30*02-TRBJ2-2*01,TRAV12-2*01-TRAJ27*01|TRBV30*02-TRBJ2-2*01,-0.3211355081254124,1.3436179501368783
-72.36208621889878,102.00850901063347,-108.54396891670348,-161.9357750663591,151.59374419226094,25.991161762517777,165.10978435080028,15.98710511242428,110,156.79725266282514,16.059660942202132,110,"{'v_gene': [('human', 'TRAV12-3*01'), 0.967391304347826], 'j_gene': [('human', 'TRAJ12*01'), 1.0]}","{'v_gene': [('human', 'TRBV12-4*01'), 0.9895833333333334], 'j_gene': [('human', 'TRBJ2-4*01'), 1.0]}",5c07,unbound,/mnt/larry/lilian/DATA/TCR3d_datasets/expanded_benchmark_unbound_tcr_imgt/5c07.pdb,TRAV12-3*01,0.967391304347826,TRAJ12*01,1.0,TRBV12-4*01,0.9895833333333334,TRBJ2-4*01,1.0,TRAV12-3*01-TRAJ12*01,TRBV12-4*01-TRBJ2-4*01,TRAV12-3*01-TRAJ12*01|TRBV12-4*01-TRBJ2-4*01,paired_unbound,TRAV12-3*01-TRAJ12*01|TRBV12-4*01-TRBJ2-4*01,TRAV12-3*01-TRAJ12*01|TRBV12-4*01-TRBJ2-4*01,-1.3682818582344534,-1.0583618097677407
-72.36232738402154,102.00873074649428,-108.5436636166472,-161.93524989226827,151.59396697413274,25.99115343342099,165.10332259022675,15.986609263160664,110,156.80529190355026,16.059946629305482,110,"{'v_gene': [('human', 'TRAV12-3*01'), 0.967391304347826], 'j_gene': [('human', 'TRAJ12*01'), 1.0]}","{'v_gene': [('human', 'TRBV12-4*01'), 0.9895833333333334], 'j_gene': [('human', 'TRBJ2-4*01'), 1.0]}",5c08,unbound,/mnt/larry/lilian/DATA/TCR3d_datasets/expanded_benchmark_unbound_tcr_imgt/5c08.pdb,TRAV12-3*01,0.967391304347826,TRAJ12*01,1.0,TRBV12-4*01,0.9895833333333334,TRBJ2-4*01,1.0,TRAV12-3*01-TRAJ12*01,TRBV12-4*01-TRBJ2-4*01,TRAV12-3*01-TRAJ12*01|TRBV12-4*01-TRBJ2-4*01,paired_unbound,TRAV12-3*01-TRAJ12*01|TRBV12-4*01-TRBJ2-4*01,TRAV12-3*01-TRAJ12*01|TRBV12-4*01-TRBJ2-4*01,-1.368132400105233,-1.0585367426403351
-72.36258471375447,102.00849073132963,-108.54353905058092,-161.935293552512,151.59385267652186,25.991115044168357,165.1126731965319,15.987620551948767,110,156.8068796845833,16.060556262938356,110,"{'v_gene': [('human', 'TRAV12-3*01'), 0.967391304347826], 'j_gene': [('human', 'TRAJ12*01'), 1.0]}","{'v_gene': [('human', 'TRBV12-4*01'), 0.9895833333333334], 'j_gene': [('human', 'TRBJ2-4*01'), 1.0]}",5c09,unbound,/mnt/larry/lilian/DATA/TCR3d_datasets/expanded_benchmark_unbound_tcr_imgt/5c09.pdb,TRAV12-3*01,0.967391304347826,TRAJ12*01,1.0,TRBV12-4*01,0.9895833333333334,TRBJ2-4*01,1.0,TRAV12-3*01-TRAJ12*01,TRBV12-4*01-TRBJ2-4*01,TRAV12-3*01-TRAJ12*01|TRBV12-4*01-TRBJ2-4*01,paired_unbound,TRAV12-3*01-TRAJ12*01|TRBV12-4*01-TRBJ2-4*01,TRAV12-3*01-TRAJ12*01|TRBV12-4*01-TRBJ2-4*01,-1.3682116494355738,-1.0585722090557264
-72.36256991724929,102.00862658559566,-108.5435084817676,-161.93561666368396,151.59437449351788,25.991117580551403,165.10177273669223,15.987391821900198,110,156.79383570482702,16.059548737003734,110,"{'v_gene': [('human', 'TRAV12-3*01'), 0.967391304347826], 'j_gene': [('human', 'TRAJ12*01'), 1.0]}","{'v_gene': [('human', 'TRBV12-4*01'), 0.9895833333333334], 'j_gene': [('human', 'TRBJ2-4*01'), 1.0]}",5c0a,unbound,/mnt/larry/lilian/DATA/TCR3d_datasets/expanded_benchmark_unbound_tcr_imgt/5c0a.pdb,TRAV12-3*01,0.967391304347826,TRAJ12*01,1.0,TRBV12-4*01,0.9895833333333334,TRBJ2-4*01,1.0,TRAV12-3*01-TRAJ12*01,TRBV12-4*01-TRBJ2-4*01,TRAV12-3*01-TRAJ12*01|TRBV12-4*01-TRBJ2-4*01,paired_unbound,TRAV12-3*01-TRAJ12*01|TRBV12-4*01-TRBJ2-4*01,TRAV12-3*01-TRAJ12*01|TRBV12-4*01-TRBJ2-4*01,-1.3682877075107593,-1.058664319776235
-72.36250958433986,102.00875170449177,-108.54374191569268,-161.9352361934756,151.59407440268376,25.990961106362786,165.11140191887546,15.987881401426586,110,156.81722832028777,16.06020007157909,110,"{'v_gene': [('human', 'TRAV12-3*01'), 0.967391304347826], 'j_gene': [('human', 'TRAJ12*01'), 1.0]}","{'v_gene': [('human', 'TRBV12-4*01'), 0.9895833333333334], 'j_gene': [('human', 'TRBJ2-4*01'), 1.0]}",5c0b,unbound,/mnt/larry/lilian/DATA/TCR3d_datasets/expanded_benchmark_unbound_tcr_imgt/5c0b.pdb,TRAV12-3*01,0.967391304347826,TRAJ12*01,1.0,TRBV12-4*01,0.9895833333333334,TRBJ2-4*01,1.0,TRAV12-3*01-TRAJ12*01,TRBV12-4*01-TRBJ2-4*01,TRAV12-3*01-TRAJ12*01|TRBV12-4*01-TRBJ2-4*01,paired_unbound,TRAV12-3*01-TRAJ12*01|TRBV12-4*01-TRBJ2-4*01,TRAV12-3*01-TRAJ12*01|TRBV12-4*01-TRBJ2-4*01,-1.368389773260876,-1.0586314771914314
-72.3626216193254,102.00863165544291,-108.54367995190402,-161.93536282753317,151.594234901424,25.99120163990645,165.1047175982535,15.987485364975068,110,156.81443767651865,16.060377049533383,110,"{'v_gene': [('human', 'TRAV12-3*01'), 0.967391304347826], 'j_gene': [('human', 'TRAJ12*01'), 1.0]}","{'v_gene': [('human', 'TRBV12-4*01'), 0.9895833333333334], 'j_gene': [('human', 'TRBJ2-4*01'), 1.0]}",5c0c,unbound,/mnt/larry/lilian/DATA/TCR3d_datasets/expanded_benchmark_unbound_tcr_imgt/5c0c.pdb,TRAV12-3*01,0.967391304347826,TRAJ12*01,1.0,TRBV12-4*01,0.9895833333333334,TRBJ2-4*01,1.0,TRAV12-3*01-TRAJ12*01,TRBV12-4*01-TRBJ2-4*01,TRAV12-3*01-TRAJ12*01|TRBV12-4*01-TRBJ2-4*01,paired_unbound,TRAV12-3*01-TRAJ12*01|TRBV12-4*01-TRBJ2-4*01,TRAV12-3*01-TRAJ12*01|TRBV12-4*01-TRBJ2-4*01,-1.3681521083019734,-1.0586111661572626
-68.15989606556151,105.14339284149798,-106.2897945249038,-159.4890642695957,151.3854594214091,25.755379254917827,178.04853890557013,15.461280657417715,109,158.9234833599943,16.897569837471533,110,"{'v_gene': [('human', 'TRAV27*01'), 0.978021978021978], 'j_gene': [('human', 'TRAJ42*01'), 1.0]}","{'v_gene': [('human', 'TRBV19*01'), 0.968421052631579], 'j_gene': [('human', 'TRBJ2-7*01'), 1.0]}",5hhm,unbound,/mnt/larry/lilian/DATA/TCR3d_datasets/expanded_benchmark_unbound_tcr_imgt/5hhm.pdb,TRAV27*01,0.978021978021978,TRAJ42*01,1.0,TRBV19*01,0.968421052631579,TRBJ2-7*01,1.0,TRAV27*01-TRAJ42*01,TRBV19*01-TRBJ2-7*01,TRAV27*01-TRAJ42*01|TRBV19*01-TRBJ2-7*01,paired_unbound,TRAV27*01-TRAJ42*01|TRBV19*01-TRBJ2-7*01,TRAV27*01-TRAJ42*01|TRBV19*01-TRBJ2-7*01,-0.08640580141425849,-1.0473533379950053
-72.36262632223008,102.00854877911581,-108.54340513997508,-161.93545652593215,151.59423920914423,25.991142729104112,165.11173984084155,15.987837216078027,110,156.813688515668,16.060385742753848,110,"{'v_gene': [('human', 'TRAV12-3*01'), 0.967391304347826], 'j_gene': [('human', 'TRAJ12*01'), 1.0]}","{'v_gene': [('human', 'TRBV12-4*01'), 0.9895833333333334], 'j_gene': [('human', 'TRBJ2-4*01'), 1.0]}",5hyj,unbound,/mnt/larry/lilian/DATA/TCR3d_datasets/expanded_benchmark_unbound_tcr_imgt/5hyj.pdb,TRAV12-3*01,0.967391304347826,TRAJ12*01,1.0,TRBV12-4*01,0.9895833333333334,TRBJ2-4*01,1.0,TRAV12-3*01-TRAJ12*01,TRBV12-4*01-TRBJ2-4*01,TRAV12-3*01-TRAJ12*01|TRBV12-4*01-TRBJ2-4*01,paired_unbound,TRAV12-3*01-TRAJ12*01|TRBV12-4*01-TRBJ2-4*01,TRAV12-3*01-TRAJ12*01|TRBV12-4*01-TRBJ2-4*01,-1.3682153972846522,-1.0586629806721932
-66.58935233369155,106.68501928711015,-105.81725625527125,-157.29017930432127,150.92753248463168,26.76203795125665,148.43159630168464,16.730014038574723,111,165.98962159826203,14.960673816850369,109,"{'v_gene': [('mouse', 'TRAV14-3*05'), 0.989247311827957], 'j_gene': [('mouse', 'TRAJ38*01'), 1.0]}","{'v_gene': [('mouse', 'TRBV29*01'), 0.968421052631579], 'j_gene': [('mouse', 'TRBJ1-1*01'), 1.0]}",5ivx,unbound,/mnt/larry/lilian/DATA/TCR3d_datasets/expanded_benchmark_unbound_tcr_imgt/5ivx.pdb,TRAV14-3*05,0.989247311827957,TRAJ38*01,1.0,TRBV29*01,0.968421052631579,TRBJ1-1*01,1.0,TRAV14-3*05-TRAJ38*01,TRBV29*01-TRBJ1-1*01,TRAV14-3*05-TRAJ38*01|TRBV29*01-TRBJ1-1*01,paired_unbound,TRAV14-3*05-TRAJ38*01|TRBV29*01-TRBJ1-1*01,TRAV14-3*05-TRAJ38*01|TRBV29*01-TRBJ1-1*01,2.026123438905074,-0.6907596748097662
-66.70214527750929,103.51289271118691,-112.04409660136912,-158.3944880205832,146.16990005700228,25.80732736898503,151.70652271967185,16.114118465092343,110,161.06208645519894,17.385936544682714,110,"{'v_gene': [('human', 'TRAV12-2*01'), 0.9347826086956522], 'j_gene': [('human', 'TRAJ41*01'), 1.0]}","{'v_gene': [('human', 'TRBV5-6*01'), 0.9789473684210527], 'j_gene': [('human', 'TRBJ2-7*01'), 1.0]}",5nme,unbound,/mnt/larry/lilian/DATA/TCR3d_datasets/expanded_benchmark_unbound_tcr_imgt/5nme.pdb,TRAV12-2*01,0.9347826086956522,TRAJ41*01,1.0,TRBV5-6*01,0.9789473684210528,TRBJ2-7*01,1.0,TRAV12-2*01-TRAJ41*01,TRBV5-6*01-TRBJ2-7*01,TRAV12-2*01-TRAJ41*01|TRBV5-6*01-TRBJ2-7*01,paired_unbound,TRAV12-2*01-TRAJ41*01|TRBV5-6*01-TRBJ2-7*01,TRAV12-2*01-TRAJ41*01|TRBV5-6*01-TRBJ2-7*01,-0.5086196407632267,1.1054835211102618
-66.70206395437917,103.51258452158663,-112.04378347520893,-158.39454903250942,146.17012611448104,25.807367501934767,151.71584934263626,16.114334465434137,110,161.05473915719898,17.386304643293293,110,"{'v_gene': [('human', 'TRAV12-2*01'), 0.9347826086956522], 'j_gene': [('human', 'TRAJ41*01'), 1.0]}","{'v_gene': [('human', 'TRBV5-6*01'), 0.9789473684210527], 'j_gene': [('human', 'TRBJ2-7*01'), 1.0]}",5nmf,unbound,/mnt/larry/lilian/DATA/TCR3d_datasets/expanded_benchmark_unbound_tcr_imgt/5nmf.pdb,TRAV12-2*01,0.9347826086956522,TRAJ41*01,1.0,TRBV5-6*01,0.9789473684210528,TRBJ2-7*01,1.0,TRAV12-2*01-TRAJ41*01,TRBV5-6*01-TRBJ2-7*01,TRAV12-2*01-TRAJ41*01|TRBV5-6*01-TRBJ2-7*01,paired_unbound,TRAV12-2*01-TRAJ41*01|TRBV5-6*01-TRBJ2-7*01,TRAV12-2*01-TRAJ41*01|TRBV5-6*01-TRBJ2-7*01,-0.508621944010923,1.10541459524951
-66.7018475567031,103.51297787839394,-112.04406892579463,-158.39438554864682,146.16980972654164,25.807333697409817,151.7036362864311,16.114598694080666,110,161.06770988447647,17.385994764454075,110,"{'v_gene': [('human', 'TRAV12-2*01'), 0.9347826086956522], 'j_gene': [('human', 'TRAJ41*01'), 1.0]}","{'v_gene': [('human', 'TRBV5-6*01'), 0.9789473684210527], 'j_gene': [('human', 'TRBJ2-7*01'), 1.0]}",5nmg,unbound,/mnt/larry/lilian/DATA/TCR3d_datasets/expanded_benchmark_unbound_tcr_imgt/5nmg.pdb,TRAV12-2*01,0.9347826086956522,TRAJ41*01,1.0,TRBV5-6*01,0.9789473684210528,TRBJ2-7*01,1.0,TRAV12-2*01-TRAJ41*01,TRBV5-6*01-TRBJ2-7*01,TRAV12-2*01-TRAJ41*01|TRBV5-6*01-TRBJ2-7*01,paired_unbound,TRAV12-2*01-TRAJ41*01|TRBV5-6*01-TRBJ2-7*01,TRAV12-2*01-TRAJ41*01|TRBV5-6*01-TRBJ2-7*01,-0.5085556347449411,1.105533718351285
-67.59753725496849,104.4895765006761,-111.1264431342696,-158.4939229398332,149.82035025888717,26.006220480429924,146.1449452489536,13.055420528309474,113,165.68738990237557,14.284256098291111,109,"{'v_gene': [('human', 'TRAV12-2*01'), 0.9782608695652174], 'j_gene': [('human', 'TRAJ23*01'), 1.0]}","{'v_gene': [('human', 'TRBV6-4*01'), 0.9894736842105263], 'j_gene': [('human', 'TRBJ1-1*01'), 1.0]}",6amu,unbound,/mnt/larry/lilian/DATA/TCR3d_datasets/expanded_benchmark_unbound_tcr_imgt/6amu.pdb,TRAV12-2*01,0.9782608695652174,TRAJ23*01,1.0,TRBV6-4*01,0.9894736842105264,TRBJ1-1*01,1.0,TRAV12-2*01-TRAJ23*01,TRBV6-4*01-TRBJ1-1*01,TRAV12-2*01-TRAJ23*01|TRBV6-4*01-TRBJ1-1*01,paired_unbound,TRAV12-2*01-TRAJ23*01|TRBV6-4*01-TRBJ1-1*01,TRAV12-2*01-TRAJ23*01|TRBV6-4*01-TRBJ1-1*01,-0.34198790220508285,0.09234651962559177
-67.24633637090321,108.01873114365168,-99.985334004629,-155.9405097513424,152.90854405705136,26.67466862500945,124.15919148054763,19.31268414137553,111,-177.67728896847828,17.032729720107884,110,"{'v_gene': [('human', 'TRAV4*01'), 0.9782608695652174], 'j_gene': [('human', 'TRAJ21*01'), 1.0]}","{'v_gene': [('human', 'TRBV28*01'), 0.968421052631579], 'j_gene': [('human', 'TRBJ2-3*01'), 1.0]}",6avf,unbound,/mnt/larry/lilian/DATA/TCR3d_datasets/expanded_benchmark_unbound_tcr_imgt/6avf.pdb,TRAV4*01,0.9782608695652174,TRAJ21*01,1.0,TRBV28*01,0.968421052631579,TRBJ2-3*01,1.0,TRAV4*01-TRAJ21*01,TRBV28*01-TRBJ2-3*01,TRAV4*01-TRAJ21*01|TRBV28*01-TRBJ2-3*01,paired_unbound,TRAV4*01-TRAJ21*01|TRBV28*01-TRBJ2-3*01,TRAV4*01-TRAJ21*01|TRBV28*01-TRBJ2-3*01,3.150445158573347,-2.2331577151037885
-74.72141103312204,104.93766695977831,-108.42840500214338,-162.5884678104151,147.87104425593202,25.37977507428381,168.72593086154677,15.12127766153978,109,129.0628413813622,16.28210371785563,112,"{'v_gene': [('human', 'TRAV24*01'), 0.9891304347826086], 'j_gene': [('human', 'TRAJ17*01'), 1.0]}","{'v_gene': [('human', 'TRBV2*01'), 0.9791666666666666], 'j_gene': [('human', 'TRBJ2-1*01'), 1.0]}",6cql,unbound,/mnt/larry/lilian/DATA/TCR3d_datasets/expanded_benchmark_unbound_tcr_imgt/6cql.pdb,TRAV24*01,0.9891304347826086,TRAJ17*01,1.0,TRBV2*01,0.9791666666666666,TRBJ2-1*01,1.0,TRAV24*01-TRAJ17*01,TRBV2*01-TRBJ2-1*01,TRAV24*01-TRAJ17*01|TRBV2*01-TRBJ2-1*01,paired_unbound,TRAV24*01-TRAJ17*01|TRBV2*01-TRBJ2-1*01,TRAV24*01-TRAJ17*01|TRBV2*01-TRBJ2-1*01,-1.1983773699166749,-0.6929810506936693
-74.72189594780019,104.9376496496904,-108.42816736330352,-162.58847820662172,147.87133523783086,25.37978774135692,168.7371667135256,15.121401474286072,109,129.0707826946296,16.28177092833275,112,"{'v_gene': [('human', 'TRAV24*01'), 0.9891304347826086], 'j_gene': [('human', 'TRAJ17*01'), 1.0]}","{'v_gene': [('human', 'TRBV2*01'), 0.9791666666666666], 'j_gene': [('human', 'TRBJ2-1*01'), 1.0]}",6cqq,unbound,/mnt/larry/lilian/DATA/TCR3d_datasets/expanded_benchmark_unbound_tcr_imgt/6cqq.pdb,TRAV24*01,0.9891304347826086,TRAJ17*01,1.0,TRBV2*01,0.9791666666666666,TRBJ2-1*01,1.0,TRAV24*01-TRAJ17*01,TRBV2*01-TRBJ2-1*01,TRAV24*01-TRAJ17*01|TRBV2*01-TRBJ2-1*01,paired_unbound,TRAV24*01-TRAJ17*01|TRBV2*01-TRBJ2-1*01,TRAV24*01-TRAJ17*01|TRBV2*01-TRBJ2-1*01,-1.198370169709832,-0.6931436467124075
-74.72182533120987,104.93751036846498,-108.4282675373628,-162.58842361745172,147.87130191325463,25.379824912885468,168.7366927518391,15.12164560497804,109,129.06219644718567,16.282218742240612,112,"{'v_gene': [('human', 'TRAV24*01'), 0.9891304347826086], 'j_gene': [('human', 'TRAJ17*01'), 1.0]}","{'v_gene': [('human', 'TRBV2*01'), 0.9791666666666666], 'j_gene': [('human', 'TRBJ2-1*01'), 1.0]}",6cqr,unbound,/mnt/larry/lilian/DATA/TCR3d_datasets/expanded_benchmark_unbound_tcr_imgt/6cqr.pdb,TRAV24*01,0.9891304347826086,TRAJ17*01,1.0,TRBV2*01,0.9791666666666666,TRBJ2-1*01,1.0,TRAV24*01-TRAJ17*01,TRBV2*01-TRBJ2-1*01,TRAV24*01-TRAJ17*01|TRBV2*01-TRBJ2-1*01,paired_unbound,TRAV24*01-TRAJ17*01|TRBV2*01-TRBJ2-1*01,TRAV24*01-TRAJ17*01|TRBV2*01-TRBJ2-1*01,-1.1983567052354684,-0.6931050586614977
-65.58961225017947,104.65051939251111,-110.2570632210376,-161.51083775441674,145.9001501883016,25.92193496551372,151.37615909807147,13.850545295727994,109,174.89277106816292,20.014029105997203,111,"{'v_gene': [('human', 'TRAV12-2*01'), 0.9347826086956522], 'j_gene': [('human', 'TRAJ27*01'), 0.8571428571428571]}","{'v_gene': [('human', 'TRBV30*02'), 0.9468085106382979], 'j_gene': [('human', 'TRBJ2-2*01'), 0.7692307692307693]}",6eqb,unbound,/mnt/larry/lilian/DATA/TCR3d_datasets/expanded_benchmark_unbound_tcr_imgt/6eqb.pdb,TRAV12-2*01,0.9347826086956522,TRAJ27*01,0.8571428571428571,TRBV30*02,0.946808510638298,TRBJ2-2*01,0.7692307692307693,TRAV12-2*01-TRAJ27*01,TRBV30*02-TRBJ2-2*01,TRAV12-2*01-TRAJ27*01|TRBV30*02-TRBJ2-2*01,paired_unbound,TRAV12-2*01-TRAJ27*01|TRBV30*02-TRBJ2-2*01,TRAV12-2*01-TRAJ27*01|TRBV30*02-TRBJ2-2*01,-0.3211368382409075,1.3435357741327503
