PC1,PC2,germline_4tuple,tcr_name
1.7933825862746176,0.9419394170173363,TRAV12-2*01|TRAJ24*02|TRBV6-5*01|TRBJ2-7*01,1ao7_DE_aho
-3.7697271726285617,3.821676635262152,TRAV14D-2*01|TRAJ4*02|TRBV13-2*01|TRBJ2-1*01,1bwm_AA_aho
-1.0676460447072338,-0.9857264414793279,TRAV14D-2*01|TRAJ4*02|TRBV13-2*01|TRBJ2-1*01,1d9k_AB_aho
-1.7190435251632394,-0.8410401855348337,TRAV14D-2*01|TRAJ4*02|TRBV13-2*01|TRBJ2-1*01,1d9k_EF_aho
-1.812635844337417,0.8939918049273946,TRAV8-4*01|TRAJ48*01|TRBV28*01|TRBJ1-2*01,1fyt_DE_aho
-0.4204758505649892,-0.01595787809537834,TRAV9-4*01|TRAJ35*02|TRBV13-2*01|TRBJ2-4*01,1g6r_AB_aho
-0.6264308764659527,-0.07198450825420509,TRAV9-4*01|TRAJ35*02|TRBV13-2*01|TRBJ2-4*01,1g6r_CD_aho
-3.0970943385561243,6.048461690338604,TRAV8-4*01|TRAJ48*01|TRBV28*01|TRBJ1-2*01,1j8h_DE_aho
-1.2072742709119668,-0.4518823380352345,TRAV14D-1*01|TRAJ15*01|TRBV1*01|TRBJ2-3*01,1kb5_AB_aho
1.6957652080766539,-0.9111145985862771,TRAV26-2*01|TRAJ52*01|TRBV7-8*01|TRBJ2-7*01,1kgc_DE_aho
-3.826948876842048,5.801242124544984,TRAV14D-1*01|TRAJ15*01|TRBV1*01|TRBJ2-3*01,1kj2_AB_aho
-3.3456802638424326,5.9798838367265645,TRAV14D-1*01|TRAJ15*01|TRBV1*01|TRBJ2-3*01,1kj2_DE_aho
-1.3005319581740902,-1.146566973389939,TRAV12-2*02|TRAJ50*01|TRBV13-3*01|TRBJ2-7*01,1lp9_EF_aho
-1.1811221381437063,-1.1877917552768076,TRAV12-2*02|TRAJ50*01|TRBV13-3*01|TRBJ2-7*01,1lp9_LM_aho
1.7829965385461326,-1.1284700730205137,TRAV26-2*01|TRAJ52*01|TRBV7-8*01|TRBJ2-7*01,1mi5_DE_aho
-0.5123890191208259,-0.09328040981828475,TRAV9-4*01|TRAJ35*02|TRBV13-2*01|TRBJ2-4*01,1mwa_AB_aho
-0.9773481816351023,0.02274944087593658,TRAV9-4*01|TRAJ35*02|TRBV13-2*01|TRBJ2-4*01,1mwa_CD_aho
0.3120370781432598,1.092141786022853,TRAV12-1*06|TRAJ40*01|TRBV12-1*01|TRBJ2-7*01,1nfd_AB_aho
0.26079080552263895,0.9489590895459457,TRAV12-1*06|TRAJ40*01|TRBV12-1*01|TRBJ2-7*01,1nfd_CD_aho
0.9564400972562697,0.5700336667075016,TRAV27*01|TRAJ42*01|TRBV19*01|TRBJ2-7*01,1oga_DE_aho
1.3702213576479072,0.7859362066848768,TRAV12-2*01|TRAJ24*02|TRBV6-5*01|TRBJ2-7*01,1qrn_DE_aho
1.1555671785313433,0.6720958563874235,TRAV12-2*01|TRAJ24*02|TRBV6-5*01|TRBJ2-7*01,1qse_DE_aho
0.7467047999181637,0.5805782677773588,TRAV12-2*01|TRAJ24*02|TRBV6-5*01|TRBJ2-7*01,1qsf_DE_aho
-0.7168533488925175,-0.2560571482995385,TRAV9-4*01|TRAJ35*02|TRBV13-2*01|TRBJ2-4*01,1tcr_AB_aho
-0.7298593493886688,-1.0731046484927191,TRAV14-3*01|TRAJ13*01|TRBV13-2*01|TRBJ2-7*01,1u3h_AB_aho
-0.8098903178932001,-0.8987047639581994,TRAV14-3*01|TRAJ13*01|TRBV13-2*01|TRBJ2-7*01,1u3h_EF_aho
0.02691694081731426,0.7403684655386782,TRAV9-2*01|TRAJ12*01|TRBV5-1*01|TRBJ1-1*01,1zgl_MP_aho
-0.08300364714301518,0.6466069937154352,TRAV9-2*01|TRAJ12*01|TRBV5-1*01|TRBJ1-1*01,1zgl_QR_aho
-0.07375977823851121,0.5142362613260979,TRAV9-2*01|TRAJ12*01|TRBV5-1*01|TRBJ1-1*01,1zgl_ST_aho
0.15862618209900844,0.5684124293422999,TRAV9-2*01|TRAJ12*01|TRBV5-1*01|TRBJ1-1*01,1zgl_UV_aho
-0.9716767974548316,0.924130664903443,TRAV19*01|TRAJ34*01|TRBV6-1*01|TRBJ2-7*01,2ak4_DE_aho
-0.8583050219518771,1.036586129441434,TRAV19*01|TRAJ34*01|TRBV6-1*01|TRBJ2-7*01,2ak4_IJ_aho
-1.2946822845923653,1.484525847171733,TRAV19*01|TRAJ34*01|TRBV6-1*01|TRBJ2-7*01,2ak4_NP_aho
2.140793074227066,1.8841007699984043,TRAV21*01|TRAJ6*01|TRBV6-5*01|TRBJ2-2*01,2bnq_DE_aho
1.883273633453482,1.8227422188710865,TRAV21*01|TRAJ6*01|TRBV6-5*01|TRBJ2-2*01,2bnr_DE_aho
0.29342343123918513,1.2681405217268003,TRAV21*01|TRAJ6*01|TRBV6-5*01|TRBJ2-2*01,2bnu_AB_aho
2.416287211657499,0.4660208712866454,TRAV10*01|TRAJ18*01|TRBV25-1*01|TRBJ2-7*01,2cde_AB_aho
2.07197575773884,0.9507521328607361,TRAV10*01|TRAJ18*01|TRBV25-1*01|TRBJ2-7*01,2cde_CD_aho
1.691631618141706,0.46945367967019075,TRAV10*01|TRAJ18*01|TRBV25-1*01|TRBJ2-7*01,2cde_EF_aho
0.02773581899536047,-1.0407180520828514,TRAV27*01|TRAJ18*01|TRBV25-1*01|TRBJ1-4*01,2cdf_AB_aho
-0.8662378813791125,-0.23010893953648637,TRAV9-4*01|TRAJ35*02|TRBV13-2*01|TRBJ2-4*01,2ckb_AB_aho
-1.144724444551473,-0.20036788594417043,TRAV9-4*01|TRAJ35*02|TRBV13-2*01|TRBJ2-4*01,2ckb_CD_aho
0.4983089491162509,0.12580113045899993,TRAV9-4*01|TRAJ35*02|TRBV13-2*01|TRBJ2-4*01,2e7l_AD_aho
0.5249819604436446,-0.1055122559400251,TRAV9-4*01|TRAJ35*02|TRBV13-2*01|TRBJ2-4*01,2e7l_BC_aho
3.6743086831678626,-0.7560056780719899,TRAV26-1*01|TRAJ37*01|TRBV14*01|TRBJ2-3*01,2esv_DE_aho
2.608272241777793,1.333797219527719,TRAV10*01|TRAJ18*01|TRBV25-1*01|TRBJ2-7*01,2eyr_AB_aho
2.639748541871007,1.0725785897526823,TRAV10*01|TRAJ18*01|TRBV25-1*01|TRBJ2-7*01,2eys_AB_aho
0.4172864367892738,-0.36103482832979145,TRAV10*01|TRAJ18*01|TRBV25-1*01|TRBJ2-7*01,2eyt_AB_aho
1.2085587814485088,0.12658684257085995,TRAV10*01|TRAJ18*01|TRBV25-1*01|TRBJ2-7*01,2eyt_CD_aho
2.502890637206408,2.253288889251371,TRAV21*01|TRAJ6*01|TRBV6-5*01|TRBJ2-2*01,2f53_DE_aho
2.8003453704114305,2.198110043895297,TRAV21*01|TRAJ6*01|TRBV6-5*01|TRBJ2-2*01,2f54_DE_aho
1.772885218337062,1.4374140269963216,TRAV21*01|TRAJ6*01|TRBV6-5*01|TRBJ2-2*01,2f54_KL_aho
0.774577218833898,0.579007827698869,TRAV12-2*01|TRAJ24*02|TRBV6-5*01|TRBJ2-7*01,2gj6_DE_aho
0.1688281506436162,0.132591653002581,TRAV22*01|TRAJ54*01|TRBV6-6*01|TRBJ1-3*01,2ial_AB_aho
-0.756845634668329,0.12331762517419878,TRAV22*01|TRAJ54*01|TRBV6-6*01|TRBJ1-3*01,2ial_CD_aho
1.411235348720075,1.6395826463708871,TRAV22*01|TRAJ54*01|TRBV6-6*01|TRBJ1-3*01,2iam_CD_aho
0.7573636318156111,1.3701894359202884,TRAV22*01|TRAJ54*01|TRBV6-6*01|TRBJ1-3*01,2ian_DE_aho
0.8484532642734793,1.392638259224192,TRAV22*01|TRAJ54*01|TRBV6-6*01|TRBJ1-3*01,2ian_IJ_aho
1.4056387286339542,1.7047773754119644,TRAV22*01|TRAJ54*01|TRBV6-6*01|TRBJ1-3*01,2ian_NO_aho
1.3465424141252575,1.6120910905521906,TRAV22*01|TRAJ54*01|TRBV6-6*01|TRBJ1-3*01,2ian_ST_aho
-0.007797161836348002,-0.1966440254421184,TRAV9-4*01|TRAJ35*02|TRBV13-2*01|TRBJ2-4*01,2icw_IJ_aho
-0.05409356424974349,-0.2695062386903502,TRAV9-4*01|TRAJ35*02|TRBV13-2*01|TRBJ2-4*01,2icw_KL_aho
-1.0921949514608602,-1.03111487116231,TRAV12-2*02|TRAJ50*01|TRBV13-3*01|TRBJ2-7*01,2j8u_EF_aho
-1.029921337877987,-1.0361266802224172,TRAV12-2*02|TRAJ50*01|TRBV13-3*01|TRBJ2-7*01,2j8u_LM_aho
-1.1753109064103413,-1.0357230365330579,TRAV12-2*02|TRAJ50*01|TRBV13-3*01|TRBJ2-7*01,2jcc_EF_aho
-1.0143824551472018,-0.9142432852674025,TRAV12-2*02|TRAJ50*01|TRBV13-3*01|TRBJ2-7*01,2jcc_LM_aho
-0.20504636107198054,-0.43376908908491457,TRAV1-2*01|TRAJ6*01|TRBV10-3*01|TRBJ1-5*01,2nx5_DE_aho
-0.08453850976319915,-0.5936980792809817,TRAV1-2*01|TRAJ6*01|TRBV10-3*01|TRBJ1-5*01,2nx5_IJ_aho
-0.2792078937638773,-0.8192082239968718,TRAV1-2*01|TRAJ6*01|TRBV10-3*01|TRBJ1-5*01,2nx5_NP_aho
0.09754020919031807,-0.492160777868595,TRAV1-2*01|TRAJ6*01|TRBV10-3*01|TRBJ1-5*01,2nx5_TU_aho
0.05026935949075685,-0.35021578416303023,TRAV9-4*01|TRAJ35*02|TRBV13-2*01|TRBJ2-4*01,2oi9_BC_aho
2.167595556988496,2.1666631174377704,TRAV21*01|TRAJ6*01|TRBV6-5*01|TRBJ2-2*01,2p5e_DE_aho
2.6718445623303744,2.4251669272802903,TRAV21*01|TRAJ6*01|TRBV6-5*01|TRBJ2-2*01,2p5w_DE_aho
1.9209691016538715,-0.4899979820797331,TRAV10*01|TRAJ18*01|TRBV25-1*01|TRBJ2-7*01,2po6_CD_aho
1.7017329530975125,-0.5358333353524709,TRAV10*01|TRAJ18*01|TRBV25-1*01|TRBJ2-7*01,2po6_GH_aho
-1.6711692327046592,-1.5615867624443653,TRAV6D-7*01|TRAJ48*01|TRBV13-2*01|TRBJ2-3*01,2pxy_AB_aho
2.684222912011411,2.380197395601036,TRAV21*01|TRAJ6*01|TRBV6-5*01|TRBJ2-2*01,2pye_DE_aho
0.5788861787903697,0.8774934849300564,TRAV21*01|TRAJ6*01|TRBV6-5*01|TRBJ2-2*01,2pyf_AB_aho
-0.5073095899724683,-0.37067915715318295,TRAV11*02|TRAJ18*01|TRBV13-2*01|TRBJ2-4*01,2q86_AB_aho
-0.8100191078184897,0.9058370722672108,TRAV11*02|TRAJ18*01|TRBV13-2*01|TRBJ2-4*01,2q86_CD_aho
-1.2000820557788328,-1.1236491691238522,TRAV12-2*02|TRAJ50*01|TRBV13-3*01|TRBJ2-7*01,2uwe_EF_aho
-1.1878541671724838,-1.093132293450923,TRAV12-2*02|TRAJ50*01|TRBV13-3*01|TRBJ2-7*01,2uwe_LM_aho
0.7942511245205477,1.0115848008497363,TRAV27*01|TRAJ42*01|TRBV19*01|TRBJ2-7*01,2vlj_DE_aho
1.115350954655573,0.8446659829389506,TRAV27*01|TRAJ42*01|TRBV19*01|TRBJ2-7*01,2vlk_DE_aho
-0.40148836298610296,-0.8718075584774023,TRAV27*01|TRAJ42*01|TRBV19*01|TRBJ2-7*01,2vlm_DE_aho
1.3207150467969448,0.7919252338816669,TRAV27*01|TRAJ42*01|TRBV19*01|TRBJ2-7*01,2vlr_DE_aho
1.5870646578425913,0.8707010315269552,TRAV27*01|TRAJ42*01|TRBV19*01|TRBJ2-7*01,2vlr_IJ_aho
-1.2577996607387125,-0.8504424636420228,TRAV27*01|TRAJ42*01|TRBV19*01|TRBJ2-7*01,2xn9_AB_aho
0.6180480451072072,0.3785290140430661,TRAV27*01|TRAJ42*01|TRBV19*01|TRBJ2-7*01,2xna_AB_aho
0.6847740622072525,-1.2053591660274647,TRAV5*01|TRAJ13*01|TRBV19*01|TRBJ1-2*01,2ypl_DE_aho
-1.9494015861220733,-1.4420809022849082,TRAV6D-7*01|TRAJ48*01|TRBV13-2*01|TRBJ2-4*01,2z31_AB_aho
-2.4374592130611528,-1.075545637968224,TRAV6D-7*01|TRAJ48*01|TRBV13-2*01|TRBJ2-3*01,2z35_AB_aho
-1.681092452615825,-0.7472729915039652,TRAV6D-7*04|TRAJ34*02|TRBV13-3*01|TRBJ1-3*01,3c5z_AB_aho
-1.692627366058632,-0.7532915184176101,TRAV6D-7*04|TRAJ34*02|TRBV13-3*01|TRBJ1-3*01,3c5z_EF_aho
-1.4874233516901836,-0.7060418953051609,TRAV6-3*01|TRAJ13*01|TRBV13-2*01|TRBJ2-4*01,3c60_AB_aho
-1.476420825178671,-0.693435346821753,TRAV6-3*01|TRAJ13*01|TRBV13-2*01|TRBJ2-4*01,3c60_EF_aho
-1.1667023481552679,-0.2181285013960989,TRAV14-2*02|TRAJ31*01|TRBV13-2*01|TRBJ2-7*01,3c6l_AB_aho
-1.143823819282087,-0.21262441618457673,TRAV14-2*02|TRAJ31*01|TRBV13-2*01|TRBJ2-7*01,3c6l_EF_aho
1.2325819035018741,0.742539875044084,TRAV12-2*01|TRAJ24*02|TRBV6-5*01|TRBJ2-7*01,3d39_DE_aho
1.1647993226616495,0.6956576015048873,TRAV12-2*01|TRAJ24*02|TRBV6-5*01|TRBJ2-7*01,3d3v_DE_aho
2.717507058182483,0.8322135267406076,TRAV26-1*02|TRAJ13*02|TRBV7-9*01|TRBJ2-1*01,3dx9_AB_aho
2.6040695715666207,0.9043358475393497,TRAV26-1*02|TRAJ13*02|TRBV7-9*01|TRBJ2-1*01,3dx9_CD_aho
2.9057469532316196,-0.5391044349748458,TRAV26-1*02|TRAJ13*02|TRBV7-9*01|TRBJ2-1*01,3dxa_DE_aho
3.497922030903574,-0.3960237384871512,TRAV26-1*02|TRAJ13*02|TRBV7-9*01|TRBJ2-1*01,3dxa_IJ_aho
3.099456034970455,-0.5852047320775643,TRAV26-1*02|TRAJ13*02|TRBV7-9*01|TRBJ2-1*01,3dxa_NO_aho
-0.2162801371829128,-0.3036878038422727,TRAV9-4*01|TRAJ35*02|TRBV13-2*01|TRBJ2-4*01,3e2h_BC_aho
0.46224062758192747,-0.1601671361989324,TRAV9-4*01|TRAJ35*02|TRBV13-2*01|TRBJ2-4*01,3e3q_CF_aho
0.5520445080909605,-0.16729152867002042,TRAV9-4*01|TRAJ35*02|TRBV13-2*01|TRBJ2-4*01,3e3q_IJ_aho
0.611969764304998,-0.08996079273768677,TRAV9-4*01|TRAJ35*02|TRBV13-2*01|TRBJ2-4*01,3e3q_MN_aho
0.6728121360157244,0.08150450432331947,TRAV9-4*01|TRAJ35*02|TRBV13-2*01|TRBJ2-4*01,3e3q_RS_aho
0.4006768012353406,-0.047153888354623995,TRAV9-4*01|TRAJ35*02|TRBV13-2*01|TRBJ2-4*01,3e3q_VW_aho
0.5439453216834951,0.027622307396536455,TRAV9-4*01|TRAJ35*02|TRBV13-2*01|TRBJ2-4*01,3e3q_Za_aho
0.5833542905431061,0.006112683898255958,TRAV9-4*01|TRAJ35*02|TRBV13-2*01|TRBJ2-4*01,3e3q_de_aho
-0.4303038888184755,-0.24910111119193543,TRAV24*01|TRAJ49*01|TRBV6-5*01|TRBJ1-2*01,3gsn_AB_aho
0.8044571594033039,0.5851208808406624,TRAV12-2*01|TRAJ24*02|TRBV6-5*01|TRBJ2-7*01,3h9s_DE_aho
1.3155309213486222,-0.7981727635909743,TRAV11*02|TRAJ18*01|TRBV29*01|TRBJ2-5*01,3he7_CD_aho
-0.807114028401531,0.2939814308129972,TRAV12-2*01|TRAJ27*01|TRBV30*02|TRBJ2-2*01,3hg1_DE_aho
1.5218773887353485,0.4809400248018468,TRAV10*01|TRAJ18*01|TRBV25-1*01|TRBJ2-7*01,3huj_GH_aho
3.4934056132042537,-0.8152531730814643,TRAV26-2*01|TRAJ52*01|TRBV7-8*01|TRBJ2-7*01,3kpr_DE_aho
1.9717909985579363,-1.7782146680076425,TRAV26-2*01|TRAJ52*01|TRBV7-8*01|TRBJ2-7*01,3kpr_IJ_aho
2.9725879212249544,-0.9980351007879467,TRAV26-2*01|TRAJ52*01|TRBV7-8*01|TRBJ2-7*01,3kps_DE_aho
-1.2612722211055774,0.8373993457949944,TRAV19*01|TRAJ34*01|TRBV6-1*01|TRBJ2-7*01,3kxf_DE_aho
-1.3751816399912433,1.0897310245902774,TRAV19*01|TRAJ34*01|TRBV6-1*01|TRBJ2-7*01,3kxf_GH_aho
-1.1375784395787467,1.0157845128444656,TRAV19*01|TRAJ34*01|TRBV6-1*01|TRBJ2-7*01,3kxf_MO_aho
-1.1703896270228056,1.443781556849607,TRAV19*01|TRAJ34*01|TRBV6-1*01|TRBJ2-7*01,3kxf_NP_aho
-1.0454445418847165,0.864987178770304,TRAV4-2*01|TRAJ32*01|TRBV13-3*01|TRBJ1-3*01,3mbe_CD_aho
-0.9912808888361654,0.851935491031035,TRAV4-2*01|TRAJ32*01|TRBV13-3*01|TRBJ1-3*01,3mbe_GH_aho
-0.9763755221511006,-1.874133265271577,TRAV14-3*04|TRAJ52*01|TRBV29*01|TRBJ2-7*01,3mff_AB_aho
-1.1620593670750146,-1.793840054308661,TRAV14-3*04|TRAJ52*01|TRBV29*01|TRBJ2-7*01,3mff_CD_aho
-1.5405452125937311,0.09350941494481997,TRAV20*01|TRAJ18*01|TRBV9*01|TRBJ2-2*01,3mv7_DE_aho
-1.4466040650206355,0.08682659412759064,TRAV20*01|TRAJ18*01|TRBV9*02|TRBJ2-2*01,3mv8_DE_aho
-1.293102386490669,0.19459150671300138,TRAV20*01|TRAJ18*01|TRBV9*01|TRBJ2-2*01,3mv9_DE_aho
2.739089708629635,0.5824626782871378,TRAV26-2*01|TRAJ32*01|TRBV20-1*01|TRBJ1-6*01,3o6f_CD_aho
2.7952040212933054,0.03125419717137702,TRAV26-2*01|TRAJ32*01|TRBV20-1*01|TRBJ1-6*01,3o6f_GH_aho
-0.7387869430732417,0.275310986373722,TRAV11*02|TRAJ18*01|TRBV13-2*01|TRBJ2-5*01,3o8x_CD_aho
-0.6577135062962193,0.1175536883415706,TRAV11*02|TRAJ18*01|TRBV13-2*01|TRBJ2-5*01,3o9w_CD_aho
-1.0499568255179053,-0.5427542351106384,TRAV13-1*01|TRAJ48*01|TRBV7-3*01|TRBJ2-3*01,3pl6_CD_aho
3.6559709752158285,-0.2963077722880563,TRAV21/DV12*01|TRAJ53*01|TRBV29*01|TRBJ2-7*01,3pqy_DE_aho
3.829051186900052,-0.11213873207032411,TRAV21/DV12*01|TRAJ53*01|TRBV29*01|TRBJ2-7*01,3pqy_IJ_aho
3.7039112478359453,-0.2423646246659707,TRAV21/DV12*01|TRAJ53*01|TRBV29*01|TRBJ2-7*01,3pqy_NO_aho
3.8674456817774585,-0.0827495812343365,TRAV21/DV12*01|TRAJ53*01|TRBV29*01|TRBJ2-7*01,3pqy_ST_aho
1.2867992193429703,0.7261632139911689,TRAV12-2*01|TRAJ24*02|TRBV6-5*01|TRBJ2-7*01,3pwp_DE_aho
-0.8247142109694129,0.19458694151869446,TRAV12-2*01|TRAJ23*01|TRBV6-4*01|TRBJ1-1*01,3qdg_DE_aho
-0.9087583068794457,0.11110105913145296,TRAV12-2*01|TRAJ23*01|TRBV6-4*01|TRBJ1-1*01,3qdj_DE_aho
-0.366584861731654,0.1453142288354576,TRAV35*01|TRAJ49*01|TRBV10-3*01|TRBJ1-5*01,3qdm_DE_aho
-1.4568683045592548,-0.7645756085251577,TRAV35*01|TRAJ49*01|TRBV10-3*01|TRBJ1-5*01,3qeq_DE_aho
-0.8125497102019325,-0.053632240216134,TRAV12-2*01|TRAJ23*01|TRBV6-4*01|TRBJ1-1*01,3qeu_AB_aho
-0.955898043203779,0.6641715767080297,TRAV12-2*01|TRAJ23*01|TRBV6-4*01|TRBJ1-1*01,3qeu_DE_aho
0.8980237275937634,0.5550284027548004,TRAV12-2*01|TRAJ24*02|TRBV6-5*01|TRBJ2-7*01,3qfj_DE_aho
-1.1701019235851444,-0.18686291058884277,TRAV12-2*01|TRAJ24*02|TRBV6-5*01|TRBJ2-7*01,3qh3_AB_aho
-0.9574706720818388,-0.6032759489154065,TRAV11*02|TRAJ18*01|TRBV19*01|TRBJ1-1*01,3qi9_CD_aho
0.2668459777293665,-0.198932256817209,TRAV4-4/DV10*02|TRAJ56*01|TRBV26*01|TRBJ2-5*01,3qib_CD_aho
-0.30167196374823185,-0.06378123522178533,TRAV4D-4*03|TRAJ16*01|TRBV26*01|TRBJ1-2*01,3qiu_CD_aho
-0.15064191707479738,0.01812807973747433,TRAV4D-4*03|TRAJ16*01|TRBV26*01|TRBJ1-2*01,3qiw_CD_aho
-0.9004141655172425,0.35928742753748,TRAV11*02|TRAJ18*01|TRBV13-2*01|TRBJ2-5*01,3qux_CD_aho
-0.8542642816137891,0.31695688985203313,TRAV11*02|TRAJ18*01|TRBV13-2*01|TRBJ2-5*01,3quy_CD_aho
-0.7758084791167754,0.39816147876416746,TRAV11*02|TRAJ18*01|TRBV13-2*01|TRBJ2-5*01,3quz_CD_aho
-1.2032284724857276,-1.2178270785552774,TRAV14-3*04|TRAJ45*01|TRBV13-2*01|TRBJ2-4*01,3rdt_AB_aho
-0.3636582799544284,-0.22148862297093883,TRAV3*01|TRAJ29*01|TRBV6-5*01|TRBJ2-1*01,3rev_AB_aho
1.2134507253318638,0.2541317655102253,TRAV6-3*01|TRAJ13*01|TRBV13-2*01|TRBJ2-4*01,3rgv_AB_aho
-0.9637779618654838,0.3494243870326468,TRAV11*02|TRAJ18*01|TRBV13-2*01|TRBJ2-5*01,3rtq_CD_aho
0.1683000361359805,1.4521025313210858,TRAV13D-3*01|TRAJ50*01|TRBV13-3*01|TRBJ2-7*01,3rug_EF_aho
-0.23167788765365352,1.7610055145021577,TRAV13D-3*01|TRAJ50*01|TRBV13-3*01|TRBJ2-7*01,3rug_GH_aho
-1.0343264190396084,0.3940524744132453,TRAV11*02|TRAJ18*01|TRBV13-2*01|TRBJ2-5*01,3rzc_CD_aho
-1.0292486452454552,-0.6614917353544791,TRAV11*02|TRAJ18*01|TRBV19*01|TRBJ1-1*01,3scm_CD_aho
-0.8552012541544535,-0.5720128405805076,TRAV11*02|TRAJ18*01|TRBV19*01|TRBJ1-1*01,3sda_CD_aho
-1.1172461967863991,-0.6849015632008617,TRAV11*02|TRAJ18*01|TRBV19*01|TRBJ1-1*01,3sdc_CD_aho
-0.9821106266944913,-0.5958498398132291,TRAV11*02|TRAJ18*01|TRBV19*01|TRBJ1-1*01,3sdd_CD_aho
2.3880054484507234,0.13682411741550196,TRAV12-1*01|TRAJ23*01|TRBV6-2*01|TRBJ2-4*01,3sjv_DE_aho
0.7278938016306258,-0.15259464593341943,TRAV12-1*01|TRAJ23*01|TRBV6-2*01|TRBJ2-4*01,3sjv_IJ_aho
2.017074338220864,0.13123564251908412,TRAV12-1*01|TRAJ23*01|TRBV6-2*01|TRBJ2-4*01,3sjv_NO_aho
0.42454256658330725,-0.40002536812515554,TRAV12-1*01|TRAJ23*01|TRBV6-2*01|TRBJ2-4*01,3sjv_ST_aho
0.5153212285637603,-0.48817272081730056,TRAV12-1*01|TRAJ23*01|TRBV6-2*01|TRBJ2-4*01,3skn_AB_aho
-0.04110873204262922,-0.40237017641753975,TRAV12-1*01|TRAJ23*01|TRBV6-2*01|TRBJ2-4*01,3skn_CD_aho
1.3381346888070533,0.018727122690317656,TRAV12-1*01|TRAJ23*01|TRBV6-2*01|TRBJ2-4*01,3skn_EF_aho
1.1486857971694802,-0.3305228602483718,TRAV12-1*01|TRAJ23*01|TRBV6-2*01|TRBJ2-4*01,3skn_GH_aho
2.8202335070419173,0.1667885546834522,TRAV26-2*01|TRAJ32*01|TRBV20-1*01|TRBJ1-6*01,3t0e_CD_aho
-0.9162368721722314,0.41077240907112417,TRAV11*02|TRAJ18*01|TRBV13-2*01|TRBJ2-5*01,3ta3_CD_aho
0.4375727807920775,-0.7376003126496118,TRAV9D-3*01|TRAJ58*01|TRBV13-1*02|TRBJ2-2*01,3tf7_CC_aho
0.015345104335904473,-0.8961848902407745,TRAV9D-3*01|TRAJ58*01|TRBV13-1*02|TRBJ2-2*01,3tf7_GG_aho
0.2889397770823938,-0.59586258721557,TRAV9D-3*01|TRAJ58*01|TRBV13-1*02|TRBJ2-2*01,3tf7_II_aho
-0.6490244468399691,-0.7544502161911574,TRAV9D-3*01|TRAJ58*01|TRBV13-1*02|TRBJ2-2*01,3tfk_CD_aho
-0.010411305918394795,-0.39224802086380334,TRAV9D-3*01|TRAJ58*01|TRBV13-1*02|TRBJ2-2*01,3tjh_CD_aho
-3.38780559452923,5.954317002865226,TRAV11*02|TRAJ18*01|TRBV1*01|TRBJ2-2*01,3to4_CD_aho
1.2772346627354754,-0.47552909412700606,TRAV9D-3*01|TRAJ58*01|TRBV13-1*02|TRBJ2-2*01,3tpu_AB_aho
1.0156952729505673,-0.7023221299528957,TRAV9D-3*01|TRAJ58*01|TRBV13-1*02|TRBJ2-2*01,3tpu_CD_aho
1.268240093556095,-0.5577318805383576,TRAV9D-3*01|TRAJ58*01|TRBV13-1*02|TRBJ2-2*01,3tpu_GH_aho
1.1041510892195248,-0.6351249590614865,TRAV9D-3*01|TRAJ58*01|TRBV13-1*02|TRBJ2-2*01,3tpu_MN_aho
-0.6242166821037766,0.6899061599689594,TRAV11*02|TRAJ18*01|TRBV13-2*01|TRBJ2-5*01,3tvm_CD_aho
-0.5664709869651305,0.3064305639476355,TRAV11*02|TRAJ18*01|TRBV13-2*01|TRBJ2-5*01,3tvm_GH_aho
-1.1943584049688172,-0.9689166846305449,TRAV12-3*01|TRAJ12*01|TRBV12-4*01|TRBJ2-4*01,3utp_DE_aho
-0.8414012001311957,-0.0011761227584033522,TRAV12-3*01|TRAJ12*01|TRBV12-4*01|TRBJ2-4*01,3utp_KL_aho
-0.46114274497985663,0.007346021676571913,TRAV12-3*01|TRAJ12*01|TRBV12-4*01|TRBJ2-4*01,3uts_DE_aho
-0.7157997734692867,0.19047200892803384,TRAV12-3*01|TRAJ12*01|TRBV12-4*01|TRBJ2-4*01,3uts_IJ_aho
-1.1616835254980926,-0.6527832541160719,TRAV12-3*01|TRAJ12*01|TRBV12-4*01|TRBJ2-4*01,3utt_DE_aho
-2.8828058398353456,-1.5491248716113575,TRAV12-3*01|TRAJ12*01|TRBV12-4*01|TRBJ2-4*01,3utt_IJ_aho
1.2134285549693102,0.37020098972895815,TRAV10*01|TRAJ18*01|TRBV25-1*01|TRBJ2-7*01,3vwj_CD_aho
1.5571587180110675,0.479536506836952,TRAV10*01|TRAJ18*01|TRBV25-1*01|TRBJ2-7*01,3vwk_CD_aho
0.8210222469246125,1.2421302787437583,TRAV8-3*01|TRAJ28*01|TRBV4-1*01|TRBJ2-7*01,3vxm_DE_aho
-0.6649035381715835,0.11314181106033602,TRAV21*01|TRAJ12*01|TRBV7-9*01|TRBJ2-2*01,3vxq_AB_aho
-0.6849974982058996,-0.4981533807254309,TRAV21*01|TRAJ12*01|TRBV7-9*01|TRBJ2-2*01,3vxq_DE_aho
-0.6052513505827645,0.32665901591873464,TRAV21*01|TRAJ12*01|TRBV7-9*01|TRBJ2-2*01,3vxr_DE_aho
-0.08019330486352667,0.6475135257988376,TRAV21*01|TRAJ12*01|TRBV7-9*01|TRBJ2-2*01,3vxs_DE_aho
1.741213130446669,0.9546836766412055,TRAV12-2*01|TRAJ23*01|TRBV27*01|TRBJ2-7*01,3vxt_AB_aho
1.8689192897900788,1.1150282939735474,TRAV12-2*01|TRAJ23*01|TRBV27*01|TRBJ2-7*01,3vxt_CD_aho
1.8332038969054394,1.250862109916316,TRAV12-2*01|TRAJ23*01|TRBV27*01|TRBJ2-7*01,3vxu_DE_aho
1.1768057549266222,0.44041854731151,TRAV12-2*01|TRAJ23*01|TRBV27*01|TRBJ2-7*01,3vxu_IJ_aho
0.5587449726981852,0.7974297473708444,TRAV12-2*01|TRAJ23*01|TRBV27*01|TRBJ2-7*01,3w0w_DE_aho
-1.0057848959512066,-0.6147678722408368,TRAV11*02|TRAJ18*01|TRBV19*01|TRBJ1-1*01,4apq_CD_aho
0.8318394120767203,0.5931686149483686,TRAV22*01|TRAJ40*01|TRBV19*01|TRBJ2-7*01,4c56_AB_aho
0.3116053974146877,0.11411431787115425,TRAV22*01|TRAJ40*01|TRBV19*01|TRBJ2-7*01,4c56_GH_aho
1.273210449980365,0.28153167753037034,TRAV1-2*01|TRAJ33*01|TRBV20-1*01|TRBJ2-1*01,4dzb_AB_aho
-0.857513934750866,-0.5321215948905138,TRAV22*01|TRAJ18*01|TRBV5-8*01|TRBJ2-5*01,4e41_IJ_aho
1.3904292724262073,-0.9208877897107499,TRAV7-4*02|TRAJ26*01|TRBV3*01|TRBJ2-1*01,4ei5_CD_aho
0.533995171054027,-1.0483316846649646,TRAV7-4*02|TRAJ26*01|TRBV3*01|TRBJ2-1*01,4ei5_GH_aho
-0.24695902752429466,-1.2088739159658248,TRAV7-4*02|TRAJ26*01|TRBV3*01|TRBJ2-1*01,4ei6_AB_aho
0.635686514792291,-1.6444026480048097,TRAV7-4*02|TRAJ26*01|TRBV3*01|TRBJ2-1*01,4ei6_CD_aho
-0.3934452408959808,-0.6647819807007931,TRAV7-4*02|TRAJ26*01|TRBV3*01|TRBJ2-1*01,4elk_CD_aho
1.4634369399312674,-0.6267806007202957,TRAV7-4*02|TRAJ26*01|TRBV3*01|TRBJ2-1*01,4elm_EF_aho
2.1756756812266387,-0.42241462681559244,TRAV7-4*02|TRAJ26*01|TRBV3*01|TRBJ2-1*01,4elm_GH_aho
0.6367721874294097,0.4848070369012753,TRAV12-2*01|TRAJ24*02|TRBV28*01|TRBJ2-7*01,4eup_GH_aho
1.1959621650506256,0.4864225648965028,TRAV12-2*01|TRAJ24*02|TRBV28*01|TRBJ2-7*01,4eup_IJ_aho
1.2759853339607161,0.781586552807779,TRAV12-2*01|TRAJ24*02|TRBV6-5*01|TRBJ2-7*01,4ftv_DE_aho
1.739352850559671,-1.3584392307002453,TRAV26-2*01|TRAJ45*01|TRBV9*01|TRBJ2-7*01,4gg6_EF_aho
1.8506196474025867,-1.3387690688148914,TRAV26-2*01|TRAJ45*01|TRBV9*01|TRBJ2-7*01,4gg6_GH_aho
-2.4204520687512416,0.48041190440823284,TRAV8-4*01|TRAJ48*01|TRBV28*01|TRBJ1-2*01,4gkz_AB_aho
-0.9881142322082651,-0.5123783411639379,TRAV13-1*01|TRAJ48*01|TRBV7-3*01|TRBJ2-3*01,4grl_CD_aho
-0.24404386838883785,-1.2447145767284125,TRAV1-2*01|TRAJ33*01|TRBV6-1*01|TRBJ2-2*01,4iiq_AB_aho
-0.8447345561956904,0.404041952115496,TRAV11*02|TRAJ18*01|TRBV13-2*01|TRBJ2-5*01,4irj_CD_aho
-0.7661720943687929,0.279879014542072,TRAV11*02|TRAJ18*01|TRBV13-2*01|TRBJ2-5*01,4irs_CD_aho
-0.37923656508152653,0.24064397534993628,TRAV12-2*01|TRAJ27*01|TRBV30*02|TRBJ2-2*01,4jfd_DE_aho
-0.45165583772738677,0.2815656265587765,TRAV12-2*01|TRAJ27*01|TRBV30*02|TRBJ2-2*01,4jfe_DE_aho
-0.4755532845473884,0.15182537744742425,TRAV12-2*01|TRAJ27*01|TRBV30*02|TRBJ2-2*01,4jff_DE_aho
-0.10250845056924443,0.5443560073844005,TRAV12-2*01|TRAJ27*01|TRBV30*02|TRBJ2-2*01,4jfh_DE_aho
-1.4950763616025513,1.4087751239134423,TRAV19*01|TRAJ34*01|TRBV6-1*01|TRBJ1-1*01,4jrx_DE_aho
-0.6799072192190957,0.45536532908939353,TRAV39*01|TRAJ33*01|TRBV5-6*01|TRBJ2-7*01,4jry_DE_aho
-0.5913847523102698,0.5790087552393408,TRAV12-2*01|TRAJ23*01|TRBV6-4*01|TRBJ1-1*01,4l3e_DE_aho
-0.1741791214568333,-0.7912234189848277,TRAV1-2*01|TRAJ33*01|TRBV6-1*01|TRBJ2-2*01,4l4t_DE_aho
0.39180412633367007,-0.2744154492496628,TRAV1-2*01|TRAJ33*01|TRBV6-1*01|TRBJ2-2*01,4l4t_GH_aho
-0.00857190357894294,-0.844427276266369,TRAV1-2*01|TRAJ33*01|TRBV6-1*01|TRBJ2-2*01,4l4v_DE_aho
0.3777904172152932,-0.3444093493214162,TRAV1-2*01|TRAJ33*01|TRBV6-1*01|TRBJ2-2*01,4l4v_GH_aho
-0.3108291450394092,-0.9827364296887042,TRAV1-2*01|TRAJ33*01|TRBV6-1*01|TRBJ2-2*01,4l8s_AB_aho
-0.05090434138015446,-0.9686244480889347,TRAV1-2*01|TRAJ33*01|TRBV6-1*01|TRBJ2-2*01,4lcc_AB_aho
-0.3302067822663857,-0.8535567499010538,TRAV1-2*01|TRAJ33*01|TRBV6-1*01|TRBJ2-2*01,4lcw_DE_aho
0.2959513561955005,-0.22122808719764558,TRAV1-2*01|TRAJ33*01|TRBV6-1*01|TRBJ2-2*01,4lcw_GH_aho
-1.1726054489334032,-0.595374745179873,TRAV13-1*01|TRAJ48*01|TRBV7-3*01|TRBJ2-3*01,4may_CD_aho
-1.0664997532419442,-1.2220423150428577,TRAV17*01|TRAJ22*01|TRBV7-3*01|TRBJ2-2*01,4mji_IJ_aho
0.15619416817001291,1.5597711786683748,TRAV22*01|TRAJ40*01|TRBV6-5*01|TRBJ1-1*01,4mnq_DE_aho
-0.7963205032179542,-0.7738850729098179,TRAV9D-3*01|TRAJ58*01|TRBV13-1*02|TRBJ2-2*01,4ms8_CD_aho
-0.7746895774007478,-0.8227058610690989,TRAV9D-3*01|TRAJ58*01|TRBV13-1*02|TRBJ2-2*01,4mvb_CD_aho
-0.6517890590824832,-0.7588964282992279,TRAV9D-3*01|TRAJ58*01|TRBV13-1*02|TRBJ2-2*01,4mxq_CD_aho
-1.1431328573945316,-0.8258066372874272,TRAV9D-3*01|TRAJ58*01|TRBV13-1*02|TRBJ2-2*01,4n0c_CD_aho
-0.11514603956089131,-0.6368564341780278,TRAV9D-3*01|TRAJ58*01|TRBV13-1*02|TRBJ2-2*01,4n0c_GH_aho
-0.3710872893972027,-0.9043851655572528,TRAV9D-3*01|TRAJ58*01|TRBV13-1*02|TRBJ2-2*01,4n5e_CD_aho
-1.2437942237807542,0.29303136887525316,TRAV9-4*01|TRAJ35*02|TRBV13-2*01|TRBJ2-4*01,4nhu_AB_aho
-0.9087377947798152,0.2343822511654465,TRAV9-4*01|TRAJ35*02|TRBV13-2*01|TRBJ2-4*01,4nhu_CD_aho
0.30209367699261486,-0.422293915993964,TRAV1-2*01|TRAJ33*01|TRBV6-1*01|TRBJ2-2*01,4nqc_DE_aho
-0.008377368285982494,-0.8422032277524387,TRAV1-2*01|TRAJ33*01|TRBV6-1*01|TRBJ2-2*01,4nqc_GH_aho
-0.34652387670876833,-0.8647313645972525,TRAV1-2*01|TRAJ33*01|TRBV6-1*01|TRBJ2-2*01,4nqd_DE_aho
0.28295745927079874,-0.22324623066083257,TRAV1-2*01|TRAJ33*01|TRBV6-1*01|TRBJ2-2*01,4nqd_GH_aho
-0.11222456185780996,-0.82694740476632,TRAV1-2*01|TRAJ33*01|TRBV6-1*01|TRBJ2-2*01,4nqe_DE_aho
0.36269785514412684,-0.34294893135091087,TRAV1-2*01|TRAJ33*01|TRBV6-1*01|TRBJ2-2*01,4nqe_GH_aho
2.1142033918129632,0.776393132537016,TRAV36/DV7*05|TRAJ52*01|TRBV6-6*01|TRBJ2-7*01,4onh_AB_aho
5.4799816916744275,0.8181186885433444,TRAV26-1*01|TRAJ54*01|TRBV7-2*01|TRBJ2-3*01,4ozf_GH_aho
4.921392150960804,0.6363367698580683,TRAV26-1*01|TRAJ45*01|TRBV7-2*01|TRBJ2-3*01,4ozg_EF_aho
3.7908603404010224,0.3050018254502951,TRAV26-1*01|TRAJ45*01|TRBV7-2*01|TRBJ2-3*01,4ozg_GH_aho
5.977726674083797,0.7856500356715066,TRAV26-1*01|TRAJ32*01|TRBV7-2*01|TRBJ2-3*01,4ozh_EF_aho
5.540990793262278,0.7694111545700578,TRAV26-1*01|TRAJ32*01|TRBV7-2*01|TRBJ2-3*01,4ozh_GH_aho
3.967590623858786,-0.38728460088162475,TRAV4*01|TRAJ4*01|TRBV20-1*01|TRBJ2-5*01,4ozi_EF_aho
3.84644554064718,-0.3233870598820635,TRAV4*01|TRAJ4*01|TRBV20-1*01|TRBJ2-5*01,4ozi_GH_aho
-1.1823431920011116,-1.1960395592107271,TRAV14-3*04|TRAJ45*01|TRBV13-2*01|TRBJ2-4*01,4p23_AB_aho
-0.38042639745854473,-0.48810679150568814,TRAV4-4/DV10*02|TRAJ56*01|TRBV26*01|TRBJ2-5*01,4p2o_CD_aho
0.5408417352076333,0.1601802645651624,TRAV4D-4*03|TRAJ34*02|TRBV26*01|TRBJ1-2*01,4p2q_DE_aho
0.5055483518194438,0.11658522355961082,TRAV4D-4*03|TRAJ34*02|TRBV26*01|TRBJ1-2*01,4p2q_IJ_aho
0.5275098981561204,0.16971877749368502,TRAV4D-4*03|TRAJ34*02|TRBV26*01|TRBJ1-2*01,4p2q_NO_aho
0.7992103336860329,0.2458803625565153,TRAV4D-4*03|TRAJ34*02|TRBV26*01|TRBJ1-2*01,4p2q_ST_aho
0.5286279957407748,0.04894843154465172,TRAV4D-4*03|TRAJ34*02|TRBV26*01|TRBJ1-2*01,4p2r_DE_aho
0.43592801760374367,0.031883908613548506,TRAV4D-4*03|TRAJ34*02|TRBV26*01|TRBJ1-2*01,4p2r_IJ_aho
0.44828754056085673,0.07665044075440243,TRAV4D-4*03|TRAJ34*02|TRBV26*01|TRBJ1-2*01,4p2r_NO_aho
0.7538201916968961,0.15943231164680755,TRAV4D-4*03|TRAJ34*02|TRBV26*01|TRBJ1-2*01,4p2r_ST_aho
-1.1330981741708408,-1.148444565609044,TRAV14-3*04|TRAJ45*01|TRBV13-2*01|TRBJ2-4*01,4p46_AB_aho
-0.9039641128852406,-1.2267312298741853,TRAV9-2*01|TRAJ28*01|TRBV5-1*01|TRBJ2-5*01,4p4k_CD_aho
-0.5305887497018668,-1.1324136599313288,TRAV9-2*01|TRAJ28*01|TRBV5-1*01|TRBJ2-5*01,4p4k_GH_aho
-1.0480390424582249,-0.8459002833050571,TRAV14-3*04|TRAJ16*01|TRBV13-2*01|TRBJ2-4*01,4p5t_AB_aho
-0.9901494781172367,-0.9079845622704229,TRAV14-3*04|TRAJ16*01|TRBV13-2*01|TRBJ2-4*01,4p5t_EF_aho
-0.3153696982248425,-0.8075607421677956,TRAV1-2*01|TRAJ33*01|TRBV6-1*01|TRBJ2-2*01,4pj5_DE_aho
0.31796203160018055,-0.17223847979603524,TRAV1-2*01|TRAJ33*01|TRBV6-1*01|TRBJ2-2*01,4pj5_GH_aho
0.11974925235747823,-0.5432957006979394,TRAV1-2*01|TRAJ33*01|TRBV6-4*01|TRBJ2-1*01,4pj7_EF_aho
0.5285333803114842,0.0446140732937253,TRAV1-2*01|TRAJ33*01|TRBV6-4*01|TRBJ2-1*01,4pj7_GH_aho
2.2798141648076595,0.6104540785882273,TRAV1-2*01|TRAJ33*01|TRBV20-1*01|TRBJ2-1*01,4pj8_CD_aho
-0.027561604038837343,-0.1535921731602793,TRAV1-2*01|TRAJ20*01|TRBV6-4*01|TRBJ2-2*01,4pj9_CD_aho
0.33793993761419533,-0.18357502947048904,TRAV1-2*01|TRAJ33*01|TRBV6-1*01|TRBJ2-2*01,4pja_EF_aho
0.05901532447577933,-0.5968119082300186,TRAV1-2*01|TRAJ33*01|TRBV6-1*01|TRBJ2-2*01,4pja_GH_aho
0.1415891635656536,-0.22322581936373173,TRAV1-2*01|TRAJ33*01|TRBV6-1*01|TRBJ2-2*01,4pjb_EF_aho
-0.12819815859672526,-0.6910553050506569,TRAV1-2*01|TRAJ33*01|TRBV6-1*01|TRBJ2-2*01,4pjb_GH_aho
0.07443392668046796,-0.05659091514267587,TRAV1-2*01|TRAJ33*01|TRBV6-1*01|TRBJ1-3*01,4pjc_EF_aho
-0.18878145239415584,-0.39943188811012137,TRAV1-2*01|TRAJ33*01|TRBV6-1*01|TRBJ1-3*01,4pjc_GH_aho
0.14296656574527267,-0.2564963629710215,TRAV1-2*01|TRAJ33*01|TRBV6-1*01|TRBJ2-3*01,4pjd_EF_aho
-0.3095307938865161,-0.7899173145621751,TRAV1-2*01|TRAJ33*01|TRBV6-1*01|TRBJ2-3*01,4pjd_GH_aho
0.3872586552041759,-0.32905730128739114,TRAV1-2*01|TRAJ33*01|TRBV6-1*01|TRBJ2-2*01,4pje_EF_aho
-0.13895809643664817,-0.8966255657118802,TRAV1-2*01|TRAJ33*01|TRBV6-1*01|TRBJ2-2*01,4pje_GH_aho
-0.0055492726311304535,-0.7966497327508071,TRAV1-2*01|TRAJ33*01|TRBV6-1*01|TRBJ2-6*01,4pjf_EF_aho
0.21648750235704176,-0.31422428042752176,TRAV1-2*01|TRAJ33*01|TRBV6-1*01|TRBJ2-6*01,4pjf_GH_aho
-0.025732578346653923,-0.56261399425961,TRAV1-2*01|TRAJ33*01|TRBV6-1*01|TRBJ2-2*01,4pjg_EF_aho
0.4101696468229817,-0.18202191665676667,TRAV1-2*01|TRAJ33*01|TRBV6-1*01|TRBJ2-2*01,4pjg_GH_aho
0.21756757017966025,-0.24962610711622957,TRAV1-2*01|TRAJ33*01|TRBV6-1*01|TRBJ2-2*01,4pjh_EF_aho
-0.19946016333211847,-0.6245834514062568,TRAV1-2*01|TRAJ33*01|TRBV6-1*01|TRBJ2-2*01,4pjh_GH_aho
-0.18785520901498082,-0.8115530110416321,TRAV1-2*01|TRAJ33*01|TRBV6-1*01|TRBJ2-3*01,4pji_EF_aho
0.3118275696214468,-0.21269592240161286,TRAV1-2*01|TRAJ33*01|TRBV6-1*01|TRBJ2-3*01,4pji_GH_aho
0.1015373255231504,-0.09312138141041307,TRAV1-2*01|TRAJ33*01|TRBV6-1*01|TRBJ1-3*01,4pjx_EF_aho
-0.3281982728983605,-0.6571116712496862,TRAV1-2*01|TRAJ33*01|TRBV6-1*01|TRBJ1-3*01,4pjx_GH_aho
-0.783423502632145,0.32777325374212085,TRAV20*01|TRAJ18*01|TRBV9*01|TRBJ2-2*01,4prh_DE_aho
-1.2313997078584182,0.08103828123669989,TRAV20*01|TRAJ18*01|TRBV9*01|TRBJ2-2*01,4pri_DE_aho
-1.3119353526316109,0.09241104106297168,TRAV20*01|TRAJ18*01|TRBV9*01|TRBJ2-2*01,4prp_DE_aho
-0.6292405056809743,0.14997465866020515,TRAV12-2*01|TRAJ27*01|TRBV30*02|TRBJ2-2*01,4qok_DE_aho
0.22880821467008697,0.7402956303711723,TRAV9-2*01|TRAJ43*01|TRBV11-2*01|TRBJ1-5*01,4qrp_DE_aho
-0.253825668521367,0.44869778243852537,TRAV9-2*01|TRAJ43*01|TRBV11-2*01|TRBJ1-5*01,4qrp_JI_aho
0.7182252131856897,1.2138612489123266,TRAV9-2*01|TRAJ43*01|TRBV11-2*01|TRBJ1-5*01,4qrp_KL_aho
0.38498469016344766,2.183816518790052,TRAV22*01|TRAJ40*01|TRBV7-9*01|TRBJ2-7*01,4udt_AB_aho
-1.1286814613277893,0.49080446874972894,TRAV21*01|TRAJ8*01|TRBV7-8*01|TRBJ2-7*01,4ww2_AB_aho
-0.8362351308461229,-0.9793574727328528,TRAV12-3*01|TRAJ27*01|TRBV6-2*01|TRBJ1-1*01,4x6b_AB_aho
-0.6401052646926128,-0.6848469110886134,TRAV12-3*01|TRAJ27*01|TRBV6-2*01|TRBJ1-1*01,4x6c_EF_aho
-0.22930489486640232,-0.3433996543173087,TRAV12-3*01|TRAJ27*01|TRBV6-2*01|TRBJ1-1*01,4x6c_GH_aho
0.47984010021517987,-0.4011222244788733,TRAV12-3*01|TRAJ27*01|TRBV6-2*01|TRBJ1-1*01,4x6d_EF_aho
-0.7419031447267318,-0.6019457386795263,TRAV12-3*01|TRAJ27*01|TRBV6-2*01|TRBJ1-1*01,4x6d_GH_aho
-0.7335586373665202,0.39278053030439647,TRAV11*02|TRAJ18*01|TRBV13-2*01|TRBJ2-5*01,4y16_CD_aho
-0.7712163223367544,0.27150337567726957,TRAV11*02|TRAJ18*01|TRBV13-2*01|TRBJ2-5*01,4y2d_CD_aho
-0.6545604829271278,0.5411781163958885,TRAV11*02|TRAJ18*01|TRBV13-2*01|TRBJ2-5*01,4y2d_GH_aho
-0.8325937751805954,0.5270435461901899,TRAV11*02|TRAJ18*01|TRBV13-2*01|TRBJ2-5*01,4y4f_CD_aho
-0.8622785234402172,0.22048425655494755,TRAV11*02|TRAJ18*01|TRBV13-2*01|TRBJ2-5*01,4y4f_GH_aho
-0.546872942960463,0.28977850693020163,TRAV11*02|TRAJ18*01|TRBV13-2*01|TRBJ2-5*01,4y4h_CD_aho
-0.5463918912174142,0.5001138966784036,TRAV11*02|TRAJ18*01|TRBV13-2*01|TRBJ2-5*01,4y4h_GH_aho
-0.8678146393660152,0.3849726411103965,TRAV11*02|TRAJ18*01|TRBV13-2*01|TRBJ2-5*01,4y4k_CD_aho
2.279033519174049,-0.4617240749064099,TRAV26-2*01|TRAJ49*01|TRBV9*01|TRBJ2-5*01,4z7u_EF_aho
2.2684427028883456,-0.5983813648687611,TRAV26-2*01|TRAJ49*01|TRBV9*01|TRBJ2-5*01,4z7u_GH_aho
2.8213870006496595,-1.2967303042976528,TRAV26-2*01|TRAJ54*01|TRBV9*01|TRBJ2-7*01,4z7v_EF_aho
2.7265059554273945,-1.3908684819600783,TRAV26-2*01|TRAJ54*01|TRBV9*01|TRBJ2-7*01,4z7v_GH_aho
0.07519548683565261,-1.2326496375811549,TRAV8-3*01|TRAJ36*01|TRBV6-1*01|TRBJ2-1*01,4z7w_EF_aho
0.34264363187856733,-1.0497609490989506,TRAV8-3*01|TRAJ36*01|TRBV6-1*01|TRBJ2-1*01,4z7w_GH_aho
-0.8754573016401446,0.33067852962370686,TRAV11*02|TRAJ18*01|TRBV13-2*01|TRBJ2-5*01,4zak_CD_aho
-1.324312391369462,0.46864479771887774,TRAV12-2*01|TRAJ24*02|TRBV28*01|TRBJ2-7*01,4zdh_AB_aho
0.6911477030020018,1.420814624040974,TRAV21*01|TRAJ29*01|TRBV5-1*01|TRBJ2-7*01,5brz_DE_aho
0.8688458340222014,1.6242262463085182,TRAV21*01|TRAJ29*01|TRBV5-1*01|TRBJ2-7*01,5bs0_DE_aho
-1.3270747732320638,-0.4474533180146383,TRAV12-3*01|TRAJ12*01|TRBV12-4*01|TRBJ2-4*01,5c07_DE_aho
-0.9282357630465445,-0.4084336820185361,TRAV12-3*01|TRAJ12*01|TRBV12-4*01|TRBJ2-4*01,5c07_IJ_aho
-1.468294114763476,-0.27618518197457237,TRAV12-3*01|TRAJ12*01|TRBV12-4*01|TRBJ2-4*01,5c08_DE_aho
-0.9475409043233103,-0.23822635706364428,TRAV12-3*01|TRAJ12*01|TRBV12-4*01|TRBJ2-4*01,5c08_IJ_aho
-1.4974121949453028,-0.5901122927272332,TRAV12-3*01|TRAJ12*01|TRBV12-4*01|TRBJ2-4*01,5c09_DE_aho
-0.9639582961653151,-0.48569429744016657,TRAV12-3*01|TRAJ12*01|TRBV12-4*01|TRBJ2-4*01,5c09_IJ_aho
-1.0528516541813444,-0.3960786851628123,TRAV12-3*01|TRAJ12*01|TRBV12-4*01|TRBJ2-4*01,5c0a_DE_aho
-1.4321382050996654,-0.459357798151752,TRAV12-3*01|TRAJ12*01|TRBV12-4*01|TRBJ2-4*01,5c0a_IJ_aho
-0.7808812093651955,-0.29597111787430647,TRAV12-3*01|TRAJ12*01|TRBV12-4*01|TRBJ2-4*01,5c0b_DE_aho
-1.1621127050492013,-0.37840629271949167,TRAV12-3*01|TRAJ12*01|TRBV12-4*01|TRBJ2-4*01,5c0b_IJ_aho
-1.0244976772397012,-0.32924123227170277,TRAV12-3*01|TRAJ12*01|TRBV12-4*01|TRBJ2-4*01,5c0c_DE_aho
-0.843700577316763,-0.34543084522582446,TRAV12-3*01|TRAJ12*01|TRBV12-4*01|TRBJ2-4*01,5c0c_IJ_aho
1.3447250966133701,0.12503531747599642,TRAV24*01|TRAJ49*01|TRBV7-2*02|TRBJ2-5*01,5d2l_EF_aho
2.9841452376181596,0.31960945085707,TRAV24*01|TRAJ49*01|TRBV7-2*02|TRBJ2-5*01,5d2l_OP_aho
1.6509419031304522,-0.4113485883255864,TRAV26-2*01|TRAJ43*01|TRBV7-6*01|TRBJ1-4*01,5d2n_CF_aho
1.6287380325020995,-0.38296566036603613,TRAV26-2*01|TRAJ43*01|TRBV7-6*01|TRBJ1-4*01,5d2n_DE_aho
0.13042754631150855,-0.5339002306029023,TRAV1-2*01|TRAJ33*01|TRBV6-4*01|TRBJ2-2*01,5d5m_EF_aho
0.4473396302898495,-0.05699970855050019,TRAV1-2*01|TRAJ33*01|TRBV6-4*01|TRBJ2-2*01,5d5m_GH_aho
-0.129102077929504,-0.5435443935361709,TRAV1-2*01|TRAJ33*01|TRBV6-4*01|TRBJ2-2*01,5d7i_EF_aho
0.2248083453913903,-0.09060776870429284,TRAV1-2*01|TRAJ33*01|TRBV6-4*01|TRBJ2-2*01,5d7i_GH_aho
0.064727367859728,-0.4604689457271737,TRAV1-2*01|TRAJ33*01|TRBV6-4*01|TRBJ2-2*01,5d7j_AB_aho
0.328922003579625,-0.046813468123260045,TRAV1-2*01|TRAJ33*01|TRBV6-4*01|TRBJ2-2*01,5d7j_GH_aho
-0.6687830615506027,-0.27104944444493345,TRAV35*01|TRAJ37*01|TRBV27*01|TRBJ2-2*01,5e6i_AB_aho
-0.8634419231049757,-0.21201265303466119,TRAV35*01|TRAJ37*01|TRBV27*01|TRBJ2-2*01,5e6i_FL_aho
-0.9769131650973374,-0.329329821277712,TRAV35*01|TRAJ37*01|TRBV27*01|TRBJ2-2*01,5e6i_GH_aho
-0.5985715357806174,-0.2906172877300819,TRAV35*01|TRAJ37*01|TRBV27*01|TRBJ2-2*01,5e6i_PQ_aho
-0.4109944496268018,-0.9876161429680212,TRAV12-2*01|TRAJ24*02|TRBV6-5*01|TRBJ2-7*01,5e9d_DE_aho
-0.8433353492194323,-0.5501836234615055,TRAV12-2*01|TRAJ24*02|TRBV6-5*01|TRBJ2-7*01,5e9d_IJ_aho
-2.263335917102821,-1.2277448212653235,TRAV21*01|TRAJ53*01|TRBV7-3*01|TRBJ2-3*01,5eu6_DE_aho
2.238591279025201,1.6473544130795676,TRAV27*01|TRAJ42*01|TRBV19*01|TRBJ2-7*01,5euo_EF_aho
2.0689268927218407,1.6521845687403298,TRAV27*01|TRAJ42*01|TRBV19*01|TRBJ2-7*01,5euo_GH_aho
0.7566146881912578,0.607857294355421,TRAV27*01|TRAJ42*01|TRBV19*01|TRBJ2-7*01,5hhm_DE_aho
0.8260119913611724,0.6117661337639372,TRAV27*01|TRAJ42*01|TRBV19*01|TRBJ2-7*01,5hhm_IJ_aho
1.0070055877686293,0.6991515902989701,TRAV27*01|TRAJ42*01|TRBV19*01|TRBJ2-7*01,5hho_DE_aho
-1.9494029284568877,-1.4183270484089892,TRAV12-3*01|TRAJ12*01|TRBV12-4*01|TRBJ2-4*01,5hyj_DE_aho
-1.780526633734151,-1.5728821023978747,TRAV12-3*01|TRAJ12*01|TRBV12-4*01|TRBJ2-4*01,5hyj_IJ_aho
0.8957075049871077,0.2239288200487045,TRAV24*01|TRAJ27*01|TRBV19*01|TRBJ2-7*01,5isz_DE_aho
0.947419392332043,-0.06684576041556059,TRAV14-3*05|TRAJ38*01|TRBV29*01|TRBJ1-1*01,5ivx_EF_aho
1.5353542317476507,-0.07689913840134953,TRAV14-3*05|TRAJ38*01|TRBV29*01|TRBJ1-1*01,5iw1_AB_aho
0.08301979657153523,-0.3586347102298309,TRAV14-3*05|TRAJ38*01|TRBV29*01|TRBJ1-1*01,5iw1_CD_aho
1.2538499035401045,0.2592363472054015,TRAV14-3*05|TRAJ38*01|TRBV29*01|TRBJ1-1*01,5iw1_EF_aho
-0.6744689188815618,-0.49122961836193235,TRAV20*01|TRAJ39*01|TRBV9*01|TRBJ2-3*01,5ks9_EF_aho
-0.5783561743046426,-0.4266703235326018,TRAV20*01|TRAJ39*01|TRBV9*01|TRBJ2-3*01,5ks9_GH_aho
0.012778012107959286,-0.10786654473114625,TRAV20*01|TRAJ33*01|TRBV9*01|TRBJ2-7*01,5ksa_CD_aho
0.05046273579229915,0.5158108959897619,TRAV20*01|TRAJ6*01|TRBV9*01|TRBJ2-3*01,5ksb_EF_aho
-0.09177530721214479,0.4728863953640351,TRAV20*01|TRAJ6*01|TRBV9*01|TRBJ2-3*01,5ksb_GH_aho
0.5528451794956882,-0.4125297492185061,TRAV1-2*01|TRAJ9*01|TRBV6-2*01|TRBJ2-1*01,5l2k_DE_aho
-1.3801112965578983,-1.4564757328413898,TRAV14-1*01|TRAJ48*01|TRBV13-3*01|TRBJ2-4*01,5m00_GH_aho
-1.2827738891485045,-1.5540937154919867,TRAV14-1*01|TRAJ48*01|TRBV13-3*01|TRBJ2-4*01,5m01_GH_aho
-1.3730289297559795,-1.5941323446115654,TRAV14-1*01|TRAJ48*01|TRBV13-3*01|TRBJ2-4*01,5m02_GH_aho
0.4355507041804767,1.5046760924580156,TRAV22*01|TRAJ40*01|TRBV6-5*01|TRBJ1-1*01,5men_DE_aho
0.7814412302573926,0.18518009066964117,TRAV12-2*01|TRAJ45*01|TRBV19*01|TRBJ2-2*01,5nht_AB_aho
-0.9376467614047308,0.485039716993131,TRAV12-2*01|TRAJ41*01|TRBV5-6*01|TRBJ2-7*01,5nmd_AB_aho
-0.844990601529011,0.33380808839219595,TRAV12-2*01|TRAJ41*01|TRBV5-6*01|TRBJ2-7*01,5nmd_CD_aho
-1.5693162580640434,-0.25240068624916256,TRAV12-2*01|TRAJ41*01|TRBV5-6*01|TRBJ2-7*01,5nme_DE_aho
-1.2382658187204965,-0.33110592880512035,TRAV12-2*01|TRAJ41*01|TRBV5-6*01|TRBJ2-7*01,5nme_IJ_aho
-1.3695518746374433,-0.25705756457222406,TRAV12-2*01|TRAJ41*01|TRBV5-6*01|TRBJ2-7*01,5nmf_DE_aho
-1.8218770897615935,-0.4140170191564786,TRAV12-2*01|TRAJ41*01|TRBV5-6*01|TRBJ2-7*01,5nmf_IJ_aho
-1.6356382213376508,-0.16196577401901294,TRAV12-2*01|TRAJ41*01|TRBV5-6*01|TRBJ2-7*01,5nmg_DE_aho
-1.327474709346034,-0.2347875943812543,TRAV12-2*01|TRAJ41*01|TRBV5-6*01|TRBJ2-7*01,5nmg_IJ_aho
1.0964703865025522,0.35926084547783754,TRAV12-2*01|TRAJ45*01|TRBV19*01|TRBJ2-2*01,5nqk_AB_aho
-0.8618991395956991,-1.3612011822806305,TRAV14D-1*01|TRAJ22*01|TRBV17*01|TRBJ2-5*01,5sws_DE_aho
0.0529768362572306,-1.4570037596966052,TRAV14D-1*01|TRAJ15*01|TRBV17*01|TRBJ2-5*01,5swz_DE_aho
-0.465186743234191,-1.6265358092331572,TRAV14D-1*01|TRAJ15*01|TRBV17*01|TRBJ2-5*01,5swz_IJ_aho
0.20558870754209524,-1.4906301864580243,TRAV14D-1*01|TRAJ15*01|TRBV17*01|TRBJ2-5*01,5swz_NO_aho
-0.2571548806863142,-1.9076581962057746,TRAV14D-1*01|TRAJ15*01|TRBV17*01|TRBJ2-5*01,5swz_ST_aho
-1.2265253837747414,-0.4381393090933403,TRAV13-1*01|TRAJ54*01|TRBV27*01|TRBJ1-1*01,5tez_IJ_aho
-1.868669171520368,-1.9307956118181293,TRAV14-1*01|TRAJ48*01|TRBV13-3*01|TRBJ2-4*01,5til_GH_aho
-2.049794040908744,-2.271436975268362,TRAV14-1*01|TRAJ48*01|TRBV13-3*01|TRBJ2-4*01,5til_KL_aho
-1.9910332859287851,-2.2607896773831415,TRAV14-1*01|TRAJ48*01|TRBV13-3*01|TRBJ2-4*01,5tje_EF_aho
-1.8863249228338717,-1.9241650492656694,TRAV14-1*01|TRAJ48*01|TRBV13-3*01|TRBJ2-4*01,5tje_GH_aho
0.27856719057493723,-0.16823310646089265,TRAV1-2*01|TRAJ33*01|TRBV6-1*01|TRBJ2-2*01,5u16_EF_aho
-0.28179164462057193,-0.851409714376726,TRAV1-2*01|TRAJ33*01|TRBV6-1*01|TRBJ2-2*01,5u16_GH_aho
0.327146438925375,-0.20873307310688824,TRAV1-2*01|TRAJ33*01|TRBV6-1*01|TRBJ2-2*01,5u17_BG_aho
-0.18703770222414481,-0.7667032843112755,TRAV1-2*01|TRAJ33*01|TRBV6-1*01|TRBJ2-2*01,5u17_DE_aho
0.24010527055650274,-0.16908621417897066,TRAV1-2*01|TRAJ33*01|TRBV6-1*01|TRBJ2-2*01,5u1r_BG_aho
-0.21386992609885894,-0.6814394071703271,TRAV1-2*01|TRAJ33*01|TRBV6-1*01|TRBJ2-2*01,5u1r_DE_aho
-0.35382785513334253,-0.8509535921823818,TRAV1-2*01|TRAJ33*01|TRBV6-1*01|TRBJ2-2*01,5u2v_EF_aho
0.20678479003984626,-0.17146848306872928,TRAV1-2*01|TRAJ33*01|TRBV6-1*01|TRBJ2-2*01,5u2v_GH_aho
0.1150013395422706,-0.3357500094659435,TRAV1-2*01|TRAJ33*01|TRBV6-1*01|TRBJ2-2*01,5u6q_BG_aho
-0.3218765891027689,-0.86117840911549,TRAV1-2*01|TRAJ33*01|TRBV6-1*01|TRBJ2-2*01,5u6q_DE_aho
-0.340286309183708,-0.8175893525116364,TRAV1-2*01|TRAJ33*01|TRBV6-1*01|TRBJ2-2*01,5u72_BG_aho
0.14194574382883965,-0.2136215077926918,TRAV1-2*01|TRAJ33*01|TRBV6-1*01|TRBJ2-2*01,5u72_DE_aho
-0.8875502224153502,0.45801300629052955,TRAV11*02|TRAJ18*01|TRBV13-2*01|TRBJ2-5*01,5vcj_CD_aho
-0.17616912057963427,0.20313628397625202,TRAV35*01|TRAJ53*01|TRBV9*01|TRBJ1-4*01,5w1v_DE_aho
-0.29990824525250626,0.19348620331595934,TRAV35*01|TRAJ53*01|TRBV9*01|TRBJ1-4*01,5w1v_IJ_aho
-0.1622900273890622,0.23679401460095154,TRAV35*01|TRAJ53*01|TRBV9*01|TRBJ1-4*01,5w1v_NO_aho
-1.6103881314618325,-0.14730420972729108,TRAV35*01|TRAJ53*01|TRBV9*01|TRBJ1-4*01,5w1v_ST_aho
-0.43147049107243146,0.14928546377460605,TRAV35*01|TRAJ53*01|TRBV9*01|TRBJ1-4*01,5w1w_DE_aho
-0.44887086293758044,0.07502034573082546,TRAV35*01|TRAJ53*01|TRBV9*01|TRBJ1-4*01,5w1w_IJ_aho
-1.6022799630759645,-0.24250946905879667,TRAV35*01|TRAJ53*01|TRBV9*01|TRBJ1-4*01,5w1w_NO_aho
-0.36428859493885685,0.26120371930835834,TRAV35*01|TRAJ53*01|TRBV9*01|TRBJ1-4*01,5w1w_ST_aho
1.7239996569994522,-0.4049166932093618,TRAV26-1*01|TRAJ13*02|TRBV7-8*01|TRBJ2-2*01,5wjo_AB_aho
-1.097192251102347,0.3663754521518677,TRAV30*05|TRAJ39*01|TRBV11-2*01|TRBJ1-2*01,5wkf_DE_aho
-1.047769058282987,0.5317654063107469,TRAV30*05|TRAJ39*01|TRBV11-2*01|TRBJ1-2*01,5wkf_IJ_aho
-0.8540631818259308,0.07712999741219387,TRAV30*05|TRAJ39*01|TRBV11-2*01|TRBJ1-2*01,5wkh_DE_aho
-0.9546836786336592,0.1735253295169033,TRAV30*05|TRAJ39*01|TRBV11-2*01|TRBJ1-2*01,5wkh_IJ_aho
1.8140740663442108,-0.12792463684006408,TRAV26-1*01|TRAJ13*02|TRBV7-8*01|TRBJ2-2*01,5wki_DE_aho
2.4367489826224977,-1.030681617467811,TRAV4*01|TRAJ21*01|TRBV28*01|TRBJ2-3*01,6at6_AB_aho
1.2014783855566098,-1.2196164033579262,TRAV4*01|TRAJ21*01|TRBV28*01|TRBJ2-3*01,6avf_AB_aho
1.5319446551986025,-1.358968535468213,TRAV4*01|TRAJ8*01|TRBV9*01|TRBJ2-1*01,6avg_BE_aho
1.5964605642462235,-1.3877089738946924,TRAV4*01|TRAJ8*01|TRBV9*01|TRBJ2-1*01,6avg_CD_aho
-0.3918430669815271,-0.4544234964292626,TRAV4-4/DV10*02|TRAJ56*01|TRBV26*01|TRBJ2-5*01,6bga_CD_aho
-1.0346241122295627,-0.7526033322161886,TRAV19*01|TRAJ53*01|TRBV5-4*01|TRBJ2-5*01,6bj2_DE_aho
-0.879724641224385,0.32822458903772733,TRAV11*02|TRAJ18*01|TRBV13-2*01|TRBJ2-5*01,6bnk_CD_aho
-0.8172779637064472,0.5045480330438837,TRAV11*02|TRAJ18*01|TRBV13-2*01|TRBJ2-5*01,6bnk_GH_aho
-0.7465174917859139,5.671893776846931e-05,TRAV11*02|TRAJ18*01|TRBV13-2*01|TRBJ2-5*01,6bnl_CD_aho
-0.7242876053068236,0.4567758582678142,TRAV11*02|TRAJ18*01|TRBV13-2*01|TRBJ2-5*01,6bnl_GH_aho
-0.954629611943393,-1.4451076921820387,TRAV24*01|TRAJ17*01|TRBV2*01|TRBJ2-1*01,6cph_DE_aho
-0.8143066108501801,-0.8962312506550503,TRAV24*01|TRAJ17*01|TRBV2*01|TRBJ2-1*01,6cql_DE_aho
-1.094470923732506,-1.2320896706941873,TRAV24*01|TRAJ17*01|TRBV2*01|TRBJ2-1*01,6cqn_DE_aho
-1.114574607983214,-0.9570953888547403,TRAV24*01|TRAJ17*01|TRBV2*01|TRBJ2-1*01,6cqq_DE_aho
-1.1504828732591146,-1.0711514784104375,TRAV24*01|TRAJ17*01|TRBV2*01|TRBJ2-1*01,6cqq_IJ_aho
-1.2774559410881492,-1.258736048571122,TRAV24*01|TRAJ17*01|TRBV2*01|TRBJ2-1*01,6cqr_DE_aho
-0.9651467468688351,-1.2073878026073472,TRAV24*01|TRAJ17*01|TRBV2*01|TRBJ2-1*01,6cqr_IJ_aho
-0.5484322751556914,-0.46076852648899724,TRAV21*01|TRAJ21*01|TRBV5-1*01|TRBJ1-6*01,6eh4_DE_aho
-0.5978412005714916,-0.5007585066852908,TRAV21*01|TRAJ21*01|TRBV5-1*01|TRBJ1-6*01,6eh5_AB_aho
-1.1871613777536356,1.5703630574962155,TRAV8-4*01|TRAJ30*01|TRBV24-1*01|TRBJ1-2*01,6eh6_AB_aho
-1.259282924097767,1.4953693415563682,TRAV8-4*01|TRAJ30*01|TRBV24-1*01|TRBJ1-2*01,6eh7_AB_aho
-2.3257518745949537,0.10816619369194516,TRAV8-4*01|TRAJ48*01|TRBV28*01|TRBJ1-2*01,6eh8_AB_aho
-2.1398685237279698,0.24640118451463094,TRAV8-4*01|TRAJ48*01|TRBV28*01|TRBJ1-2*01,6eh9_AB_aho
-0.6473639730770973,-0.5401558665201945,TRAV21*01|TRAJ21*01|TRBV5-1*01|TRBJ1-6*01,6fr3_AB_aho
-0.5135391989153686,-0.4514064231935445,TRAV21*01|TRAJ21*01|TRBV5-1*01|TRBJ1-6*01,6fr4_AB_aho
-0.65401589184169,-0.505372349318712,TRAV21*01|TRAJ21*01|TRBV5-1*01|TRBJ1-6*01,6fr5_AB_aho
-1.745864242675345,0.4661615813099735,TRAV8-4*01|TRAJ48*01|TRBV28*01|TRBJ1-2*01,6fr6_AB_aho
-2.3353363848678774,0.5424701555416835,TRAV8-4*01|TRAJ48*01|TRBV28*01|TRBJ1-2*01,6fr7_AB_aho
-2.081374428381532,0.4556518605585058,TRAV8-4*01|TRAJ48*01|TRBV28*01|TRBJ1-2*01,6fr8_AB_aho
-1.1519935208311936,1.3942900116386623,TRAV8-4*01|TRAJ30*01|TRBV24-1*01|TRBJ1-2*01,6fr9_AB_aho
-1.1481649365098618,1.527889287741193,TRAV8-4*01|TRAJ30*01|TRBV24-1*01|TRBJ1-2*01,6fra_AB_aho
-1.3247420664947214,1.437109271364753,TRAV8-4*01|TRAJ30*01|TRBV24-1*01|TRBJ1-2*01,6frb_AB_aho
-1.2357741585009885,1.5082731543953933,TRAV8-4*01|TRAJ30*01|TRBV24-1*01|TRBJ1-2*01,6frc_AB_aho
-1.2634349251639023,1.5315978472969207,TRAV8-4*01|TRAJ30*01|TRBV24-1*01|TRBJ1-2*01,6fum_AB_aho
-1.307778976354806,1.4184465549832694,TRAV8-4*01|TRAJ30*01|TRBV24-1*01|TRBJ1-2*01,6fun_AB_aho
-1.2628692311445362,1.441984177355778,TRAV8-4*01|TRAJ30*01|TRBV24-1*01|TRBJ1-2*01,6fuo_AB_aho
-2.7942670686011475,6.412512689263773,TRAV8-4*01|TRAJ30*01|TRBV24-1*01|TRBJ1-2*01,6fup_AB_aho
-1.3059016072217586,1.4117960259535929,TRAV8-4*01|TRAJ30*01|TRBV24-1*01|TRBJ1-2*01,6fuq_AB_aho
-1.2298775534368707,1.4527993195840012,TRAV8-4*01|TRAJ30*01|TRBV24-1*01|TRBJ1-2*01,6fur_AB_aho
-2.8160641800506516,6.372704297495942,TRAV8-4*01|TRAJ30*01|TRBV24-1*01|TRBJ1-2*01,6fur_CD_aho
