tfold_name,all_aligned_rmsd,all_aligned_tm,pMHC_aligned_rmsd,pMHC_aligned_tm,A_CDR1_rmsd_fr_aligned,A_CDR1_tm_fr_aligned,A_CDR1_rmsd_cdr,A_CDR1_tm_cdr,A_CDR2_rmsd_fr_aligned,A_CDR2_tm_fr_aligned,A_CDR2_rmsd_cdr,A_CDR2_tm_cdr,A_CDR3_rmsd_fr_aligned,A_CDR3_tm_fr_aligned,A_CDR3_rmsd_cdr,A_CDR3_tm_cdr,B_CDR1_rmsd_fr_aligned,B_CDR1_tm_fr_aligned,B_CDR1_rmsd_cdr,B_CDR1_tm_cdr,B_CDR2_rmsd_fr_aligned,B_CDR2_tm_fr_aligned,B_CDR2_rmsd_cdr,B_CDR2_tm_cdr,B_CDR3_rmsd_fr_aligned,B_CDR3_tm_fr_aligned,B_CDR3_rmsd_cdr,B_CDR3_tm_cdr
1AO7,0.7469341962968384,0.9909775655430622,0.7259394032256533,0.9839348766508937,0.14464490622653117,0.5220128786335091,0.14464388981067441,0.9255904490982836,0.3737007290608303,0.46189971032558835,0.37370152688857117,0.6923948076977701,0.34820915982662803,0.46033821026902316,0.3482094036946166,0.7015908512750308,0.1614570629107989,0.6003247360137496,0.16145634318310817,0.9092085327160296,0.222615740850625,0.4542163960560807,0.22261688535945146,0.843672994056964,0.765688761174361,0.44306871131525294,0.7656891296735806,0.4901650381239651
1D9K,3.556766547483944,0.866993179569396,5.133041985909714,0.5871208444523167,0.4547693522800839,0.4083764168283756,0.45477066675900335,0.5951629059369316,0.317814884288424,0.44186528736540803,0.3178149735630963,0.7399594406429557,0.6937115938226825,0.30851930019151474,0.6937109832832213,0.4383814991684109,0.693814106906947,0.4000018151753495,0.6938150118077956,0.4369839778376862,0.30300564666798624,0.6413878181730277,0.30300452341520145,0.747462861073398,0.5847069673083742,0.5461949082930542,0.5847083641900152,0.5769744617016933
1FYT,5.515338452790648,0.7184900198722262,5.625669999607762,0.5197387756882498,0.38045422514303057,0.17926078020319722,0.3804530641765609,0.6476602368611347,0.9936978236081997,0.15904852744531806,0.9936976275974228,0.38033063233527475,0.3401121536916986,0.3243287407372504,0.3401121685961895,0.7470148281719584,0.17939105852819945,0.6452121495391612,0.17939044806148036,0.8872196193284791,0.23181441763911662,0.4978692590945981,0.23181467124685667,0.8290267726816215,0.696117018114283,0.26508970764169043,0.6961166730254414,0.5090881464842764
1G6R,0.8004418789567482,0.9890283768947448,0.8242596666969466,0.9792963951051585,0.784448344280698,0.1956177996988513,0.7844465836100826,0.3585048269511814,0.2843090259360889,0.602707970867574,0.2843080772591435,0.7652740417884465,0.9672350051989547,0.5061960247016978,0.9672360589053763,0.33773083800907006,0.2873444703165612,0.6825045628093687,0.28734489373126226,0.7746685288448549,0.24554220260306167,0.4855754121997202,0.2455407677307845,0.8204202750286873,0.4573272676914077,0.4684703376076363,0.4573275111080334,0.6311581593093781
1J8H,5.255366510452805,0.7296555677259728,5.545689224757286,0.5241119135537705,0.18310971370164897,0.35861377789553694,0.18310820891459173,0.8849973819894332,0.36081583601803946,0.697659312555282,0.36081489262211824,0.7400482579860406,0.26706466748281305,0.742630746965951,0.2670654924248213,0.8048829901186523,0.17559990712372947,0.6298814698131274,0.17560033433115566,0.8927828791202851,0.16090655348298497,0.5307400725489722,0.16090875686918912,0.9093081605858976,0.7229145622086525,0.48488646946665986,0.7229142666427795,0.47386648561881134
1KJ2,2.9264803844818013,0.9043082327454741,0.8717234548169539,0.976115535465002,0.22805035812743094,0.60297208881492,0.2280480999004926,0.8439838830516434,0.1716200759707338,0.6774533587879709,0.1716210367777706,0.8957131912962569,0.3564432006041094,0.5273862501156545,0.35644320395923995,0.7013186050977122,0.15221586982787005,0.24716759975351477,0.15221558763670517,0.918043947599629,0.21147752295257907,0.4576234512837027,0.21147625012824892,0.8528540402143244,1.9855540849687394,0.20325928223909454,1.9855534307395912,0.14137438722776552
1LP9,1.1499534641488205,0.984852042165561,0.7822365945766477,0.9808511184179387,0.24003754233074104,0.15809006710535892,0.2400375033878216,0.8222108901498841,1.8343286408460966,0.078172291356643,1.8343291959870198,0.26310107623663853,0.5106307073103193,0.28734260605750683,0.5106310643657433,0.6065168116627315,0.16612317857195008,0.5506693696760133,0.16612273157221152,0.9041368444678014,0.136720365882956,0.7596565241916773,0.13672007216053228,0.9319489083687991,0.369927937141131,0.6447206772997466,0.369927753637216,0.6981347145154866
1MI5,0.8846782569610364,0.9874393006637233,1.181825901220274,0.961478956805002,0.18728563339777834,0.6197190446741139,0.1872855119825937,0.8818496286981825,0.3110320006102594,0.5027851150511499,0.31103154147284234,0.7425247140193975,0.8623098738279009,0.4583390421533226,0.8623096430470244,0.47049082075479565,0.09423311977404793,0.7355799857952322,0.09423227002384729,0.9658582062719363,0.17475267011243353,0.7757750055856184,0.174753952465479,0.896234710661631,0.2716051387550184,0.7617274161955343,0.27160460770296596,0.7854283132317966
1MWA,0.698756832577957,0.9914448437891634,0.6708204278663602,0.9849650209562816,0.8350697141502712,0.2858779921514566,0.835070038882107,0.32412218088081574,0.1859125463779632,0.6960840498870267,0.18591411528570417,0.8850555852593354,1.0958727004333375,0.49315542497548864,1.0958723396818892,0.3027041069145534,0.24057301496668193,0.6191774593710913,0.24057436715554464,0.8191990947933707,0.1758947781904657,0.5827726667103089,0.17589427946276817,0.8927157048299961,0.6430639804597775,0.5077497874009833,0.6430656143592768,0.5105410034344352
1OGA,0.6806237605482323,0.9920310215610983,0.7512709023592749,0.9823573770526304,0.12755230976958823,0.6864853977885622,0.1275521664394154,0.9394649392862865,0.18414860052278043,0.5526675146213195,0.18414762670636614,0.8837498312724886,0.2319913858986497,0.46400081153572525,0.2319911445105988,0.8397030575246666,0.11194287159566194,0.709009578911265,0.11194268614964585,0.9524409529029277,0.13261870171639545,0.6736087914518865,0.1326188412437307,0.9355270036971035,0.22970642668203992,0.7070238722885022,0.2297063885821381,0.8365962351116741
1QRN,0.653281881195344,0.9926237983023634,0.7710219639692375,0.9816429558980768,0.23949972732459543,0.46609118853347137,0.23949906575493177,0.8356229086517951,0.33237643188922994,0.4542802151164467,0.33237537621149116,0.7602018514031997,0.31052392276236734,0.5259900072142892,0.3105220735609461,0.7390014687934469,0.1770198989670536,0.5964610348359247,0.17702003670150507,0.8941991902817937,0.19819880576549243,0.5374470518979019,0.19819964624492645,0.8740826078030198,0.6665590532984329,0.45862657181298305,0.6665584763304143,0.5805576794643674
1QSE,0.6309986615256271,0.9931442050744943,0.6885880042742417,0.9852763834130335,0.2741315571698888,0.4382870410960525,0.2741305604116718,0.7850341974980503,0.1617335800753676,0.5061946274871603,0.16173617734013154,0.908779896057064,0.3661505048318437,0.5051249228478345,0.36614995977347603,0.6760704183807089,0.19376226234231342,0.727331790763714,0.19376149032159812,0.8734056248119183,0.1923834632172811,0.6163778331987843,0.19238070882205716,0.8794848419283045,0.7343358218973426,0.4187955630357552,0.7343365389761923,0.3996972833902715
1QSF,0.6616294697850376,0.9924044755442324,0.7153681105447892,0.9840923157138828,0.2199916561955484,0.7065144690854397,0.21999263752517031,0.8527977919026708,0.3235308645321883,0.5856385381526966,0.32353109751004266,0.7545528777608248,0.2796424512616016,0.5137536269886671,0.2796430703399243,0.7797642810976698,0.1616435848857906,0.6881102583567781,0.16164294528380885,0.9112721951921138,0.16592313615852275,0.6201523091770145,0.16592435093304178,0.9082620090701238,0.5861147259431516,0.39380911772572585,0.5861147525277314,0.4860844811129724
1U3H,13.173467938337625,0.6188862295653823,13.975068731230404,0.2518980257934945,0.30394521897357124,0.5421822987780652,0.3039457326446458,0.7435566083601701,0.4584521503082912,0.2989607802394549,0.45845335325036063,0.5700145610327174,0.33246377499511237,0.37169124384727287,0.33246411396438097,0.7264061303390906,0.2639257580773181,0.6950332470524444,0.2639257942356972,0.7985641784199923,0.7289190332353117,0.45235596374112413,0.7289198258357651,0.5383355744410016,0.37280922729122895,0.6155921015962958,0.3728092956669991,0.7149624880999457
1YMM,5.602518230844821,0.7075257301478005,6.617818346268345,0.43523601692695074,0.46401808874274386,0.43751686505885623,0.46401631792265974,0.589693560960231,1.580800529885736,0.24824885839813235,1.5808003995394904,0.17311084006398267,0.7280459787016597,0.23637971737383556,0.7280449162519622,0.4858311452836091,0.6087687952508739,0.34918692607547985,0.6087690035865547,0.4853430018204407,1.6365678369621321,0.15694921863517883,1.6365684150571858,0.2382594402709747,0.446017363902357,0.49049299801617957,0.4460177367318575,0.6164499947627042
1ZGL,12.914905592451184,0.648005379613194,12.928500030616123,0.2421493233169438,0.44777405599293596,0.24932010823938774,0.44777431842110843,0.5894499544646497,1.5266043643770333,0.2216654658281214,1.526604162974735,0.24841464692202017,0.7549222929646339,0.39239713754431976,0.7549220361382006,0.4268865907623673,0.38720310868179353,0.24394433520255512,0.3872025328788978,0.6511998977919975,0.29599854190165176,0.3166450157360036,0.295998115477376,0.763225065205269,1.5364084806116036,0.2194961475834051,1.5364083458466493,0.2025249893743357
2AK4,1.2660362590403103,0.9794238879328054,1.2557329659962724,0.9567585473609492,0.3097871511389048,0.6888373444427192,0.3097873296910331,0.7436763675615345,0.6754970467941019,0.43773666311538784,0.675497303685395,0.5455029874410252,0.2006092198603881,0.4999910255658615,0.20060995274081833,0.8664863946485332,0.19953658317140086,0.738825317174882,0.19953668997929042,0.8675953699031854,0.14175819883771262,0.5015132856866666,0.14175816784140882,0.9282424491727198,2.579035504957843,0.19976310528350852,2.579034639779211,0.09491307123200954
2BNQ,0.6261631119622174,0.9933290816462936,0.8288776901652182,0.9786987064891579,0.09733733755334818,0.7665597012534908,0.09733779453860888,0.9638515815438536,0.19565939452546133,0.744745645096737,0.19565923880910785,0.8716409058774264,0.28513011701514507,0.6879235977022038,0.2851300117025886,0.7852533720940098,0.1379263979361529,0.8910887713529417,0.13792549409735694,0.9305275607060814,0.18090075652041443,0.5435695075210901,0.18089935746890923,0.8882649942343147,0.26374618149195833,0.7295396317146065,0.26374646772796223,0.8162123197000493
2BNR,0.6214231495824712,0.9933297091816596,0.8166961455285786,0.9787616764055982,0.07738239487065411,0.8319481702478102,0.07738301175944852,0.9768668622949508,0.12877010775765846,0.7455949509422984,0.12877072904174514,0.9387931412358345,0.2943508379858886,0.5343653746284908,0.29435136891198427,0.7533189679744657,0.1507406049661385,0.872397412675442,0.1507416053548611,0.9185027472175322,0.23174581987301235,0.5361918220989275,0.23174581009830447,0.8325767160921401,0.24140928876836348,0.7644978214301585,0.24140927657908548,0.8318212805578046
2E7L,0.5125152181220373,0.9957237620862197,0.3943520767939376,0.9941078646977668,0.20884568500231224,0.44274129577417076,0.20884720645132135,0.8532602880920521,0.18987519097628588,0.6510911905627611,0.18987639175323312,0.8816205301808826,0.19077501423565532,0.8087076639746179,0.19077465183483674,0.8822484817378312,0.09941142961182932,0.638607927880426,0.09941054387289625,0.9627298134239208,0.0996553829951615,0.5946252620630789,0.09965605695826682,0.9620708613858758,0.3952602306043249,0.44290149044634597,0.3952600594777684,0.6817849775214362
2ESV,2.5216261150444628,0.9057802901125083,3.697614977691971,0.662964107870075,0.19707736567010745,0.712548468211014,0.19707848899631622,0.8713125017437073,0.15838781246086148,0.5701287655675191,0.15838713936303464,0.9116429361425347,0.2995706694925376,0.6030622974654813,0.29957141741551646,0.7679994815584644,0.2052987076411789,0.5741478315849313,0.20529827821111205,0.8632994729642455,0.15707204249622145,0.7171626565881036,0.1570716686215282,0.9140099114394733,0.20037117374641844,0.7874446100422883,0.2003707988161725,0.8889353563914222
2F53,0.5631394323097069,0.9945836485480504,0.7206737107573971,0.9835946667670054,0.13627185605330278,0.7991070705551665,0.13627235224556408,0.9331412351633529,0.11918687180351045,0.8125355073276367,0.11918631590365013,0.9475803656807477,0.2869459373332163,0.6833909842174738,0.2869456968846706,0.7742832869314662,0.13876995690988234,0.8763243839814605,0.1387696992141657,0.9293778343668742,0.20690644671208713,0.6459777852798554,0.2069063959718932,0.8568261422698903,0.27867916548915317,0.6922159575455301,0.27867890866434064,0.8461424510028057
2F54,0.6837681567860124,0.9919283843806657,0.8263141095086549,0.9777118253017504,0.11079767111089585,0.7737786526055886,0.11079646354226468,0.954361615800483,0.5227526442463917,0.5747044031521747,0.5227537751586029,0.6331336744796839,0.38769022076709764,0.6024191622470517,0.38769040792472625,0.6748018031826383,0.15563526224485402,0.7150305244734012,0.15563433500636514,0.9120814888185469,0.22399303749251356,0.4046619802793498,0.2239953653029272,0.8446545212108957,0.2648827409753587,0.623141331743902,0.2648825075643321,0.8301807791530211
2GJ6,0.6861455806147126,0.9921557444433692,0.6765173135019219,0.9860513745303683,0.16532399636892758,0.6851699085873729,0.1653234141551467,0.906989893160203,0.1923558038361637,0.5800610029808645,0.1923553307163267,0.8828363313757488,0.45002545716719117,0.5166263077287891,0.45002375930840843,0.59325092217365,0.1310940777991097,0.5818344958774955,0.13109362663313176,0.9360550177189564,0.15273189157525283,0.7229424150204585,0.1527322000085318,0.9198427094183521,1.0357130772206335,0.3730250477978228,1.0357130126580412,0.25445450279349086
2IAM,13.085752910782498,0.6653398072537651,12.859751251941722,0.24663139355178576,0.5057043862914106,0.4822548084270558,0.5057011188922678,0.5264628282787308,0.25731232120013,0.6018406042855227,0.25731036500297205,0.7987756124216887,0.4835087452064431,0.3987572585323127,0.483509214410196,0.57128916254091,0.1766831981730638,0.7650806716039886,0.17668308132970648,0.8906384395420066,0.2223654961076221,0.6420829631905243,0.22236321756357905,0.8457684844044323,0.607418475068841,0.4176737008492821,0.6074222469370582,0.4817441204017473
2IAN,5.062999066799558,0.772292155953857,6.796535180555639,0.4190183662002635,0.47078136161378853,0.1789166979327701,0.47078142276848556,0.5634380253333359,0.5896930230183622,0.2105849811001129,0.5896935001930308,0.43364626710889925,0.37718623694501197,0.3540461637483695,0.37718583163153785,0.6620907513276093,0.1978558575315825,0.6243887735249544,0.19785606215138588,0.8710579551504735,0.4533233255057417,0.3370635339593447,0.4533239712677003,0.6269217155656239,0.5897281996856055,0.3624312192247477,0.5897286443511061,0.4761003875492118
2NX5,12.714243359711634,0.6737013624880106,11.676323041141107,0.32131863551295986,0.5360552254961569,0.3910992867811556,0.5360563833473315,0.5193519465662174,0.30826815101263627,0.35598148242671046,0.30826829936689676,0.775571469574769,0.4525905275613128,0.31926718773941726,0.45259007158997466,0.5827839441043102,0.20643151123051187,0.4886423393817535,0.2064307388656199,0.8610688518542146,0.3004045731414792,0.4033789367146463,0.3004037879802054,0.7543602017090211,0.2543379696922129,0.6093133568384238,0.2543369115312402,0.8022234023112763
2OI9,1.4555358222989523,0.9659328369828041,1.7799564137278052,0.9145133054827328,0.37745895274479346,0.3254589109206569,0.3774589187281387,0.6513430759766733,1.0704869160399162,0.06844821139882477,1.07048758732996,0.3552212798320231,0.3241088430679809,0.18325486349615136,0.32410909269059623,0.777021432952811,0.2580086556141078,0.4748061226309389,0.25800978628249044,0.8088442988021034,0.3104452385114494,0.5588640388555492,0.31044505541589007,0.7376432705762087,0.3666054896247704,0.39850141086910934,0.36660658358013043,0.6919255478972854
2P5E,0.6181492062922216,0.9934390170312033,0.7953893406641516,0.9797333386616862,0.13840511727605143,0.821649429021783,0.1384056753869824,0.9305831640573842,0.12526377131924374,0.7957884247462079,0.12526462306017405,0.9436647184465837,0.2420363232561683,0.633128157471651,0.24203640195874998,0.8309201984467011,0.19445617944419713,0.8356440273826049,0.19445651003630288,0.8697431351819589,0.20674084766366307,0.6802268384530928,0.2067406784208134,0.8732325831038468,0.26523249520244047,0.7415360593891666,0.26523261959887484,0.8062238302554157
2P5W,0.607413612102837,0.9935937766441401,0.7810446282692803,0.9801590808895759,0.10118846429456367,0.8381147343204765,0.1011896884084641,0.9609615271950679,0.15924634535871374,0.7457628662814598,0.15924690270190311,0.9119522546898512,0.2777597261352458,0.6745895779055838,0.2777596082309646,0.7989683537884427,0.17541496147627966,0.8387592421386361,0.17541430498445115,0.891536320974995,0.19535331215529256,0.7646720978086932,0.19535305586546958,0.8780516917943554,0.3028628561371104,0.7677456140846934,0.3028624462451499,0.7777191451604247
2PXY,4.7971903135246805,0.810967597501486,6.987897936469925,0.44928615199242106,0.2347551611490761,0.5549039212166446,0.23475502669215093,0.8326592857527153,0.16129538873649502,0.6040887986684315,0.16129488690823854,0.9097370386980929,0.4522658128178466,0.621997556852381,0.4522664907641231,0.6692935763647078,0.1862687625929352,0.7418261733321675,0.18626892306472392,0.8811894238489311,0.16194004999436565,0.5196497078165597,0.16194030699530676,0.911447962256425,0.5254035374847035,0.5280358625144121,0.5254035800548122,0.6053696178730171
2PYE,0.676490738864202,0.9920716796248602,0.7887839973434927,0.9793078685963753,0.12398384362830632,0.7803345551009429,0.12398428172008888,0.9432512068241197,0.3471295802986423,0.6698020457607614,0.34712942147254167,0.7521465025503397,0.24567885887217225,0.5793316560938068,0.24567916638812723,0.8302873338545625,0.16904085960407622,0.7500296238864825,0.16904096733925164,0.9012644659270783,0.19184641659016438,0.6335636953401583,0.19184678290144971,0.8783575506908509,0.28569667273591753,0.7101097083722808,0.2856968986775549,0.7743928616722869
2VLJ,0.6735219694754013,0.9921543612860098,0.7676201454300519,0.9820053366641545,0.23204245713165958,0.4875606486236606,0.23204096744387118,0.8307723588814492,0.19053446259122606,0.7270661516043823,0.19053431884363808,0.8836557992931772,0.2134196770841674,0.469921745590512,0.2134195387836885,0.8539677929052422,0.13361383999078716,0.8651106827327439,0.13361494106641997,0.9366702494867034,0.11243195835088857,0.867623701633887,0.11243271405097283,0.9531529397119659,0.23868844149764523,0.6924223457296291,0.2386891745509407,0.8313069540796878
2VLR,0.7610072233632386,0.9904432482947929,0.9376559684491459,0.9744179221204049,0.15992072713412156,0.7090725712780783,0.15991971919230163,0.9090209641719387,0.14207293475676663,0.7193578103155861,0.142073094566659,0.9267147424068349,0.24784826650976194,0.4922335459538078,0.24784823997459823,0.8207653597880681,0.07877066616769553,0.864393843926113,0.07877111980254642,0.9764117474045027,0.13571704330833925,0.7856702636985854,0.13571681525120696,0.9342469575466663,0.24408499242387469,0.7769611716713548,0.24408351187712093,0.8182362485267771
2WBJ,4.979184264109785,0.7733935190953991,6.374072586711324,0.4429936896964402,0.2559989500036374,0.24042187707400126,0.25599839648449163,0.8156610329224826,0.24375083213474133,0.41703237301830726,0.24375076996059855,0.840986847713042,0.5375390649396979,0.25772067861107556,0.5375380320790902,0.581258101620383,0.19952582641216052,0.5842569085558469,0.1995259808665053,0.8701885332871361,0.6578016210554729,0.3388437530959685,0.6578012990308568,0.5282472530332024,0.3772721017649785,0.47987156014628657,0.3772719083912732,0.6855849546717062
2YPL,0.730716692689692,0.9911801557280691,0.9245160335738299,0.9758190791400188,0.13035034276212734,0.5517668529799175,0.13035059653201678,0.9381312246340956,0.18384231688267155,0.8028305296633514,0.18384125550650182,0.8841610282727828,0.17181974130028219,0.794048236428191,0.17182031818235977,0.8976867565807215,0.13648815427309702,0.7904542988751473,0.13648801747489941,0.9329571171339991,0.12454103512040611,0.7427183754851856,0.12454165722546269,0.9436844991794905,0.2920764666537475,0.5955132760531939,0.2920761917484057,0.7685522683125223
2Z31,3.8440039701271487,0.8555915659939552,5.520952389207655,0.5631689606281505,0.18895433283763546,0.5621316608916489,0.1889537494694125,0.8791247848323174,0.1160925413729902,0.808600535250202,0.11609241961291829,0.9499775650476677,0.5017169787521628,0.5226805842850303,0.5017168640216415,0.5961694616170152,0.27958766610307223,0.5766243806408367,0.2795875521272679,0.7677250643445842,0.1382646908590222,0.594585022900141,0.13826349107919095,0.9321060711867158,0.3532416869619986,0.6149094246485214,0.353241695955096,0.7084714843104534
3C5Z,7.726766793965462,0.7620343823714549,10.997015311036598,0.461716863354175,0.144642062897638,0.5762527147538363,0.14464259281820727,0.927064779582431,0.19587100390138534,0.7572168200617077,0.19587137872125815,0.8719541784817791,0.22278604136281766,0.746154098199944,0.222786549793657,0.8553281537038221,0.24618849267512302,0.6035674299916121,0.2461881622042971,0.8100721381929221,0.32112212480736685,0.4572148339120811,0.32112124023476685,0.7315981722275803,0.2876812678817369,0.7444192717952188,0.2876814391426414,0.7722213426796571
3C60,7.980015060085176,0.759027963147198,11.37117853606282,0.4395823339141857,0.23421715216161273,0.4523430401870627,0.23421533716270287,0.8258109540097055,0.424516667609495,0.516907523597789,0.42451787856619627,0.673162495581878,0.4414737613187664,0.6472241339159953,0.44147450205793204,0.6724829288862341,0.27789130159621317,0.7465387590990581,0.277890831487238,0.791847325676414,0.29594424537154873,0.6016115304229762,0.2959441083681129,0.7774736375688912,0.5166011590564867,0.5038621713768424,0.5166018151176851,0.5746202426989944
3C6L,8.882398053604295,0.7316614211632627,12.609353489060805,0.4101546782016088,0.27373908957822857,0.3086887757677865,0.27373883749596584,0.7804487340814218,0.8746037107893535,0.3338672433477453,0.8746034912411353,0.36190413196725996,0.4128587554580717,0.6051880439774191,0.412858590683741,0.6388809331750496,0.3422416388996245,0.501659032303606,0.34224189277546146,0.7016773592247104,0.30821076976425343,0.5307353112707119,0.3082107898575218,0.7627066112423221,0.4968967015562673,0.5862124267744696,0.4968967061471122,0.5436258062560066
3DXA,1.0155179082007166,0.982558710153308,0.9494294332726848,0.9713834472035345,0.40380896896207025,0.33954063159058345,0.4038100665991415,0.6646561314913375,0.4887233699384284,0.2300733889847905,0.4887228799230819,0.5475056868132467,0.4089111030673826,0.5162558122666542,0.40891029191287526,0.6512241659102173,0.1807600308825599,0.45228262307987777,0.1807594685367717,0.8896834223431895,0.19443239142065305,0.7475423039142698,0.19443180487422085,0.8734235760317479,1.7043597348940376,0.3610049751076767,1.7043592349269807,0.24687181156439492
3E2H,0.5320055546935912,0.9948634541292005,0.5811725998951723,0.9885401907050678,0.41609149034052445,0.4841997677128833,0.41609190344067737,0.6463723939593141,0.21312269132785744,0.617347751652937,0.21312148392883187,0.8558829166304256,0.5313266533893577,0.49077941439391826,0.5313271978576948,0.602964674606866,0.11051031820405532,0.7517518502169797,0.11051021883800687,0.9543004943964293,0.25089461447081246,0.730543455418486,0.25089514448345135,0.8128152354068514,0.4182947089374385,0.5597760296587068,0.4182947550715821,0.7385579255087287
3E3Q,0.9476480355523479,0.9848859112591416,1.1497770335789155,0.9587083213937742,0.17438200854907465,0.33632108192103477,0.1743819008647358,0.8958856682952084,0.871776345560627,0.23305711398489776,0.8717769502258255,0.4304063072087918,0.29377879277058555,0.5389683610736267,0.2937793894053815,0.7539821485905359,0.11878817380237298,0.8322501447099281,0.11878730384906874,0.9492787585420907,0.17901524316004191,0.591973401889288,0.17901472162068155,0.8881836444626955,0.3171277680968063,0.47406405578736455,0.31712708828653546,0.7714744052174486
3GSN,0.63262318770055,0.9931741043380616,0.7762848920411706,0.9811363758926432,0.204424837935532,0.6565609525001134,0.20442507764406864,0.8608240215040416,0.2426685614002203,0.7471361596910143,0.24266773378757753,0.8130053230310825,0.6357295025179981,0.4276542673127992,0.6357296433000932,0.5454067184479564,0.24844599406804052,0.6436299747603542,0.2484464925255577,0.8159154924971214,0.15668944343605165,0.8134087013176141,0.15668857072483972,0.9119914543375113,0.29915620897854645,0.5735557275440447,0.2991568468856097,0.7835081045082669
3H9S,0.7885523139146908,0.9898723962373136,0.9560040837280306,0.9743230687764203,0.17938440988374793,0.6177856510316916,0.17938425674119823,0.8910234804932072,0.12679495256523407,0.6337475684711504,0.12679505752071973,0.9399203420416614,0.3154395412974854,0.544308404295098,0.3154397955510216,0.7335546013302386,0.1724756592703782,0.5935312917680167,0.1724759625911207,0.8965210649868294,0.17136400195244955,0.7169476492592066,0.17136441625406398,0.9008018289460495,0.7221904737847844,0.37092648629595387,0.7221908794612827,0.37162305925342615
3HG1,0.7794566401266911,0.9907109041017231,0.7746497566150701,0.9821402844152254,0.2726318697203691,0.6140492265518657,0.27263189384461134,0.7804023638496197,0.11993048424126268,0.7500445187882292,0.11993017306429248,0.947453276611994,0.3525014882312931,0.6752847799381851,0.35250259503823156,0.7094433138426298,0.24377788171334194,0.5931537705186819,0.2437780969556554,0.823616678832224,0.21955664132846195,0.5718962431691205,0.21955780335855274,0.8469524274439116,0.5427711130489248,0.49343777006490563,0.5427712890489683,0.5491264197394499
3KPR,0.6994181279548433,0.9913972854390782,0.7861824057060415,0.9803004058822598,0.2828656314981822,0.6350975227652276,0.2828663049660828,0.765418896049386,0.308087382419318,0.5407487687475646,0.30808776756204304,0.7281618622241517,0.9209831992972565,0.3392177410250896,0.9209827935735974,0.38490630059071673,0.09507770033383224,0.48973774412441723,0.09507783545470622,0.9654857572924485,0.15224190797534276,0.6973411443762744,0.15224172862581972,0.9194976839075109,0.19084713921850682,0.7527222259624594,0.1908471648476659,0.8813102211750183
3KPS,0.7159352350730629,0.9908213399951756,0.7780928588916053,0.9801774050514325,0.2536173389406239,0.763195809689188,0.2536172964653368,0.8084175679800539,0.4013707788433723,0.5746409878419969,0.40137070750505416,0.6298177160473759,0.8725895407014046,0.408458667216121,0.8725895357833073,0.43130323946232985,0.08340662049009703,0.6871935412165788,0.08340614652730861,0.973241883267059,0.17700016048729264,0.6370678333271279,0.17700002931985756,0.8922403599900294,0.21107886042957766,0.7053098418085221,0.2110789547034041,0.8563658761932444
3KXF,1.2928342698108959,0.9785566678864823,1.2896726788554493,0.955220667687693,0.3124574395349382,0.48626713137613764,0.31245728674385786,0.7392413071127985,0.5976549568723483,0.5761765149228999,0.5976543369561258,0.6136174180700842,0.24073262246934693,0.5801746268394161,0.24073276833320262,0.8198813393412601,0.17380315278524183,0.8332075116499933,0.17380369656288364,0.8925790929169082,0.1865902892623658,0.49665937426248535,0.1865911125027458,0.8822764040553478,2.555880677528196,0.1815995631336762,2.5558809142097796,0.0886129080816051
3MBE,7.294076581210533,0.7378215151080595,10.741059841398423,0.30093028101365954,0.33130847367717936,0.6083733609323786,0.33130808119248983,0.7283177096153833,0.367410361608855,0.5700916711059626,0.36740957027296445,0.6731439811991242,0.5013509365745729,0.3894965729535582,0.5013508743185476,0.5827327190214112,0.12283704269499952,0.7278154928135102,0.122836694946613,0.9435150658444875,0.2112262233607018,0.3868887934958507,0.2112265769155526,0.8515845476007552,0.690914529950894,0.30093100687530583,0.6909147626825443,0.4437765770353277
3MV7,0.9629381516909854,0.9849098833909026,1.253460397927845,0.9553987209227378,0.2019036379680086,0.520980836421682,0.20190292480823455,0.8646241389251933,0.16129465351980962,0.7238688659363468,0.1612945531019072,0.9085601826389827,0.23403928510942004,0.7373552009461226,0.2340395061468471,0.8353766951707011,0.1598174438592564,0.6832991020968074,0.1598189678644027,0.9116054943249292,0.2047672267677227,0.5599647655870635,0.20476787624035153,0.8649150413085408,0.19221945091886727,0.7260956344515507,0.19221943442833897,0.8783405411151092
3MV8,0.9974103107793456,0.9838726497171374,1.2658625849345713,0.9555068795188162,0.17433323413265464,0.5116742121194192,0.17433350081848487,0.8952296604303903,0.16270477849394763,0.7381091994566796,0.1627051283865568,0.9075225246721293,0.2126940535427982,0.696802162272194,0.2126949033162386,0.8583252556427691,0.14463463563987142,0.707360440351396,0.14463479048594757,0.9251033835011697,0.1500121511198231,0.6718034505334486,0.15001310132042364,0.9191418879943258,0.22317209925592538,0.678497585959378,0.22317238409231796,0.8435817346551466
3MV9,1.0449063197690287,0.9827735588748954,1.389201297310347,0.9483297250501814,0.17903758191527175,0.5232770604778997,0.17903463289902694,0.8929256807093413,0.20701860710297734,0.65477042497073,0.20701881601312724,0.8559315827559202,0.3229073894460482,0.6682828698270815,0.32290784435410314,0.7357389614516414,0.19216654714272585,0.6723581987414404,0.19216664998550018,0.8752020547159771,0.5068148448042605,0.5436844120015182,0.5068160847023837,0.6209564574059256,0.693190941343804,0.5060240632304829,0.6931908798623393,0.5540709602055323
3O4L,0.9941025385839718,0.9855878024425722,0.7182065943192857,0.9841962678928752,0.19903913740242007,0.5293946940792655,0.19903842730436733,0.868393970192097,0.20759507544051484,0.5385927567293349,0.2075946624382346,0.8557562990651343,0.24653041114219895,0.42572799721893306,0.2465290375996572,0.8275567930916758,0.3589429986741895,0.30533118259264214,0.35894285628627554,0.6764180370127639,0.21648696628746714,0.5883176121476128,0.21648583716986355,0.8496479162265523,0.34231761099467245,0.284762413628753,0.34231863668901774,0.706674108812204
3O6F,12.26967818291414,0.6613631732682669,13.29478925923187,0.21034015992048796,0.22942308279720333,0.49827736498062664,0.2294233704018806,0.8365648258933983,0.41413086664159854,0.5200173611438468,0.4141313914176355,0.653795710692638,0.30619488254873034,0.6111516668057966,0.3061946823755914,0.7717326318834328,0.3178098527545962,0.5086556897359126,0.3178091920411072,0.7230782910941324,0.35945960149717854,0.524187081673856,0.359459224501212,0.679864579115117,0.7271777350232773,0.30006592416482164,0.7271775520373246,0.5612829514639103
3PL6,19.890609658986424,0.5654637960523954,7.5263007858128494,0.37005885804724536,0.1597219478649032,0.7781201540886157,0.1597213169425137,0.9101631726023709,0.20117477260367694,0.7858916483670958,0.20117548169629382,0.8689356204218098,0.2196022443300052,0.7865721169080466,0.2196019819243153,0.8439487718424737,0.10118641688691411,0.5968763064440956,0.1011865511616245,0.9613839839014524,0.1367701820691142,0.8453477061864207,0.1367699223766399,0.9341682667453391,0.22533738135971945,0.709607874291003,0.2253370876093464,0.8494626860087596
3PQY,2.5712344831283462,0.9019971002779459,3.7462469716260767,0.6567668653572515,0.6902325802256916,0.4240099002011674,0.6902329554039395,0.43599510975819555,0.3587444093409732,0.65904599023519,0.35874479025894346,0.7204463574392534,0.47084744649573734,0.47877488694884485,0.4708469718047486,0.5897291123462808,0.28248318724483834,0.46232690392763026,0.2824831468832568,0.7700407813890691,0.31513946769977436,0.6126572670332038,0.3151393818516602,0.7621316549905774,0.18862161622782803,0.7416087665424025,0.18862241433901736,0.8789891510020458
3PWP,0.766478935994167,0.9902465710030943,0.9453110007828003,0.974166050250693,0.1584650816702195,0.6428288848998522,0.15846539061073903,0.9122613240660692,0.19252363064552522,0.7738607088285318,0.19252342347889184,0.880886971476916,0.3124027446754327,0.5817549697677822,0.3124030392333026,0.7441780264224725,0.14230588251359905,0.5091031969478578,0.1423055207853745,0.926456799256988,0.152539101561054,0.7615309480927258,0.15253926217567518,0.9190791151583554,0.6119602075588667,0.4563247270963024,0.6119599615527205,0.47134858450257
3QDG,0.8596909148347824,0.9884165480370821,0.9407675507789174,0.9762527548380563,1.469652282097004,0.4379674570782603,1.4696537115708457,0.1931860224075296,0.22531639290192468,0.6386870944599823,0.22531732209514835,0.8459612422054086,0.3726853439492339,0.5653145734833558,0.372686007887847,0.7349822863532125,0.13066730647062214,0.8095832442921902,0.13066625914235755,0.9369971375547059,0.18372082944811263,0.7800593459522003,0.18371918532373907,0.8884410688217454,0.23912952143102856,0.6556675681203654,0.23912960591552448,0.8284682498092931
3QDJ,0.9208429440892147,0.9867302379156716,1.0301719455827834,0.9720329964039107,1.4575366313604172,0.3819408235167539,1.4575362809878762,0.22345474624681558,0.21831181770494135,0.5188872454158996,0.21831116384334254,0.8535056440364528,0.27850329884015773,0.602518570193163,0.27850301591568316,0.8018118677477428,0.18688820787514257,0.7590422822057421,0.1868882303825087,0.8829289098888872,0.22164815254323716,0.8030571513046064,0.22164714170883384,0.844481535961358,0.26957817417530056,0.6830384798344963,0.2695786264294977,0.7894644918992533
3QDM,13.510802674462576,0.6554198255945729,11.744922421115128,0.3133634110404912,0.31425549047579876,0.26917002300091686,0.31425559236452555,0.7392928157786436,0.39542775617484244,0.1314757788139444,0.39542996351929177,0.6495885036761607,0.5000452749405967,0.388357374978993,0.5000450629253667,0.6496017483698987,1.2588261396806346,0.2388568496872283,1.2588273288706813,0.29733910149469,0.24663549380996705,0.48281214989405674,0.2466358008836664,0.8082771488966172,0.3686975204324299,0.4988651362602794,0.3686966935193704,0.7062248296009184
3QEQ,13.036189294977788,0.6704074654373317,11.508125984890668,0.3432861182798251,0.23196541354447434,0.4731338302687,0.23196596912812745,0.8425915330924013,0.45564686659258774,0.3232919564522275,0.45564679446082107,0.5726094073608387,0.47369647278556243,0.3005997189843813,0.4736964467069722,0.6584030595683299,1.3317450137058706,0.17790252934272988,1.3317453216818826,0.23380936935835303,0.1801158766305828,0.606052311170833,0.18011548802320543,0.8924464148034996,0.3488524604734097,0.3108512030338895,0.34885242678898404,0.694721810973526
3QFJ,0.6187960135776868,0.9934965282359133,0.6873138566132857,0.9858311575568754,0.13570887558808026,0.6479276382164756,0.13570993612241797,0.9340619522307164,0.11938568817446422,0.7647474779624472,0.11938546791642062,0.9484934784382774,0.33033602088255315,0.5947191939165815,0.33033639785184155,0.7145892345230058,0.18593791299447518,0.5571628661544157,0.18593812617225636,0.882812291627015,0.1612223954630068,0.6118002477461152,0.16122336056655734,0.9093237451691407,0.5903240567913693,0.48619868178754355,0.5903243527831635,0.5167508922925261
3QIB,11.70919252237596,0.6590863547585367,14.728201222381369,0.18796472984830667,0.21753010376983828,0.3331720548424077,0.21753095336879466,0.8428599150812147,0.21323360166181596,0.5110614780074632,0.21323474367210396,0.8670984718637484,0.43815032821320327,0.24756603993656293,0.4381499037348394,0.6483453675427442,0.14346883015307055,0.3332588052546409,0.14347011993735043,0.9272419829452744,0.17034379885826553,0.6932992674585036,0.1703433593815594,0.9020317939178574,0.767675676155194,0.28425382789376724,0.7676756182910047,0.4911971033499946
3QIU,4.464077332821731,0.8019017436991012,6.553850700090302,0.40160515515976475,0.12970926335509203,0.6195245029173897,0.12970899495845106,0.9385081253011613,0.13988146456795655,0.7344346659325591,0.13988173454491612,0.9288846960822159,0.2674282434905531,0.6423778418680572,0.26742799143033835,0.8051598018755327,0.1509539462180349,0.5584955222660651,0.15095287580608696,0.9204845058722828,0.18057046427502974,0.6242857667469607,0.18056992495678056,0.8885388980096464,0.38045608801907643,0.6765500750733242,0.38045634039962567,0.7410216608280739
3QIW,4.49915159840081,0.8043162349899149,6.650294608952652,0.39990633702995626,0.13398032469112095,0.6910698477858946,0.13398046072517789,0.9340941190539146,0.10224129805210075,0.7554464522524006,0.10224238097681285,0.9602287516350494,0.18020191297208035,0.5812599079940332,0.18020205419529495,0.896894154021192,0.14390460792989607,0.688141839868972,0.14390515800374606,0.9244603685968199,0.1767047827435323,0.5944547210133461,0.17670502095707236,0.8947748087448514,0.3808329233390875,0.5977002675280128,0.3808326175943629,0.6586298840696295
3RDT,8.86339944049811,0.7352956296442463,13.06158947625265,0.3088351546533745,0.24283951979475835,0.6659431823378251,0.24283861933243694,0.8222162427638562,0.19562757314287518,0.6848863834566202,0.19562660702919696,0.8736827991030173,0.2436420162185183,0.7355539827766847,0.24364179983423975,0.8417502681335035,0.11213949540171465,0.8467606842121589,0.11214058992941425,0.9523077312408759,0.26287519697103273,0.6485628224386945,0.2628749166732463,0.800323340787909,0.22461635292096668,0.7120218746704364,0.2246165622033713,0.8395377134960136
3RGV,1.2076532357642775,0.9816424707582915,1.480745789321505,0.9590951341003796,0.23602622783091012,0.5691227636777615,0.23602524474901995,0.8270439504012238,0.3469121780129688,0.4730918875750527,0.3469122427143152,0.723868847438027,1.4972688688698494,0.19329713302691598,1.4972685577064166,0.15437779810204652,0.2636582649636123,0.616901490611825,0.26365952750106664,0.796060775806406,0.3056949786375708,0.4420568156361659,0.3056948291561138,0.7481033626691006,0.9893663862616298,0.43355685311174913,0.989367078455033,0.49361074171588054
3SJV,1.18184665118489,0.979184197135238,1.3917280829278806,0.9547404449222413,0.2783981824264352,0.2701358147219371,0.27839876093298455,0.808387990635402,1.3984008535241894,0.08875128411498172,1.3984024820892904,0.13269275956261123,0.45221263476645607,0.4338990134093247,0.45221252084956837,0.624923083425911,0.26475678665531654,0.43396919356950414,0.2647555604655431,0.7838432335031681,0.554051786540528,0.45596972349121173,0.5540511189747682,0.5413287643611298,0.5053336591519968,0.5783835481748866,0.5053322473525211,0.5904176353885028
3TF7,0.5885378163366486,0.9937468662047556,0.584470570073798,0.9878492812688874,0.6306070284529001,0.29188672992992454,0.6306074863570907,0.42061304012798545,0.21585513597940512,0.5848686312285228,0.21585619462946756,0.8482138323328734,0.5840994140875561,0.20236389589718595,0.5840989994698488,0.5668488490419256,0.18345429552026588,0.7032465971258804,0.18345585056818842,0.8841959858924463,0.31381281744630973,0.5479057477835511,0.31381249503687336,0.7488368762158771,0.1777906032455186,0.7165065089641559,0.17779012306983757,0.8933390925464394
3TFK,2.510602550617137,0.905842292407493,3.688024094614197,0.657743488372074,0.9805122787925018,0.22017956473587574,0.9805120878761069,0.40430137958826773,0.22547463774274598,0.40119663082106094,0.22547562889584613,0.8363474965712842,0.46252279281451003,0.401725586934719,0.4625228981554674,0.6057069558898186,0.20599915897826113,0.676890384675125,0.20599969716319388,0.8603854806886325,0.23060042383039453,0.5790706893781005,0.23060157001818052,0.8381724387984533,0.2162869870662724,0.7530398624418742,0.21628787221232798,0.8488497652213212
3TJH,0.7320914435165843,0.9911935118249094,0.5140298023669254,0.990124785861579,0.8320516302020968,0.1915785678297549,0.832051439163205,0.3683981796461251,0.2716800051319642,0.6494005841269149,0.27167992027235854,0.7768970198595169,1.7206482075312746,0.22338255378453545,1.720647967094473,0.10717211301042696,0.631315211094496,0.4698429025150966,0.6313150485181465,0.4246097768614808,0.21755827508314093,0.7130163132380051,0.21755903907093788,0.8470250997931407,0.25715599600028977,0.5482284044470694,0.25715658851518736,0.8168327308194765
3TPU,3.763411438196531,0.8409549815069967,5.558309911860085,0.49796690344774625,0.9898433832016088,0.1456973113652968,0.989843074485672,0.32515900827844835,0.190385392420626,0.5620515301214173,0.19038706620193918,0.8832995111673448,1.1298510281863952,0.238670566710825,1.1298512906768927,0.2050034543282332,0.12184894686766123,0.7480257807284016,0.12184816377276793,0.944180566428409,0.15589961500485586,0.4568165394882451,0.15590208789705137,0.9150549059141092,0.36511958960871677,0.6212427209876094,0.3651186084969462,0.6935992154523474
3UTT,1.297821980665702,0.9705161270259899,1.0495711953727602,0.9637296953854396,0.47156359765780237,0.3501965352708207,0.47156313721551324,0.5989178341687383,0.3921969628215705,0.45132370965416335,0.39219654051775815,0.6652279738846403,0.5565872126199763,0.36837898631419735,0.5565875783282509,0.6237040525532107,0.21096492467945435,0.24168609306393388,0.21096543134376916,0.8521744277286943,0.24260398570969519,0.6751824925891969,0.24260412617147137,0.8238721261852145,0.24271678394141374,0.18920498893177867,0.2427166412717413,0.8161698853014278
3VXM,0.6282434972327394,0.9934171077149417,0.7842811559642857,0.9818337914488907,0.16926490514672957,0.5990774432395909,0.1692648617896814,0.9060585526907988,0.5239687341154883,0.7163242215827021,0.5239693902379984,0.6642710476183349,0.30474428472953213,0.5654118311686257,0.30474459524016667,0.7510220417921176,0.12634228232761266,0.7173932321816339,0.126342231282472,0.9401623893325392,0.08612819459603029,0.9446191063183073,0.08612790688432356,0.9718294920042866,0.41301031790774684,0.5628961427480408,0.41301022513007946,0.645254507883195
3VXR,0.6311042077163644,0.9933348474275497,0.7966755577719623,0.9814189489438642,0.22555037571338862,0.5288121997616126,0.2255500643824823,0.8408799831205177,0.1377852614810492,0.7717355415144661,0.13778521690859194,0.9307947694735699,0.2430238761769783,0.6086069044538432,0.24302361836483294,0.817118820186841,0.6160636134433286,0.4620392151582003,0.616062881011683,0.4813777027253444,0.22423084600592375,0.7239211241858688,0.22423192915704557,0.8440838155570799,0.37903844572856565,0.5263394924776317,0.37903894935375515,0.7065497112271998
3VXS,0.6356807138743813,0.9932121424696974,0.7820316870167322,0.9819683320194132,0.17999918244225022,0.5163864687777612,0.17999835916070434,0.8964561275287872,0.13682830594512668,0.4779969841554566,0.1368280441902305,0.9318591517199274,0.20412732911866074,0.5914309988386639,0.20412753708588138,0.8679571801659954,0.22583689528241568,0.7173959067432513,0.22583642452536407,0.841035801527601,0.15364670254160792,0.6656032249137356,0.15364681232972127,0.9144035352890211,0.5258015637755027,0.4620565732472013,0.525801819059612,0.617529337048316
3VXU,0.9599213864772554,0.9850067059498918,0.7379152874588921,0.9823026140381249,0.3203290715431015,0.2154491497835632,0.32033023564256563,0.746640747099197,0.37016989827085806,0.309047317404002,0.37017017575651817,0.6677800626466502,0.8504597783479259,0.3813043606337928,0.8504601441769749,0.44185299963368035,0.23600415211939282,0.6011625085283703,0.2360044009630023,0.8279096999085105,0.1986227841980334,0.7263426863464963,0.19862401699198065,0.8802380168981147,0.7441094803534466,0.3149978822416366,0.74410887942103,0.5290303746788656
4E41,4.476137138395131,0.8134828077053888,6.65581122541337,0.432431544118306,0.232509657994382,0.5001593257721392,0.23251182319024435,0.8254296636766429,0.30060881949358714,0.44829708993857215,0.3006211837216532,0.7513686940174177,0.452513101784191,0.595088736585483,0.452515994239351,0.6413269928009214,0.23562327071456096,0.6445006624720522,0.23562026299689462,0.8237399026859643,1.3163383491513443,0.193050079002538,1.3163290334258164,0.23386120492659748,0.21280813452408615,0.4311236928209019,0.21280886857213308,0.855549755732536
4EUP,12.695137223016305,0.6517058650822668,13.674888753888713,0.26913770820337,0.21183083621824433,0.5449542253314129,0.2118311600004324,0.8612468118669915,0.3459875328430396,0.31739619837756106,0.3459880726074366,0.7013986485171326,1.0414067297279042,0.18761238341132555,1.0414066829996438,0.3275571223751571,0.5392440762138623,0.15366443765889745,0.5392443767287308,0.5095474690273172,0.7141237378783084,0.0631769645678514,0.714124136659114,0.4067698120028651,0.7059200976647717,0.33474037687550867,0.7059207556043875,0.44556848299593854
4EUQ,12.60661717431002,0.6535023820123884,13.538886341328274,0.27802599564417896,0.5306350011356246,0.2924195603633245,0.5306358201381108,0.6100372809654491,0.32901149448333344,0.544636788719817,0.32901094329602637,0.7151880802871378,1.120055554290038,0.2344900973906436,1.1200549051825326,0.33506874660797903,0.29539381283189353,0.4780724543210989,0.29539261377272336,0.7538947251691773,0.5452641138605174,0.1609888108720605,0.5452618326667739,0.54614214628956,0.4757910054590467,0.37007042458681055,0.4757887809368514,0.6144342336838816
4FTV,0.8112084279104566,0.9897370491373086,0.7358299213329422,0.9831600798146244,0.15072535413974428,0.5619872064502082,0.15072500930463686,0.9184622783518545,0.16850629232434783,0.5633039285178462,0.16850648214474565,0.9028215864855215,0.38450019163349236,0.4828239869142628,0.38450027183266966,0.6925856300854741,0.21717415615787589,0.7170615780471329,0.2171741389616834,0.84346867676608,0.1799263341732015,0.7615308775316612,0.1799272669394573,0.8942312059836578,0.8299408627212315,0.4027958721432634,0.8299410197948388,0.43661439843206745
4GG6,4.965164023922836,0.7978861205234843,7.2332343217076085,0.41531139442768494,0.25006799820513015,0.5188965992313902,0.25006765878638665,0.8059491093563229,0.4947835957117229,0.488232915476996,0.49478374265997516,0.5804624814223429,1.2161662559644424,0.23585876288188246,1.2161659335200663,0.3666776529915575,0.34679017964470266,0.4562935656121797,0.3467905068270272,0.7024550976660133,0.19471211952762627,0.5339402352802439,0.19471224181664887,0.8694505211819799,0.38283079784377494,0.4450730531750857,0.3828310098050599,0.6915075240906694
4GRL,5.6117172370308355,0.764536200336591,8.136350043008907,0.3544360624181435,0.2839214174692714,0.5556909116368588,0.28392139133456656,0.7761063784055535,0.2988196902317255,0.46397355406311286,0.29882005055141025,0.7698369197398718,0.23470341041468173,0.6907640428366183,0.2347038644494256,0.8275362371271956,0.14549301265625553,0.5179350866023996,0.14549310103813345,0.9237435757921635,0.17260090361810668,0.8034629181150877,0.17260113991139348,0.9007681956968705,0.2511879251330922,0.671519290336789,0.251187276365736,0.8148964988818663
4H1L,4.572569245784696,0.8067885231386689,6.402617105692427,0.4666452146223375,0.31214043741869196,0.29991779936330004,0.31214218479491607,0.7636233501143699,0.39267943773446284,0.4483879767533508,0.39268109463891526,0.6684087724853831,0.861460924291809,0.43680150156173053,0.8614609056704722,0.3800302843278929,0.24542892847156597,0.6547429201774724,0.24543018896405577,0.8140496270535948,0.204417930366532,0.45279374925120547,0.20441619836941727,0.8668356187116859,1.1378235918787982,0.45910380181119026,1.1378235279513618,0.3252086768099509
4JFD,0.5969121180470808,0.9940529955816101,0.7098618086513541,0.9855293918002624,0.23689241517932877,0.6874006359210748,0.23689264078626443,0.8272930650046395,0.19946003965937562,0.720071297810598,0.19945897051308698,0.8733446597309373,0.24482124025460206,0.7208794880858264,0.24482138877880444,0.8164835220619996,0.1833614949833959,0.8366156464717164,0.18335900319844875,0.8844895574137186,0.12595417365946696,0.7479009361115933,0.12595488495110596,0.9426038049923967,0.4059319797388478,0.5960925302999877,0.40593196768897516,0.7285512727958001
4JFE,0.6135424232259943,0.9935761939194093,0.6933488849239607,0.9859271243440206,0.22291014224856007,0.6677094705535063,0.22291110763388533,0.8430124998051735,0.0977800640296593,0.6939208368593354,0.09777928684786792,0.9639484312895967,0.23704041873002565,0.6697861829693628,0.23704022981284983,0.8266064062482479,0.16549546567190596,0.8133395748105148,0.16549794958072545,0.9057601625111165,0.12445874263887953,0.7163934318772032,0.12445844133396815,0.9429682369278819,0.4568470092153264,0.587079794679606,0.4568479299514637,0.6787045205972639
4JFF,0.6123798536548618,0.9936810746884821,0.7149270349042167,0.9848564038807861,0.23977498797720392,0.7374841652455316,0.23977489645398045,0.8236294537242398,0.17134264009897507,0.6944010847418053,0.17134214382365312,0.8982677304367294,0.24534325294534443,0.6847814662814823,0.24534278901707893,0.8097223431496576,0.14618292845342565,0.885266903777303,0.14618365480743833,0.9229980751372776,0.11486250662968975,0.733528700524566,0.11486119095801885,0.9505654599562634,0.44224959773020356,0.5765357142214607,0.442249611770983,0.6945793976963366
4JRX,1.0126215790655035,0.9839640204004456,1.2715729227440096,0.9559342869322324,0.1355720200139671,0.5342569239503235,0.13557240359145234,0.9333610862625971,1.11950824372726,0.46696512626648734,1.1195084187556779,0.4040887938757083,0.22242413112052667,0.4643025673375038,0.22242398237065825,0.8472879962926947,0.13943296456249743,0.6138870120856152,0.13943303327661605,0.9290094148424132,0.24859537939174023,0.7724107475950106,0.24859559459035682,0.8182459067708363,0.3000377390688519,0.4863921121992705,0.3000378434454598,0.7601353015340419
4JRY,1.0815606733425729,0.9818125144397963,1.3513676557983867,0.9515458027984337,0.23422307253188243,0.6024051841057517,0.23422030536699634,0.8337466380241768,0.23716110977550517,0.6694104924903369,0.2371609534005,0.8251089589344104,0.29142595893770873,0.669859155503981,0.2914257817976087,0.7700820913128414,0.14374523396772518,0.5264257657808485,0.14374544152369081,0.9246639474848797,0.13220330710601957,0.6158829923264857,0.1322047048857408,0.9398326210344132,0.32747621911008573,0.6731042104712145,0.32747610616924694,0.734924775244424
4L3E,0.6900232339688017,0.9919063170799574,0.8161415377096701,0.9803041851033847,0.17003405902690938,0.6894402375017373,0.17003341318332887,0.8980261259745331,0.12184003313861505,0.8202921579746837,0.12183990196509828,0.9445685711012642,0.25726768838939396,0.7089416378145039,0.2572675890624778,0.8126807100102906,0.09351328332845256,0.846848161267574,0.09351364847713474,0.9668988368134726,0.15037178422541095,0.7108771008465545,0.15037256418417153,0.9176802299774436,0.21406647367498763,0.6933594744565843,0.2140666388485656,0.8542875120987081
4MAY,4.038723977855481,0.839719977746448,5.988463563681856,0.4876436572701398,0.16747688106027434,0.6826278448386329,0.16747613532455818,0.9036625630012165,0.21516148882835578,0.6756052449858462,0.21516239777579438,0.8487177225768924,0.2512391810787234,0.7352907726751939,0.2512389630621122,0.8061771651714768,0.18651458587932557,0.6211261730191007,0.18651458342820787,0.8824715731280769,0.2560362864673982,0.7336865951023889,0.25603566561779983,0.8062111898499013,0.2047160619448483,0.6886895835639952,0.20471597282845663,0.8644540282133371
4MJI,1.1331586410898267,0.9792210872245111,1.0859300108047176,0.9659957365372931,1.6774753202521757,0.15538850766279758,1.677474944417902,0.18288556055256472,0.3338382978911834,0.5189975530985081,0.3338393838411516,0.7358097359290866,0.6662321882234123,0.318308753905065,0.666230692593041,0.5169269606410856,0.17575469310512087,0.3953777270407178,0.17575635094202166,0.892652225717239,0.31297084418603593,0.5528657025154958,0.312971160826486,0.7613984085104301,0.30802490773859537,0.6400828236067373,0.3080281191164675,0.7758372929556134
4MNQ,1.2103407986207149,0.9760766887718367,0.7405357030998618,0.982551991225302,1.8911633825931062,0.028171311119414906,1.891163170619413,0.16682945011870856,1.0539453881832392,0.22248180356013095,1.0539459321613276,0.26801795010744506,0.36054048861956967,0.3320657583309137,0.360539956355499,0.6932584362162811,0.20632470101081693,0.4367727445563747,0.2063253892781113,0.8651193766467307,0.28025038510873895,0.652194615128516,0.2802498056957303,0.783225583364875,0.30121873781377084,0.6030102676795193,0.30121865385405044,0.7710365636695926
4OZF,4.1696683043371,0.8273481153912269,5.943239144677042,0.5024839649987634,0.28661323280466483,0.6374995638416745,0.28661410776013957,0.7753000636622628,0.12018726955291022,0.7099279181577567,0.12018693200388658,0.9466779931144439,1.2501029720651158,0.44381824006573484,1.2501036998290318,0.2901762013630418,0.15532733593468076,0.6473692623846542,0.155327581374262,0.91411733379932,0.1445243086251701,0.8497022389527112,0.14452408580260795,0.9248390772078944,0.2919126985846042,0.650950660076463,0.2919121011551475,0.7681590721006467
4OZG,4.184494903119765,0.8291030036567707,6.053516943921081,0.4968851199453733,0.30525805248738963,0.5021316604896603,0.30525981197637253,0.7447948202030755,0.2779252756907598,0.6341103086530764,0.2779278910098535,0.7747270731880957,0.7461006252760872,0.3473987217648559,0.7460982846392247,0.3994195623049702,0.07808521202597324,0.6573283316284235,0.07808531583936826,0.976367579843604,0.2126647168868528,0.7824223455383676,0.21266480133796808,0.852582972118547,0.23460335516627256,0.6640177663597078,0.2346058706370505,0.8246191476465534
4OZH,4.150325782606599,0.8288437290895944,5.965148534453807,0.49885858083641854,0.31742901262376466,0.5712023879292729,0.31742590828566875,0.7275100996164695,0.36746022642326925,0.7106142249027402,0.36745818073673353,0.7087768650827135,0.6115423976010114,0.46587575132877446,0.6115420053990903,0.4749256759159406,0.11312105576931865,0.7537340253750606,0.1131209155464654,0.9525866791560927,0.2199259794900021,0.798355571582408,0.2199244287990102,0.8536529636601095,0.27524853150492057,0.7172844142833739,0.27524991265140064,0.7822360261251646
4OZI,4.017422597173339,0.838235277344161,5.783154174172003,0.51496430059047,0.3505564170390917,0.15677017025592108,0.3505518912009192,0.7279748555668393,0.470108839687502,0.18205249487875283,0.47010152949264367,0.5615150377339965,0.6816133134743259,0.2876386471350225,0.6816143081345819,0.537698629161179,0.4769439206832055,0.27131883924967753,0.476941099113576,0.5862286125100414,0.7630694821493527,0.31534651224318905,0.763076563970541,0.4044490101718569,0.769766171371523,0.3604208890179636,0.7697660414922619,0.4258476467529647
4P23,8.524307398603773,0.7284607921469376,12.349462404374123,0.3433288456383491,0.20772864994349122,0.7560769577901821,0.20772898160102496,0.8598066232783155,0.204905012215744,0.506306013140677,0.20490432484976048,0.8635317242576406,0.29828903427074366,0.7532919591611659,0.2982882780338867,0.7939444951973254,0.11186765998679722,0.6026551869990142,0.11186753861478638,0.9529558739359387,0.5386384925606817,0.36927414041261053,0.5386389052740198,0.4728816932572792,0.23492974760796678,0.5276569054019316,0.23492916865673488,0.8317040885874797
4P2O,5.282210621823648,0.7976603797141849,7.219309468482748,0.4891532707300631,0.21402743679197617,0.643021193246413,0.21402914027492714,0.8493483909716488,0.13568286657958503,0.677906945896927,0.13568371184606295,0.934768734789424,0.40310592860567207,0.4730086375253976,0.40310490008957367,0.6899812742443928,0.3185334086563613,0.37511034469138155,0.3185329652481037,0.7558145093204715,0.19577291715456074,0.7934421815651093,0.1957712601345744,0.8747150287852152,0.8375385456171407,0.48453013310577747,0.8375382626783541,0.4943217881187127
4P2Q,10.311124927415987,0.6804776617537054,13.49083557115695,0.21007756832296182,0.2510915517534371,0.14642167040051532,0.25109923958809344,0.8039511479833044,0.6083785273660508,0.1803575633098908,0.6083824508990429,0.4772905265976055,0.7523280207018977,0.2869317178958753,0.7523280873781146,0.47155846619616465,0.18180252953653364,0.22775922917113894,0.18180393206829532,0.885954716166026,0.5591538887242796,0.3779317825778831,0.5591544886656193,0.5410390301661331,0.8986729863685841,0.18792845757783783,0.8986727068798627,0.3346166344566977
4P2R,3.5402811801515996,0.8654054324097767,5.114621919638299,0.578249460220605,0.15345786483454538,0.4095412250170497,0.1534600483063159,0.9169613796031951,0.2640198421392115,0.6001167994525278,0.2640180236019821,0.7975013856785591,0.5604888860819487,0.4501191600250775,0.5604885859938505,0.5605830415077749,0.1677822057067359,0.5090716893355045,0.16778182385357118,0.9037828267956467,0.2193365055063544,0.5632072325023638,0.21933633684757373,0.8429609933496166,0.4631195796943533,0.4737666239822185,0.4631186102206903,0.6337131469305682
4P46,8.852644834468013,0.7347913879825118,13.035095475872602,0.30937215963545844,0.1996530702141771,0.6649299623052728,0.19965300946535716,0.86905251571147,0.23116641592051346,0.7396342401779062,0.23116645452970605,0.8271735732588479,0.2131737511767784,0.7065328378098833,0.21317277208852306,0.8738186682049666,0.1691501940756613,0.8398608580548721,0.16914986721303066,0.8979366073553523,0.12936585565038944,0.596617184689493,0.12936595165925227,0.9399510279164242,0.22531820198447405,0.6213503870228233,0.22531805979949304,0.8428120676759252
4P5T,8.942221092979683,0.7418404755766691,13.333848096769009,0.30739287319923203,0.2587747185849298,0.411911294405828,0.2587747885926016,0.7937055508085288,0.24713074919713776,0.7293409439880237,0.24713077424758653,0.8168596080460053,0.2788849664004778,0.6236205008571621,0.27888501919428776,0.7714150211284164,0.17682414642470554,0.7557371421293326,0.1768239730815019,0.8898535949029249,0.18201928064298145,0.7523201790456522,0.18201898569490402,0.8850709044824846,0.3709171961975857,0.5388222582342739,0.37091685208997666,0.7194637022604433
4PRH,2.5754379638268814,0.9035469898752634,3.7020760428448054,0.6673286962910912,0.2004608087569309,0.6359083888245182,0.20046049796593024,0.8695095292456697,0.24655806464477636,0.596787794472477,0.24655745079166796,0.83656511070337,0.320070863198315,0.6290254036447861,0.3200709111171052,0.7717050612284857,0.13237720227809027,0.6213531280787955,0.13237708765992298,0.9351337290057993,0.163541210183802,0.7147827849526487,0.16354077259733457,0.9063167724937959,0.22762157131781266,0.6757564747184467,0.2276210196478304,0.8441573226053306
4PRI,1.0800191804838504,0.9814191415797392,1.3456263494072143,0.9507885242479143,0.16859246306267836,0.5896412612559405,0.16859121914912528,0.9057548019758195,0.18046867157868146,0.41024784674793197,0.18046744513461943,0.8923517409345008,0.27164699598224684,0.7056391069379213,0.2716463265517676,0.8006317300555867,0.1348688068969191,0.5146464759465292,0.1348691560357103,0.9346724703753113,0.16418920310556015,0.6384646647250802,0.1641899467460674,0.9080224356197245,0.19492611390871403,0.6541046705243224,0.19492624687239488,0.8754896151176895
4PRP,1.0022398082279653,0.9842091841589456,1.3066749261999018,0.9540216721166975,0.19436882247868115,0.5573561122280889,0.19436846172097993,0.8777968618941276,0.1706945295897578,0.7196144338410898,0.1706944687961595,0.9064777963987566,0.2235196739177148,0.7571179484905248,0.2235197990251369,0.848887171474505,0.12272180799753735,0.7051047685886006,0.1227215867994626,0.9452475866588707,0.20581652871106937,0.646576497264505,0.20581617641745245,0.8645023992964221,0.20198242472067238,0.6162581198256487,0.20198293357201974,0.86870932943718
4QOK,0.8000542840183683,0.9903239701877216,0.7899098357741119,0.9814661420609647,0.3113133561307748,0.6880431079815801,0.3113123456528111,0.7348111557321623,0.21189175372781466,0.7427955088766932,0.21189122561832824,0.8504472929845454,0.25586034797000545,0.6750686257500761,0.25586012493577576,0.811905645162624,0.1812156842477363,0.6403364207734611,0.1812158676502021,0.8942555024048634,0.18174290435925766,0.7796723155769292,0.18174084404185756,0.8847374860575504,0.44494211911167325,0.5149941224770476,0.4449407403528026,0.6731583958597371
4QRP,1.138295107039439,0.9823917525104924,1.4430246446899078,0.9533138691508816,0.24456957037936722,0.23204128305534164,0.2445688007417131,0.8084595216129977,0.35346227381672535,0.397762912439236,0.35346208302549625,0.7058083551751467,0.4502437810021445,0.3593104416230382,0.45024386577131914,0.6071693258553521,0.13133545012802078,0.8114672000163907,0.13133554839091327,0.9375951545650232,0.15976562904320693,0.8534656289440954,0.15976573845983327,0.9076875813578006,0.7040312182729217,0.42477857908006905,0.704031218976035,0.6012947578239767
4Z7U,4.759791259088931,0.8126567661528997,6.845812557519284,0.47115293470180275,0.4617655772525726,0.20944182578241907,0.46176553563186484,0.6142645085149695,0.38300057387581726,0.251854379913674,0.3830009107258785,0.701912532491344,0.39305982129146433,0.3683287057851626,0.39305809022595406,0.6588778078984967,0.5007628969212236,0.45534059296682566,0.5007596966644295,0.5865527124311629,0.2689435686382619,0.5115021402779298,0.268941939774682,0.7901378332725276,0.5269744614098788,0.22974218895847232,0.5269754550633907,0.6106474097402165
4Z7V,11.763417033999064,0.6747500734067589,13.587704189304903,0.23592115216834184,0.26859200439895975,0.5588118855494576,0.2685906747419821,0.7995324551750597,0.34980555472653496,0.6060545079171037,0.34980358108372256,0.7033606123940245,0.2685657888214694,0.45946343709193493,0.26856551136549467,0.8056077910908567,0.1718259878056312,0.7919633672254552,0.17182463074903062,0.8965799256865656,0.1647880296273813,0.6799756440627962,0.1647883624098703,0.903815155879017,0.23329087427691111,0.7221674676342469,0.2332920150211573,0.8379201510347063
4Z7W,13.132409377701794,0.6481297073137336,14.066516271890569,0.20797276744475338,0.43019623907981247,0.3384375361747553,0.4301973626692596,0.6560164379828555,0.5756893358536167,0.17976008786685257,0.5756903496402771,0.48657705820889313,0.5587177570963594,0.32354571205525445,0.5587175979436806,0.4980419283702116,0.2672399132615683,0.6544381527415719,0.2672407067866761,0.7962663323307384,0.4510311532603219,0.19076970776996505,0.45103179864379117,0.5942651352651628,0.40642239162899424,0.4585151338956461,0.40642190808367407,0.651462601959101
5D2L,2.603282692583558,0.8991719509107517,3.7365326642422527,0.6580674783779908,0.2911757528052829,0.6489943642801211,0.29117383482085646,0.7585824726516631,0.4646016226698815,0.5309080923795347,0.4646010734005949,0.5853691806866138,0.3527852196617322,0.5923683204462461,0.3527843984297178,0.6958511081882855,0.32111474563984455,0.39636819755512925,0.32111367544575387,0.7209810992738472,0.3794086864290937,0.4205313127257195,0.37940940488989716,0.6862296909879028,0.52965663253539,0.27901518457346436,0.529656212535957,0.5459424131145575
5D2N,2.504830692205205,0.9075844256893247,3.6839689190510976,0.6647648512324577,0.2683488303797529,0.6844568478755273,0.26834894407107474,0.7889407193072147,0.39658330169247813,0.6664505885858008,0.39658256943023973,0.6436014262357512,0.3010117144866333,0.5477350432408961,0.30101158095906727,0.7461352238468736,0.14486715166586983,0.4808896584095474,0.14486611298208024,0.9252113749074642,0.14170743606365183,0.6262688762344202,0.1417073532976769,0.9285293798229232,0.46529075775146894,0.525125424461072,0.46529076127351277,0.650937738916245
