BA,BC1,AC1,BC2,AC2,dc,alpha_cdr3_bend_deg,alpha_cdr3_apex_height_A,alpha_cdr3_apex_resi,beta_cdr3_bend_deg,beta_cdr3_apex_height_A,beta_cdr3_apex_resi,alpha_germline,beta_germline,tcr_name,state,alpha_v_gene,alpha_v_score,alpha_j_gene,alpha_j_score,beta_v_gene,beta_v_score,beta_j_gene,beta_j_score,alpha_vj,beta_vj,germline_vj_pair
-62.68030361366368,106.89586563462899,-107.99697986293546,-159.94082500132296,148.10163634538083,26.809100795091457,138.60822220550898,15.60412440472738,110,164.56471656305408,18.664090723086925,110,"{'v_gene': [('human', 'TRAV12-2*01'), 0.9456521739130435], 'j_gene': [('human', 'TRAJ24*02'), 1.0]}","{'v_gene': [('human', 'TRBV6-5*01'), 0.9578947368421052], 'j_gene': [('human', 'TRBJ2-7*01'), 1.0]}",1ao7,bound,TRAV12-2*01,0.9456521739130436,TRAJ24*02,1.0,TRBV6-5*01,0.9578947368421052,TRBJ2-7*01,1.0,TRAV12-2*01-TRAJ24*02,TRBV6-5*01-TRBJ2-7*01,TRAV12-2*01-TRAJ24*02|TRBV6-5*01-TRBJ2-7*01
-67.16692651463954,104.9547905080787,-110.06033976742545,-159.8430156997716,149.30796644462703,26.0412499901634,166.79962338292523,13.59765552999678,109,152.53447472303836,13.824668076893827,109,"{'v_gene': [('mouse', 'TRAV9-4*01'), 0.9893617021276596], 'j_gene': [('mouse', 'TRAJ35*02'), 1.0]}","{'v_gene': [('mouse', 'TRBV13-2*01'), 0.9789473684210527], 'j_gene': [('mouse', 'TRBJ2-4*01'), 1.0]}",1g6r,bound,TRAV9-4*01,0.9893617021276596,TRAJ35*02,1.0,TRBV13-2*01,0.9789473684210528,TRBJ2-4*01,1.0,TRAV9-4*01-TRAJ35*02,TRBV13-2*01-TRBJ2-4*01,TRAV9-4*01-TRAJ35*02|TRBV13-2*01-TRBJ2-4*01
-66.48989934207853,104.59142859601036,-109.44371114352556,-160.3682805377024,150.28368761494437,26.030683678432176,167.09142948480988,13.476241005314463,109,161.49936939686154,14.199813023397748,109,"{'v_gene': [('mouse', 'TRAV9-4*01'), 0.9893617021276596], 'j_gene': [('mouse', 'TRAJ35*02'), 1.0]}","{'v_gene': [('mouse', 'TRBV13-2*01'), 0.9789473684210527], 'j_gene': [('mouse', 'TRBJ2-4*01'), 1.0]}",1mwa,bound,TRAV9-4*01,0.9893617021276596,TRAJ35*02,1.0,TRBV13-2*01,0.9789473684210528,TRBJ2-4*01,1.0,TRAV9-4*01-TRAJ35*02,TRBV13-2*01-TRBJ2-4*01,TRAV9-4*01-TRAJ35*02|TRBV13-2*01-TRBJ2-4*01
-57.70741668243582,107.12220726304372,-104.96075172128737,-157.3344548922597,151.18889962286698,26.060227471607035,169.17157834112254,10.542116872374566,113,171.93741328276363,14.38441300013749,109,"{'v_gene': [('human', 'TRAV27*01'), 0.967032967032967], 'j_gene': [('human', 'TRAJ42*01'), 1.0]}","{'v_gene': [('human', 'TRBV19*01'), 0.968421052631579], 'j_gene': [('human', 'TRBJ2-7*01'), 1.0]}",1oga,bound,TRAV27*01,0.967032967032967,TRAJ42*01,1.0,TRBV19*01,0.968421052631579,TRBJ2-7*01,1.0,TRAV27*01-TRAJ42*01,TRBV19*01-TRBJ2-7*01,TRAV27*01-TRAJ42*01|TRBV19*01-TRBJ2-7*01
-61.9944271580345,106.73657519367737,-107.5511571620574,-160.35058750661608,148.20870948268072,26.486839343611404,135.08004039940934,15.357295296366477,110,159.711531244828,18.510040589354936,110,"{'v_gene': [('human', 'TRAV12-2*01'), 0.9456521739130435], 'j_gene': [('human', 'TRAJ24*02'), 1.0]}","{'v_gene': [('human', 'TRBV6-5*01'), 0.9578947368421052], 'j_gene': [('human', 'TRBJ2-7*01'), 1.0]}",1qrn,bound,TRAV12-2*01,0.9456521739130436,TRAJ24*02,1.0,TRBV6-5*01,0.9578947368421052,TRBJ2-7*01,1.0,TRAV12-2*01-TRAJ24*02,TRBV6-5*01-TRBJ2-7*01,TRAV12-2*01-TRAJ24*02|TRBV6-5*01-TRBJ2-7*01
-62.45380253648224,106.02947246530601,-107.34862292013013,-161.26154179876838,148.3530557814696,26.436407495361,138.97750270244055,15.50148635677483,110,163.45696443102435,18.31969364214889,110,"{'v_gene': [('human', 'TRAV12-2*01'), 0.9456521739130435], 'j_gene': [('human', 'TRAJ24*02'), 1.0]}","{'v_gene': [('human', 'TRBV6-5*01'), 0.9578947368421052], 'j_gene': [('human', 'TRBJ2-7*01'), 1.0]}",1qse,bound,TRAV12-2*01,0.9456521739130436,TRAJ24*02,1.0,TRBV6-5*01,0.9578947368421052,TRBJ2-7*01,1.0,TRAV12-2*01-TRAJ24*02,TRBV6-5*01-TRBJ2-7*01,TRAV12-2*01-TRAJ24*02|TRBV6-5*01-TRBJ2-7*01
-61.842503627948105,106.14013040013674,-107.73699602336151,-160.85068787351747,149.0675017104008,26.245923939365067,147.76412017880332,15.616909945892118,110,163.06253577348633,18.390782632173448,110,"{'v_gene': [('human', 'TRAV12-2*01'), 0.9456521739130435], 'j_gene': [('human', 'TRAJ24*02'), 1.0]}","{'v_gene': [('human', 'TRBV6-5*01'), 0.9578947368421052], 'j_gene': [('human', 'TRBJ2-7*01'), 1.0]}",1qsf,bound,TRAV12-2*01,0.9456521739130436,TRAJ24*02,1.0,TRBV6-5*01,0.9578947368421052,TRBJ2-7*01,1.0,TRAV12-2*01-TRAJ24*02,TRBV6-5*01-TRBJ2-7*01,TRAV12-2*01-TRAJ24*02|TRBV6-5*01-TRBJ2-7*01
-59.183685194842724,107.59678646251956,-108.89135006655542,-159.97887022282342,143.48711100875386,26.57004431732427,162.0255679777456,15.493820441421818,112,172.20104513413116,16.07652863427562,112,"{'v_gene': [('human', 'TRAV21*01'), 0.989247311827957], 'j_gene': [('human', 'TRAJ6*01'), 1.0]}","{'v_gene': [('human', 'TRBV6-5*01'), 0.9789473684210527], 'j_gene': [('human', 'TRBJ2-2*01'), 1.0]}",2bnq,bound,TRAV21*01,0.989247311827957,TRAJ6*01,1.0,TRBV6-5*01,0.9789473684210528,TRBJ2-2*01,1.0,TRAV21*01-TRAJ6*01,TRBV6-5*01-TRBJ2-2*01,TRAV21*01-TRAJ6*01|TRBV6-5*01-TRBJ2-2*01
-59.329091969362736,107.21376660461141,-109.14986646549984,-160.0373573785523,143.9320156592978,26.52728049744628,162.72578748881682,15.641105981497995,112,171.02972055394218,15.856028135198065,112,"{'v_gene': [('human', 'TRAV21*01'), 0.989247311827957], 'j_gene': [('human', 'TRAJ6*01'), 1.0]}","{'v_gene': [('human', 'TRBV6-5*01'), 0.9789473684210527], 'j_gene': [('human', 'TRBJ2-2*01'), 1.0]}",2bnr,bound,TRAV21*01,0.989247311827957,TRAJ6*01,1.0,TRBV6-5*01,0.9789473684210528,TRBJ2-2*01,1.0,TRAV21*01-TRAJ6*01,TRBV6-5*01-TRBJ2-2*01,TRAV21*01-TRAJ6*01|TRBV6-5*01-TRBJ2-2*01
-68.3344232837523,103.62198054966046,-109.79840017182656,-160.02019067761367,149.61568316316863,25.95288832551933,153.43601167762597,13.016696037902864,113,160.66707112900153,14.092064500287668,109,"{'v_gene': [('mouse', 'TRAV9-4*01'), 0.9893617021276596], 'j_gene': [('mouse', 'TRAJ35*02'), 1.0]}","{'v_gene': [('mouse', 'TRBV13-2*01'), 0.9894736842105263], 'j_gene': [('mouse', 'TRBJ2-4*01'), 1.0]}",2ckb,bound,TRAV9-4*01,0.9893617021276596,TRAJ35*02,1.0,TRBV13-2*01,0.9894736842105264,TRBJ2-4*01,1.0,TRAV9-4*01-TRAJ35*02,TRBV13-2*01-TRBJ2-4*01,TRAV9-4*01-TRAJ35*02|TRBV13-2*01-TRBJ2-4*01
-64.68479378204472,105.0710783563697,-106.92699439714366,-160.85210553974454,149.1053506046768,26.1891490420511,154.346680602947,13.290292847602537,109,154.12995118678447,13.878403655125792,109,"{'v_gene': [('mouse', 'TRAV9-4*01'), 0.9680851063829787], 'j_gene': [('mouse', 'TRAJ35*02'), 0.9285714285714286]}","{'v_gene': [('mouse', 'TRBV13-2*01'), 0.9368421052631579], 'j_gene': [('mouse', 'TRBJ2-4*01'), 1.0]}",2e7l,bound,TRAV9-4*01,0.9680851063829788,TRAJ35*02,0.9285714285714286,TRBV13-2*01,0.936842105263158,TRBJ2-4*01,1.0,TRAV9-4*01-TRAJ35*02,TRBV13-2*01-TRBJ2-4*01,TRAV9-4*01-TRAJ35*02|TRBV13-2*01-TRBJ2-4*01
-58.11232392269248,107.53134370528454,-108.94308969213547,-159.7938003539649,142.56903543038032,26.73933267546276,160.31189332865273,15.699345655155948,112,176.7556033017782,16.23342200374417,112,"{'v_gene': [('human', 'TRAV21*01'), 0.967741935483871], 'j_gene': [('human', 'TRAJ6*01'), 1.0]}","{'v_gene': [('human', 'TRBV6-5*01'), 0.968421052631579], 'j_gene': [('human', 'TRBJ2-2*01'), 1.0]}",2f53,bound,TRAV21*01,0.967741935483871,TRAJ6*01,1.0,TRBV6-5*01,0.968421052631579,TRBJ2-2*01,1.0,TRAV21*01-TRAJ6*01,TRBV6-5*01-TRBJ2-2*01,TRAV21*01-TRAJ6*01|TRBV6-5*01-TRBJ2-2*01
-58.19526430389328,107.90415020002621,-108.23812550005172,-159.5954414132462,142.59055891443086,26.808455822045403,167.48028381489513,15.972708407598056,112,171.24264953661935,16.08920873852647,112,"{'v_gene': [('human', 'TRAV21*01'), 0.9354838709677419], 'j_gene': [('human', 'TRAJ6*01'), 1.0]}","{'v_gene': [('human', 'TRBV6-5*01'), 0.9789473684210527], 'j_gene': [('human', 'TRBJ2-2*01'), 1.0]}",2f54,bound,TRAV21*01,0.935483870967742,TRAJ6*01,1.0,TRBV6-5*01,0.9789473684210528,TRBJ2-2*01,1.0,TRAV21*01-TRAJ6*01,TRBV6-5*01-TRBJ2-2*01,TRAV21*01-TRAJ6*01|TRBV6-5*01-TRBJ2-2*01
-62.48529212593985,106.11365332797374,-108.2299190909603,-160.88855469178066,149.34271200391265,26.356120860043163,137.61957031891382,15.444231008875663,110,162.97903635107713,18.13174590240076,110,"{'v_gene': [('human', 'TRAV12-2*01'), 0.9456521739130435], 'j_gene': [('human', 'TRAJ24*02'), 1.0]}","{'v_gene': [('human', 'TRBV6-5*01'), 0.9578947368421052], 'j_gene': [('human', 'TRBJ2-7*01'), 1.0]}",2gj6,bound,TRAV12-2*01,0.9456521739130436,TRAJ24*02,1.0,TRBV6-5*01,0.9578947368421052,TRBJ2-7*01,1.0,TRAV12-2*01-TRAJ24*02,TRBV6-5*01-TRBJ2-7*01,TRAV12-2*01-TRAJ24*02|TRBV6-5*01-TRBJ2-7*01
-67.07158117107042,104.62378683064173,-106.80980478391758,-161.03039651463112,149.845228063276,26.036862497002563,133.68793046593677,13.116612029009742,113,153.53028001499493,13.612579612872276,109,"{'v_gene': [('mouse', 'TRAV9-4*01'), 0.9468085106382979], 'j_gene': [('mouse', 'TRAJ35*02'), 0.9285714285714286]}","{'v_gene': [('mouse', 'TRBV13-2*01'), 0.9052631578947369], 'j_gene': [('mouse', 'TRBJ2-4*01'), 1.0]}",2oi9,bound,TRAV9-4*01,0.946808510638298,TRAJ35*02,0.9285714285714286,TRBV13-2*01,0.9052631578947368,TRBJ2-4*01,1.0,TRAV9-4*01-TRAJ35*02,TRBV13-2*01-TRBJ2-4*01,TRAV9-4*01-TRAJ35*02|TRBV13-2*01-TRBJ2-4*01
-57.385751773476585,107.60716114589854,-108.94988457034884,-159.01332020904857,143.32320930278456,26.564870470890977,175.14105552319546,15.716195443921698,112,169.29472207308834,16.920348386286527,110,"{'v_gene': [('human', 'TRAV21*01'), 0.956989247311828], 'j_gene': [('human', 'TRAJ6*01'), 1.0]}","{'v_gene': [('human', 'TRBV6-5*01'), 0.9263157894736842], 'j_gene': [('human', 'TRBJ2-2*01'), 1.0]}",2p5e,bound,TRAV21*01,0.956989247311828,TRAJ6*01,1.0,TRBV6-5*01,0.9263157894736842,TRBJ2-2*01,1.0,TRAV21*01-TRAJ6*01,TRBV6-5*01-TRBJ2-2*01,TRAV21*01-TRAJ6*01|TRBV6-5*01-TRBJ2-2*01
-57.291779006973826,107.6011280519931,-108.95502198883962,-158.9327665946605,143.01018590869126,26.886192533913437,175.33434293654113,15.87016009260933,112,168.37439438642377,17.103161391609625,110,"{'v_gene': [('human', 'TRAV21*01'), 0.946236559139785], 'j_gene': [('human', 'TRAJ6*01'), 1.0]}","{'v_gene': [('human', 'TRBV6-5*01'), 0.9368421052631579], 'j_gene': [('human', 'TRBJ2-2*01'), 1.0]}",2p5w,bound,TRAV21*01,0.946236559139785,TRAJ6*01,1.0,TRBV6-5*01,0.936842105263158,TRBJ2-2*01,1.0,TRAV21*01-TRAJ6*01,TRBV6-5*01-TRBJ2-2*01,TRAV21*01-TRAJ6*01|TRBV6-5*01-TRBJ2-2*01
-57.576081132600095,107.42257333525532,-108.98814454204556,-158.99734539585054,143.60766545769127,26.98936019735201,-173.62164809232576,17.285512999899794,110,165.81632688926166,17.113155107865836,110,"{'v_gene': [('human', 'TRAV21*01'), 0.989247311827957], 'j_gene': [('human', 'TRAJ6*01'), 1.0]}","{'v_gene': [('human', 'TRBV6-5*01'), 0.9578947368421052], 'j_gene': [('human', 'TRBJ2-2*01'), 1.0]}",2pye,bound,TRAV21*01,0.989247311827957,TRAJ6*01,1.0,TRBV6-5*01,0.9578947368421052,TRBJ2-2*01,1.0,TRAV21*01-TRAJ6*01,TRBV6-5*01-TRBJ2-2*01,TRAV21*01-TRAJ6*01|TRBV6-5*01-TRBJ2-2*01
-56.54426510088979,106.16389973975419,-106.24589844660775,-157.62395807538488,150.82262972176818,26.201599198627743,170.64285580462268,10.786610835632736,113,169.52456615438444,14.411935797838495,109,"{'v_gene': [('human', 'TRAV27*01'), 0.967032967032967], 'j_gene': [('human', 'TRAJ42*01'), 1.0]}","{'v_gene': [('human', 'TRBV19*01'), 0.968421052631579], 'j_gene': [('human', 'TRBJ2-7*01'), 1.0]}",2vlj,bound,TRAV27*01,0.967032967032967,TRAJ42*01,1.0,TRBV19*01,0.968421052631579,TRBJ2-7*01,1.0,TRAV27*01-TRAJ42*01,TRBV19*01-TRBJ2-7*01,TRAV27*01-TRAJ42*01|TRBV19*01-TRBJ2-7*01
-58.43815580949487,106.67184132372364,-106.24060048221412,-157.53581593733128,150.25072433418188,26.312563830926408,170.03114370731942,11.3008603206299,113,168.23733765828058,14.33325660703044,109,"{'v_gene': [('human', 'TRAV27*01'), 0.967032967032967], 'j_gene': [('human', 'TRAJ42*01'), 1.0]}","{'v_gene': [('human', 'TRBV19*01'), 0.968421052631579], 'j_gene': [('human', 'TRBJ2-7*01'), 1.0]}",2vlk,bound,TRAV27*01,0.967032967032967,TRAJ42*01,1.0,TRBV19*01,0.968421052631579,TRBJ2-7*01,1.0,TRAV27*01-TRAJ42*01,TRBV19*01-TRBJ2-7*01,TRAV27*01-TRAJ42*01|TRBV19*01-TRBJ2-7*01
-58.27871641417738,106.38159635625055,-105.04527380602109,-157.89790102998597,150.3937397456374,26.359069017641115,167.84849396763977,10.718671831755358,113,170.69766662771076,14.617463968172874,109,"{'v_gene': [('human', 'TRAV27*01'), 0.967032967032967], 'j_gene': [('human', 'TRAJ42*01'), 1.0]}","{'v_gene': [('human', 'TRBV19*01'), 0.968421052631579], 'j_gene': [('human', 'TRBJ2-7*01'), 1.0]}",2vlr,bound,TRAV27*01,0.967032967032967,TRAJ42*01,1.0,TRBV19*01,0.968421052631579,TRBJ2-7*01,1.0,TRAV27*01-TRAJ42*01,TRBV19*01-TRBJ2-7*01,TRAV27*01-TRAJ42*01|TRBV19*01-TRBJ2-7*01
-67.72701253848604,102.44256468316445,-107.26030374770208,-164.6859810638482,151.62972474805315,26.15756026773512,136.46820109236037,17.527630383531804,111,171.42286776334083,12.74155277935106,108,"{'v_gene': [('mouse', 'TRAV11*02'), 0.967741935483871], 'j_gene': [('mouse', 'TRAJ18*01'), 1.0]}","{'v_gene': [('mouse', 'TRBV13-2*01'), 0.968421052631579], 'j_gene': [('mouse', 'TRBJ2-1*01'), 1.0]}",3arb,bound,TRAV11*02,0.967741935483871,TRAJ18*01,1.0,TRBV13-2*01,0.968421052631579,TRBJ2-1*01,1.0,TRAV11*02-TRAJ18*01,TRBV13-2*01-TRBJ2-1*01,TRAV11*02-TRAJ18*01|TRBV13-2*01-TRBJ2-1*01
-69.12546899586168,102.22941765116542,-107.18237775746567,-165.01541046352207,151.27048009027698,26.103751835097444,135.59900136546142,17.36835739158068,111,144.8754955045778,13.63973648280595,109,"{'v_gene': [('mouse', 'TRAV11*02'), 0.967741935483871], 'j_gene': [('mouse', 'TRAJ18*01'), 1.0]}","{'v_gene': [('mouse', 'TRBV13-2*01'), 0.968421052631579], 'j_gene': [('mouse', 'TRBJ2-1*01'), 1.0]}",3ard,bound,TRAV11*02,0.967741935483871,TRAJ18*01,1.0,TRBV13-2*01,0.968421052631579,TRBJ2-1*01,1.0,TRAV11*02-TRAJ18*01,TRBV13-2*01-TRBJ2-1*01,TRAV11*02-TRAJ18*01|TRBV13-2*01-TRBJ2-1*01
-68.27381211930273,102.81278793522199,-106.98682075971634,-164.7753538986244,151.7502971823103,26.057261319779062,137.59485670668676,17.49157592431528,111,153.6162028393201,12.09894174661544,114,"{'v_gene': [('mouse', 'TRAV11*02'), 0.967741935483871], 'j_gene': [('mouse', 'TRAJ18*01'), 1.0]}","{'v_gene': [('mouse', 'TRBV13-2*01'), 0.968421052631579], 'j_gene': [('mouse', 'TRBJ2-1*01'), 1.0]}",3are,bound,TRAV11*02,0.967741935483871,TRAJ18*01,1.0,TRBV13-2*01,0.968421052631579,TRBJ2-1*01,1.0,TRAV11*02-TRAJ18*01,TRBV13-2*01-TRBJ2-1*01,TRAV11*02-TRAJ18*01|TRBV13-2*01-TRBJ2-1*01
-68.21104266020748,102.312191846438,-107.19905325072791,-164.98161991042662,151.29836152181588,26.066474602838248,133.83703636912156,17.309346256163092,111,158.1881313461864,12.018815255365316,108,"{'v_gene': [('mouse', 'TRAV11*02'), 0.967741935483871], 'j_gene': [('mouse', 'TRAJ18*01'), 1.0]}","{'v_gene': [('mouse', 'TRBV13-2*01'), 0.968421052631579], 'j_gene': [('mouse', 'TRBJ2-1*01'), 1.0]}",3arf,bound,TRAV11*02,0.967741935483871,TRAJ18*01,1.0,TRBV13-2*01,0.968421052631579,TRBJ2-1*01,1.0,TRAV11*02-TRAJ18*01,TRBV13-2*01-TRBJ2-1*01,TRAV11*02-TRAJ18*01|TRBV13-2*01-TRBJ2-1*01
-67.68497802311717,102.53605350606801,-107.58485837447115,-164.76226331036844,151.28743679932455,26.29628831873941,139.9646964472656,17.56150205108105,112,168.10687979287766,12.962073409430584,108,"{'v_gene': [('mouse', 'TRAV11*02'), 0.967741935483871], 'j_gene': [('mouse', 'TRAJ18*01'), 1.0]}","{'v_gene': [('mouse', 'TRBV13-2*01'), 0.968421052631579], 'j_gene': [('mouse', 'TRBJ2-1*01'), 1.0]}",3arg,bound,TRAV11*02,0.967741935483871,TRAJ18*01,1.0,TRBV13-2*01,0.968421052631579,TRBJ2-1*01,1.0,TRAV11*02-TRAJ18*01,TRBV13-2*01-TRBJ2-1*01,TRAV11*02-TRAJ18*01|TRBV13-2*01-TRBJ2-1*01
-62.09219751496059,106.36029159410293,-107.5094440221982,-161.37494122407344,147.84448855676646,26.40156116973185,133.23596449906108,15.327506154111813,110,162.93594273076934,18.27322603057652,110,"{'v_gene': [('human', 'TRAV12-2*01'), 0.9456521739130435], 'j_gene': [('human', 'TRAJ24*02'), 1.0]}","{'v_gene': [('human', 'TRBV6-5*01'), 0.9789473684210527], 'j_gene': [('human', 'TRBJ2-7*01'), 1.0]}",3d39,bound,TRAV12-2*01,0.9456521739130436,TRAJ24*02,1.0,TRBV6-5*01,0.9789473684210528,TRBJ2-7*01,1.0,TRAV12-2*01-TRAJ24*02,TRBV6-5*01-TRBJ2-7*01,TRAV12-2*01-TRAJ24*02|TRBV6-5*01-TRBJ2-7*01
-62.77741764607785,106.417037179528,-107.79183145275977,-160.88504083735194,147.86734801621213,26.4008383779286,135.26106710526744,15.223681612655565,110,158.19645469041603,18.177307503634424,110,"{'v_gene': [('human', 'TRAV12-2*01'), 0.9456521739130435], 'j_gene': [('human', 'TRAJ24*02'), 1.0]}","{'v_gene': [('human', 'TRBV6-5*01'), 0.9789473684210527], 'j_gene': [('human', 'TRBJ2-7*01'), 1.0]}",3d3v,bound,TRAV12-2*01,0.9456521739130436,TRAJ24*02,1.0,TRBV6-5*01,0.9789473684210528,TRBJ2-7*01,1.0,TRAV12-2*01-TRAJ24*02,TRBV6-5*01-TRBJ2-7*01,TRAV12-2*01-TRAJ24*02|TRBV6-5*01-TRBJ2-7*01
-67.72176566030494,103.80930164785246,-107.50839417981504,-159.982606577059,149.9846941089861,26.090227521241754,138.35626264583226,13.420990160527014,113,145.32299865646135,13.288754009504409,109,"{'v_gene': [('mouse', 'TRAV9-4*01'), 0.9468085106382979], 'j_gene': [('mouse', 'TRAJ35*02'), 0.8571428571428571]}","{'v_gene': [('mouse', 'TRBV13-2*01'), 0.9052631578947369], 'j_gene': [('mouse', 'TRBJ2-4*01'), 1.0]}",3e2h,bound,TRAV9-4*01,0.946808510638298,TRAJ35*02,0.8571428571428571,TRBV13-2*01,0.9052631578947368,TRBJ2-4*01,1.0,TRAV9-4*01-TRAJ35*02,TRBV13-2*01-TRBJ2-4*01,TRAV9-4*01-TRAJ35*02|TRBV13-2*01-TRBJ2-4*01
-66.1813454751305,105.28094635156435,-106.98393452602753,-160.5267575453789,149.66244712273203,26.19298210056631,128.31514321703,12.495420635931362,114,156.92984373183018,13.830951935892834,109,"{'v_gene': [('mouse', 'TRAV9-4*01'), 0.9468085106382979], 'j_gene': [('mouse', 'TRAJ35*02'), 0.8571428571428571]}","{'v_gene': [('mouse', 'TRBV13-2*01'), 0.9052631578947369], 'j_gene': [('mouse', 'TRBJ2-4*01'), 1.0]}",3e3q,bound,TRAV9-4*01,0.946808510638298,TRAJ35*02,0.8571428571428571,TRBV13-2*01,0.9052631578947368,TRBJ2-4*01,1.0,TRAV9-4*01-TRAJ35*02,TRBV13-2*01-TRBJ2-4*01,TRAV9-4*01-TRAJ35*02|TRBV13-2*01-TRBJ2-4*01
-62.35807271393567,106.04004954100287,-107.82232684544095,-161.52111770564227,148.49749843599386,26.262473996039454,136.41945865369317,15.327688366167846,110,162.1279266115479,18.17864293815065,110,"{'v_gene': [('human', 'TRAV12-2*01'), 0.9456521739130435], 'j_gene': [('human', 'TRAJ24*02'), 1.0]}","{'v_gene': [('human', 'TRBV6-5*01'), 0.9789473684210527], 'j_gene': [('human', 'TRBJ2-7*01'), 1.0]}",3h9s,bound,TRAV12-2*01,0.9456521739130436,TRAJ24*02,1.0,TRBV6-5*01,0.9789473684210528,TRBJ2-7*01,1.0,TRAV12-2*01-TRAJ24*02,TRBV6-5*01-TRBJ2-7*01,TRAV12-2*01-TRAJ24*02|TRBV6-5*01-TRBJ2-7*01
-69.43548312392873,102.90773680033942,-106.84415217347508,-164.4694991977823,151.50510029505972,26.130572849522142,138.37203916097093,17.11588981528576,111,147.86092875080294,12.020219093429304,115,"{'v_gene': [('mouse', 'TRAV11*02'), 0.967741935483871], 'j_gene': [('mouse', 'TRAJ18*01'), 1.0]}","{'v_gene': [('mouse', 'TRBV13-2*01'), 0.968421052631579], 'j_gene': [('mouse', 'TRBJ2-1*01'), 0.9230769230769231]}",3he6,bound,TRAV11*02,0.967741935483871,TRAJ18*01,1.0,TRBV13-2*01,0.968421052631579,TRBJ2-1*01,0.9230769230769232,TRAV11*02-TRAJ18*01,TRBV13-2*01-TRBJ2-1*01,TRAV11*02-TRAJ18*01|TRBV13-2*01-TRBJ2-1*01
-67.18569691665736,101.70921830476107,-110.14921559769692,-163.88449759460528,147.55422869636908,26.07737281430216,146.76658749099673,12.3404980286489,114,163.49837484631092,17.193679608245773,110,"{'v_gene': [('human', 'TRAV12-2*01'), 0.967391304347826], 'j_gene': [('human', 'TRAJ27*01'), 1.0]}","{'v_gene': [('human', 'TRBV30*02'), 0.9893617021276596], 'j_gene': [('human', 'TRBJ2-2*01'), 1.0]}",3hg1,bound,TRAV12-2*01,0.967391304347826,TRAJ27*01,1.0,TRBV30*02,0.9893617021276596,TRBJ2-2*01,1.0,TRAV12-2*01-TRAJ27*01,TRBV30*02-TRBJ2-2*01,TRAV12-2*01-TRAJ27*01|TRBV30*02-TRBJ2-2*01
-65.4049506561423,99.74294941399887,-107.46175510570534,-167.28972236801718,149.98449371323477,26.28344870651268,134.94740046236635,16.837395984050115,111,163.48446146922447,15.670579212271448,109,"{'v_gene': [('mouse', 'TRAV11*02'), 0.978494623655914], 'j_gene': [('mouse', 'TRAJ18*01'), 1.0]}","{'v_gene': [('mouse', 'TRBV13-2*01'), 0.9789473684210527], 'j_gene': [('mouse', 'TRBJ2-5*01'), 1.0]}",3o8x,bound,TRAV11*02,0.978494623655914,TRAJ18*01,1.0,TRBV13-2*01,0.9789473684210528,TRBJ2-5*01,1.0,TRAV11*02-TRAJ18*01,TRBV13-2*01-TRBJ2-5*01,TRAV11*02-TRAJ18*01|TRBV13-2*01-TRBJ2-5*01
-65.8712607649558,100.35765925004114,-107.2760385991006,-166.95840613437704,150.36400601158977,26.27014118391689,133.7230873564666,16.917987683222393,111,165.0841981218244,15.421407698176155,109,"{'v_gene': [('mouse', 'TRAV11*02'), 0.978494623655914], 'j_gene': [('mouse', 'TRAJ18*01'), 1.0]}","{'v_gene': [('mouse', 'TRBV13-2*01'), 0.9789473684210527], 'j_gene': [('mouse', 'TRBJ2-5*01'), 1.0]}",3o9w,bound,TRAV11*02,0.978494623655914,TRAJ18*01,1.0,TRBV13-2*01,0.9789473684210528,TRBJ2-5*01,1.0,TRAV11*02-TRAJ18*01,TRBV13-2*01-TRBJ2-5*01,TRAV11*02-TRAJ18*01|TRBV13-2*01-TRBJ2-5*01
-62.238690686854056,106.43835114223867,-107.3909593737429,-161.07038531621177,147.96309220299463,26.427421939073103,142.41620300615006,15.236592756541189,110,160.97573429840338,18.15349218545913,110,"{'v_gene': [('human', 'TRAV12-2*01'), 0.9456521739130435], 'j_gene': [('human', 'TRAJ24*02'), 1.0]}","{'v_gene': [('human', 'TRBV6-5*01'), 0.9789473684210527], 'j_gene': [('human', 'TRBJ2-7*01'), 1.0]}",3pwp,bound,TRAV12-2*01,0.9456521739130436,TRAJ24*02,1.0,TRBV6-5*01,0.9789473684210528,TRBJ2-7*01,1.0,TRAV12-2*01-TRAJ24*02,TRBV6-5*01-TRBJ2-7*01,TRAV12-2*01-TRAJ24*02|TRBV6-5*01-TRBJ2-7*01
-66.99269092568875,105.6118821432828,-112.32043984175928,-157.29901366402095,147.69835209890402,25.74820360017578,154.13280579911802,13.541099466726084,113,146.8467254365357,14.610966754922222,110,"{'v_gene': [('human', 'TRAV12-2*01'), 0.967391304347826], 'j_gene': [('human', 'TRAJ23*01'), 1.0]}","{'v_gene': [('human', 'TRBV6-4*01'), 0.9789473684210527], 'j_gene': [('human', 'TRBJ1-1*01'), 1.0]}",3qdg,bound,TRAV12-2*01,0.967391304347826,TRAJ23*01,1.0,TRBV6-4*01,0.9789473684210528,TRBJ1-1*01,1.0,TRAV12-2*01-TRAJ23*01,TRBV6-4*01-TRBJ1-1*01,TRAV12-2*01-TRAJ23*01|TRBV6-4*01-TRBJ1-1*01
-67.43415302793863,105.6530588329357,-112.52348765885772,-157.64421045073334,147.65025542421085,25.70479182886072,151.6010477454752,13.61362860870975,113,147.83184936756524,14.492993110719526,110,"{'v_gene': [('human', 'TRAV12-2*01'), 0.967391304347826], 'j_gene': [('human', 'TRAJ23*01'), 1.0]}","{'v_gene': [('human', 'TRBV6-4*01'), 0.9789473684210527], 'j_gene': [('human', 'TRBJ1-1*01'), 1.0]}",3qdj,bound,TRAV12-2*01,0.967391304347826,TRAJ23*01,1.0,TRBV6-4*01,0.9789473684210528,TRBJ1-1*01,1.0,TRAV12-2*01-TRAJ23*01,TRBV6-4*01-TRBJ1-1*01,TRAV12-2*01-TRAJ23*01|TRBV6-4*01-TRBJ1-1*01
-62.60660228074654,106.12338982316822,-107.75375465898962,-161.5212206400041,148.3967033832215,26.291865048354797,145.03372051903784,14.139301496067906,113,161.65404185292644,18.461906542094155,110,"{'v_gene': [('human', 'TRAV12-2*01'), 0.9456521739130435], 'j_gene': [('human', 'TRAJ24*02'), 1.0]}","{'v_gene': [('human', 'TRBV6-5*01'), 0.9789473684210527], 'j_gene': [('human', 'TRBJ2-7*01'), 1.0]}",3qfj,bound,TRAV12-2*01,0.9456521739130436,TRAJ24*02,1.0,TRBV6-5*01,0.9789473684210528,TRBJ2-7*01,1.0,TRAV12-2*01-TRAJ24*02,TRBV6-5*01-TRBJ2-7*01,TRAV12-2*01-TRAJ24*02|TRBV6-5*01-TRBJ2-7*01
-66.68909446071652,102.03098559480333,-106.0661658329063,-165.0952454493071,150.37867052493368,25.662730950216584,138.57454315251766,17.434446230325467,111,169.33205482751413,17.360912457645618,110,"{'v_gene': [('mouse', 'TRAV11*02'), 0.967741935483871], 'j_gene': [('mouse', 'TRAJ18*01'), 1.0]}","{'v_gene': [('mouse', 'TRBV19*01'), 0.8842105263157894], 'j_gene': [('mouse', 'TRBJ1-1*01'), 1.0]}",3qi9,bound,TRAV11*02,0.967741935483871,TRAJ18*01,1.0,TRBV19*01,0.8842105263157894,TRBJ1-1*01,1.0,TRAV11*02-TRAJ18*01,TRBV19*01-TRBJ1-1*01,TRAV11*02-TRAJ18*01|TRBV19*01-TRBJ1-1*01
-65.30615573211121,99.58033288629889,-108.16635236853892,-167.3903327589897,150.02649187636217,26.28659518991212,142.20772583175454,17.08662023825106,111,166.69393746117322,15.51416650097264,109,"{'v_gene': [('mouse', 'TRAV11*02'), 0.978494623655914], 'j_gene': [('mouse', 'TRAJ18*01'), 1.0]}","{'v_gene': [('mouse', 'TRBV13-2*01'), 0.9789473684210527], 'j_gene': [('mouse', 'TRBJ2-5*01'), 1.0]}",3qux,bound,TRAV11*02,0.978494623655914,TRAJ18*01,1.0,TRBV13-2*01,0.9789473684210528,TRBJ2-5*01,1.0,TRAV11*02-TRAJ18*01,TRBV13-2*01-TRBJ2-5*01,TRAV11*02-TRAJ18*01|TRBV13-2*01-TRBJ2-5*01
-64.8896814512001,99.68828236123841,-107.54406504512,-167.2576918777552,150.050974921764,26.22271450225997,136.43241636192954,16.86161916016098,111,164.2975656207555,15.56323952906327,109,"{'v_gene': [('mouse', 'TRAV11*02'), 0.978494623655914], 'j_gene': [('mouse', 'TRAJ18*01'), 1.0]}","{'v_gene': [('mouse', 'TRBV13-2*01'), 0.9789473684210527], 'j_gene': [('mouse', 'TRBJ2-5*01'), 1.0]}",3quy,bound,TRAV11*02,0.978494623655914,TRAJ18*01,1.0,TRBV13-2*01,0.9789473684210528,TRBJ2-5*01,1.0,TRAV11*02-TRAJ18*01,TRBV13-2*01-TRBJ2-5*01,TRAV11*02-TRAJ18*01|TRBV13-2*01-TRBJ2-5*01
-64.8672258477838,99.45321017302234,-107.6200719362811,-167.55038825138502,149.8516643644437,26.297807894836595,137.7712943950528,16.957210117725644,111,164.13664611055628,15.660271751867086,109,"{'v_gene': [('mouse', 'TRAV11*02'), 0.978494623655914], 'j_gene': [('mouse', 'TRAJ18*01'), 1.0]}","{'v_gene': [('mouse', 'TRBV13-2*01'), 0.9789473684210527], 'j_gene': [('mouse', 'TRBJ2-5*01'), 1.0]}",3quz,bound,TRAV11*02,0.978494623655914,TRAJ18*01,1.0,TRBV13-2*01,0.9789473684210528,TRBJ2-5*01,1.0,TRAV11*02-TRAJ18*01,TRBV13-2*01-TRBJ2-5*01,TRAV11*02-TRAJ18*01|TRBV13-2*01-TRBJ2-5*01
-65.217083636911,99.37142209387821,-108.00123078512507,-167.44045343130782,149.94020143853936,26.241902925241064,137.4455459097183,16.946852275637326,111,163.14996714603677,15.493905436343084,109,"{'v_gene': [('mouse', 'TRAV11*02'), 0.978494623655914], 'j_gene': [('mouse', 'TRAJ18*01'), 1.0]}","{'v_gene': [('mouse', 'TRBV13-2*01'), 0.9789473684210527], 'j_gene': [('mouse', 'TRBJ2-5*01'), 1.0]}",3rtq,bound,TRAV11*02,0.978494623655914,TRAJ18*01,1.0,TRBV13-2*01,0.9789473684210528,TRBJ2-5*01,1.0,TRAV11*02-TRAJ18*01,TRBV13-2*01-TRBJ2-5*01,TRAV11*02-TRAJ18*01|TRBV13-2*01-TRBJ2-5*01
-64.74730804229989,99.09667346513845,-107.98549326511012,-167.89666444898117,150.23780733625495,26.254268952739103,136.68360192374226,17.059179510664457,111,163.38312409239515,15.541950195708878,109,"{'v_gene': [('mouse', 'TRAV11*02'), 0.978494623655914], 'j_gene': [('mouse', 'TRAJ18*01'), 1.0]}","{'v_gene': [('mouse', 'TRBV13-2*01'), 0.9789473684210527], 'j_gene': [('mouse', 'TRBJ2-5*01'), 1.0]}",3rzc,bound,TRAV11*02,0.978494623655914,TRAJ18*01,1.0,TRBV13-2*01,0.9789473684210528,TRBJ2-5*01,1.0,TRAV11*02-TRAJ18*01,TRBV13-2*01-TRBJ2-5*01,TRAV11*02-TRAJ18*01|TRBV13-2*01-TRBJ2-5*01
-66.40482970817314,101.72967341898169,-105.5891822849654,-165.46309669094845,150.79272791134105,25.634960439199165,138.7273670937678,17.478191586663822,111,171.40827072837342,17.283692243091934,110,"{'v_gene': [('mouse', 'TRAV11*02'), 0.967741935483871], 'j_gene': [('mouse', 'TRAJ18*01'), 1.0]}","{'v_gene': [('mouse', 'TRBV19*01'), 0.8842105263157894], 'j_gene': [('mouse', 'TRBJ1-1*01'), 1.0]}",3scm,bound,TRAV11*02,0.967741935483871,TRAJ18*01,1.0,TRBV19*01,0.8842105263157894,TRBJ1-1*01,1.0,TRAV11*02-TRAJ18*01,TRBV19*01-TRBJ1-1*01,TRAV11*02-TRAJ18*01|TRBV19*01-TRBJ1-1*01
-66.3365718251276,101.93484729064647,-105.65665133645456,-165.26295581114186,150.5739816085677,25.714894290978307,136.08451166424345,17.663060993458956,111,163.02919987641064,17.21060491721155,110,"{'v_gene': [('mouse', 'TRAV11*02'), 0.967741935483871], 'j_gene': [('mouse', 'TRAJ18*01'), 1.0]}","{'v_gene': [('mouse', 'TRBV19*01'), 0.8842105263157894], 'j_gene': [('mouse', 'TRBJ1-1*01'), 1.0]}",3sda,bound,TRAV11*02,0.967741935483871,TRAJ18*01,1.0,TRBV19*01,0.8842105263157894,TRBJ1-1*01,1.0,TRAV11*02-TRAJ18*01,TRBV19*01-TRBJ1-1*01,TRAV11*02-TRAJ18*01|TRBV19*01-TRBJ1-1*01
-66.65515289252664,101.47106503761461,-105.59205167462096,-165.56885062538603,150.5181885726612,25.58788776133468,138.20804033268752,17.67580406390838,111,170.8548307383087,16.936256180269655,110,"{'v_gene': [('mouse', 'TRAV11*02'), 0.967741935483871], 'j_gene': [('mouse', 'TRAJ18*01'), 1.0]}","{'v_gene': [('mouse', 'TRBV19*01'), 0.8842105263157894], 'j_gene': [('mouse', 'TRBJ1-1*01'), 1.0]}",3sdc,bound,TRAV11*02,0.967741935483871,TRAJ18*01,1.0,TRBV19*01,0.8842105263157894,TRBJ1-1*01,1.0,TRAV11*02-TRAJ18*01,TRBV19*01-TRBJ1-1*01,TRAV11*02-TRAJ18*01|TRBV19*01-TRBJ1-1*01
-66.39018417680387,101.72536895249277,-105.75727617586658,-165.5091075317667,150.6487195084551,25.676343857786357,138.5890207626756,17.48339501707546,111,165.53087240438725,17.427564519923767,110,"{'v_gene': [('mouse', 'TRAV11*02'), 0.967741935483871], 'j_gene': [('mouse', 'TRAJ18*01'), 1.0]}","{'v_gene': [('mouse', 'TRBV19*01'), 0.8842105263157894], 'j_gene': [('mouse', 'TRBJ1-1*01'), 1.0]}",3sdd,bound,TRAV11*02,0.967741935483871,TRAJ18*01,1.0,TRBV19*01,0.8842105263157894,TRBJ1-1*01,1.0,TRAV11*02-TRAJ18*01,TRBV19*01-TRBJ1-1*01,TRAV11*02-TRAJ18*01|TRBV19*01-TRBJ1-1*01
-64.77399338305347,99.36251041003857,-107.97578690701238,-167.50889032227684,150.08428519741733,26.283396311127078,139.01238240287486,17.26375255989378,111,165.34871993888123,15.496284147879292,109,"{'v_gene': [('mouse', 'TRAV11*02'), 0.978494623655914], 'j_gene': [('mouse', 'TRAJ18*01'), 1.0]}","{'v_gene': [('mouse', 'TRBV13-2*01'), 0.9789473684210527], 'j_gene': [('mouse', 'TRBJ2-5*01'), 1.0]}",3ta3,bound,TRAV11*02,0.978494623655914,TRAJ18*01,1.0,TRBV13-2*01,0.9789473684210528,TRBJ2-5*01,1.0,TRAV11*02-TRAJ18*01,TRBV13-2*01-TRBJ2-5*01,TRAV11*02-TRAJ18*01|TRBV13-2*01-TRBJ2-5*01
-69.413935852901,105.18145555623136,-105.51658254856846,-158.92860907433706,149.81395591049017,26.09754485783798,151.14472111949905,16.236227092157247,110,136.89926949963865,14.118022893813835,113,"{'v_gene': [('mouse', 'TRAV9D-3*01'), 0.9468085106382979], 'j_gene': [('mouse', 'TRAJ58*01'), 0.9285714285714286]}","{'v_gene': [('mouse', 'TRBV13-1*02'), 0.9157894736842105], 'j_gene': [('mouse', 'TRBJ2-2*01'), 1.0]}",3tf7,bound,TRAV9D-3*01,0.946808510638298,TRAJ58*01,0.9285714285714286,TRBV13-1*02,0.9157894736842104,TRBJ2-2*01,1.0,TRAV9D-3*01-TRAJ58*01,TRBV13-1*02-TRBJ2-2*01,TRAV9D-3*01-TRAJ58*01|TRBV13-1*02-TRBJ2-2*01
-69.18497489416201,104.40617691588261,-108.30509625302592,-159.73305292898274,152.19142320270117,26.03972459529711,156.02079599929053,16.66610967372597,110,137.46364171755295,14.411257032790566,113,"{'v_gene': [('mouse', 'TRAV9D-3*01'), 1.0], 'j_gene': [('mouse', 'TRAJ58*01'), 1.0]}","{'v_gene': [('mouse', 'TRBV13-1*02'), 0.968421052631579], 'j_gene': [('mouse', 'TRBJ2-2*01'), 1.0]}",3tfk,bound,TRAV9D-3*01,1.0,TRAJ58*01,1.0,TRBV13-1*02,0.968421052631579,TRBJ2-2*01,1.0,TRAV9D-3*01-TRAJ58*01,TRBV13-1*02-TRBJ2-2*01,TRAV9D-3*01-TRAJ58*01|TRBV13-1*02-TRBJ2-2*01
-63.474890876874085,106.45234770954255,-106.58803901774766,-157.32139305427916,154.06808457363263,26.049650192246705,137.70401853537052,17.01993776554017,110,144.88145187170312,14.586325690784331,113,"{'v_gene': [('mouse', 'TRAV9D-3*01'), 1.0], 'j_gene': [('mouse', 'TRAJ58*01'), 1.0]}","{'v_gene': [('mouse', 'TRBV13-1*02'), 0.9894736842105263], 'j_gene': [('mouse', 'TRBJ2-2*01'), 1.0]}",3tjh,bound,TRAV9D-3*01,1.0,TRAJ58*01,1.0,TRBV13-1*02,0.9894736842105264,TRBJ2-2*01,1.0,TRAV9D-3*01-TRAJ58*01,TRBV13-1*02-TRBJ2-2*01,TRAV9D-3*01-TRAJ58*01|TRBV13-1*02-TRBJ2-2*01
-67.73238944738505,102.44080411738958,-107.21368543534544,-164.9147185469113,151.47188601578148,26.12907878764046,139.34417536402947,17.57914424770759,111,147.98522845523536,8.709306735865988,115,"{'v_gene': [('mouse', 'TRAV11*02'), 0.967741935483871], 'j_gene': [('mouse', 'TRAJ18*01'), 1.0]}","{'v_gene': [('mouse', 'TRBV13-2*01'), 0.9578947368421052], 'j_gene': [('mouse', 'TRBJ2-1*01'), 0.9230769230769231]}",3tn0,bound,TRAV11*02,0.967741935483871,TRAJ18*01,1.0,TRBV13-2*01,0.9578947368421052,TRBJ2-1*01,0.9230769230769232,TRAV11*02-TRAJ18*01,TRBV13-2*01-TRBJ2-1*01,TRAV11*02-TRAJ18*01|TRBV13-2*01-TRBJ2-1*01
-65.60921757565065,106.77692613181057,-104.10370347589428,-159.14614084327093,152.44431164916784,26.471519952907997,154.6001591849479,14.688331288841225,110,138.25404484583754,14.27898732770395,113,"{'v_gene': [('mouse', 'TRAV9D-3*01'), 1.0], 'j_gene': [('mouse', 'TRAJ58*01'), 1.0]}","{'v_gene': [('mouse', 'TRBV13-1*02'), 0.9894736842105263], 'j_gene': [('mouse', 'TRBJ2-2*01'), 1.0]}",3tpu,bound,TRAV9D-3*01,1.0,TRAJ58*01,1.0,TRBV13-1*02,0.9894736842105264,TRBJ2-2*01,1.0,TRAV9D-3*01-TRAJ58*01,TRBV13-1*02-TRBJ2-2*01,TRAV9D-3*01-TRAJ58*01|TRBV13-1*02-TRBJ2-2*01
-64.188055699927,99.52327376527415,-108.25681878628455,-167.34043409771465,149.41954724763508,26.436385096374813,137.6413612833455,16.987171847457624,111,163.25511432639647,15.670298249039524,109,"{'v_gene': [('mouse', 'TRAV11*02'), 0.978494623655914], 'j_gene': [('mouse', 'TRAJ18*01'), 1.0]}","{'v_gene': [('mouse', 'TRBV13-2*01'), 0.9789473684210527], 'j_gene': [('mouse', 'TRBJ2-5*01'), 1.0]}",3tvm,bound,TRAV11*02,0.978494623655914,TRAJ18*01,1.0,TRBV13-2*01,0.9789473684210528,TRBJ2-5*01,1.0,TRAV11*02-TRAJ18*01,TRBV13-2*01-TRBJ2-5*01,TRAV11*02-TRAJ18*01|TRBV13-2*01-TRBJ2-5*01
-72.1703225538342,100.45919108862529,-109.48848825595596,-160.79925129699478,147.47988641886752,26.501861995619727,165.1244307869277,15.62347034136751,110,165.16129509693272,15.845632894087624,110,"{'v_gene': [('human', 'TRAV12-3*01'), 0.9565217391304348], 'j_gene': [('human', 'TRAJ12*01'), 1.0]}","{'v_gene': [('human', 'TRBV12-4*01'), 0.9895833333333334], 'j_gene': [('human', 'TRBJ2-4*01'), 1.0]}",3uts,bound,TRAV12-3*01,0.9565217391304348,TRAJ12*01,1.0,TRBV12-4*01,0.9895833333333334,TRBJ2-4*01,1.0,TRAV12-3*01-TRAJ12*01,TRBV12-4*01-TRBJ2-4*01,TRAV12-3*01-TRAJ12*01|TRBV12-4*01-TRBJ2-4*01
-73.96421819880143,100.28079630948224,-109.7525907580682,-160.1961512540153,151.6112574297066,26.503367121909044,163.52272458377072,16.34252624391398,109,142.84450132759474,15.909270468236304,112,"{'v_gene': [('human', 'TRAV12-3*01'), 0.9565217391304348], 'j_gene': [('human', 'TRAJ12*01'), 1.0]}","{'v_gene': [('human', 'TRBV12-4*01'), 0.96875], 'j_gene': [('human', 'TRBJ2-4*01'), 1.0]}",3utt,bound,TRAV12-3*01,0.9565217391304348,TRAJ12*01,1.0,TRBV12-4*01,0.96875,TRBJ2-4*01,1.0,TRAV12-3*01-TRAJ12*01,TRBV12-4*01-TRBJ2-4*01,TRAV12-3*01-TRAJ12*01|TRBV12-4*01-TRBJ2-4*01
-66.98157861053625,101.85116303660203,-106.15824413914903,-165.13757785712713,150.31351951788713,25.66650319284045,145.0023120314861,18.04079738077458,111,166.29774564474152,17.268614852587497,110,"{'v_gene': [('mouse', 'TRAV11*02'), 0.967741935483871], 'j_gene': [('mouse', 'TRAJ18*01'), 1.0]}","{'v_gene': [('mouse', 'TRBV19*01'), 0.8842105263157894], 'j_gene': [('mouse', 'TRBJ1-1*01'), 1.0]}",4apq,bound,TRAV11*02,0.967741935483871,TRAJ18*01,1.0,TRBV19*01,0.8842105263157894,TRBJ1-1*01,1.0,TRAV11*02-TRAJ18*01,TRBV19*01-TRBJ1-1*01,TRAV11*02-TRAJ18*01|TRBV19*01-TRBJ1-1*01
-62.65200520020403,105.96760537303885,-107.73162011302254,-161.4912248553309,147.93481313185595,26.53817960429716,131.64735445522712,15.646571964740314,110,157.7207866864123,18.36719239660704,110,"{'v_gene': [('human', 'TRAV12-2*01'), 0.9456521739130435], 'j_gene': [('human', 'TRAJ24*02'), 1.0]}","{'v_gene': [('human', 'TRBV6-5*01'), 0.9789473684210527], 'j_gene': [('human', 'TRBJ2-7*01'), 1.0]}",4ftv,bound,TRAV12-2*01,0.9456521739130436,TRAJ24*02,1.0,TRBV6-5*01,0.9789473684210528,TRBJ2-7*01,1.0,TRAV12-2*01-TRAJ24*02,TRBV6-5*01-TRBJ2-7*01,TRAV12-2*01-TRAJ24*02|TRBV6-5*01-TRBJ2-7*01
-72.5846066348666,103.83843132573668,-106.0850927496011,-162.57116204030618,150.47702709738104,26.01300294850211,161.87090057651795,13.575106276281256,113,137.34905501909435,17.92486602169406,111,"{'v_gene': [('human', 'TRAV1-2*01'), 0.967032967032967], 'j_gene': [('human', 'TRAJ33*01'), 1.0]}","{'v_gene': [('human', 'TRBV6-1*01'), 0.9789473684210527], 'j_gene': [('human', 'TRBJ2-2*01'), 1.0]}",4iiq,bound,TRAV1-2*01,0.967032967032967,TRAJ33*01,1.0,TRBV6-1*01,0.9789473684210528,TRBJ2-2*01,1.0,TRAV1-2*01-TRAJ33*01,TRBV6-1*01-TRBJ2-2*01,TRAV1-2*01-TRAJ33*01|TRBV6-1*01-TRBJ2-2*01
-64.901859518552,99.30503509412063,-107.67402928483683,-167.61745748133848,149.82711419227445,26.28079948957992,137.05244126049013,17.069704972118398,111,167.1073550310712,15.545006862647426,109,"{'v_gene': [('mouse', 'TRAV11*02'), 0.978494623655914], 'j_gene': [('mouse', 'TRAJ18*01'), 1.0]}","{'v_gene': [('mouse', 'TRBV13-2*01'), 0.9789473684210527], 'j_gene': [('mouse', 'TRBJ2-5*01'), 1.0]}",4irj,bound,TRAV11*02,0.978494623655914,TRAJ18*01,1.0,TRBV13-2*01,0.9789473684210528,TRBJ2-5*01,1.0,TRAV11*02-TRAJ18*01,TRBV13-2*01-TRBJ2-5*01,TRAV11*02-TRAJ18*01|TRBV13-2*01-TRBJ2-5*01
-65.22736408050434,99.81847296779597,-107.48442896920086,-167.19361255538945,150.12844110186563,26.26768532283075,138.7582417654167,17.072025644642277,111,162.20501202994004,15.596521375071344,109,"{'v_gene': [('mouse', 'TRAV11*02'), 0.978494623655914], 'j_gene': [('mouse', 'TRAJ18*01'), 1.0]}","{'v_gene': [('mouse', 'TRBV13-2*01'), 0.9789473684210527], 'j_gene': [('mouse', 'TRBJ2-5*01'), 1.0]}",4irs,bound,TRAV11*02,0.978494623655914,TRAJ18*01,1.0,TRBV13-2*01,0.9789473684210528,TRBJ2-5*01,1.0,TRAV11*02-TRAJ18*01,TRBV13-2*01-TRBJ2-5*01,TRAV11*02-TRAJ18*01|TRBV13-2*01-TRBJ2-5*01
-68.72613552225178,103.1047295868384,-110.25464432561346,-163.12918722970596,144.89555434643864,25.91495376386336,137.85361998961622,12.51763530174963,114,162.262811454717,17.5615963942564,110,"{'v_gene': [('human', 'TRAV12-2*01'), 0.9130434782608695], 'j_gene': [('human', 'TRAJ27*01'), 0.8571428571428571]}","{'v_gene': [('human', 'TRBV30*02'), 0.9361702127659575], 'j_gene': [('human', 'TRBJ2-2*01'), 0.7692307692307693]}",4jfd,bound,TRAV12-2*01,0.9130434782608696,TRAJ27*01,0.8571428571428571,TRBV30*02,0.9361702127659576,TRBJ2-2*01,0.7692307692307693,TRAV12-2*01-TRAJ27*01,TRBV30*02-TRBJ2-2*01,TRAV12-2*01-TRAJ27*01|TRBV30*02-TRBJ2-2*01
-68.87432823920969,102.90233533175018,-110.5736522530602,-163.25348979092084,144.72976424695253,25.92461318428025,136.63950818901617,12.605573236777024,114,162.47045052992374,17.499419855586027,110,"{'v_gene': [('human', 'TRAV12-2*01'), 0.9239130434782609], 'j_gene': [('human', 'TRAJ27*01'), 0.8571428571428571]}","{'v_gene': [('human', 'TRBV30*02'), 0.9361702127659575], 'j_gene': [('human', 'TRBJ2-2*01'), 0.7692307692307693]}",4jfe,bound,TRAV12-2*01,0.9239130434782608,TRAJ27*01,0.8571428571428571,TRBV30*02,0.9361702127659576,TRBJ2-2*01,0.7692307692307693,TRAV12-2*01-TRAJ27*01,TRBV30*02-TRBJ2-2*01,TRAV12-2*01-TRAJ27*01|TRBV30*02-TRBJ2-2*01
-68.8681891035493,103.02284228925589,-110.01065680312608,-163.16215530186923,144.8592600608107,25.827752021930618,138.9297089721167,12.708610894740286,114,162.73585045787445,17.556940383842115,110,"{'v_gene': [('human', 'TRAV12-2*01'), 0.9130434782608695], 'j_gene': [('human', 'TRAJ27*01'), 0.8571428571428571]}","{'v_gene': [('human', 'TRBV30*02'), 0.9361702127659575], 'j_gene': [('human', 'TRBJ2-2*01'), 0.7692307692307693]}",4jff,bound,TRAV12-2*01,0.9130434782608696,TRAJ27*01,0.8571428571428571,TRBV30*02,0.9361702127659576,TRBJ2-2*01,0.7692307692307693,TRAV12-2*01-TRAJ27*01,TRBV30*02-TRBJ2-2*01,TRAV12-2*01-TRAJ27*01|TRBV30*02-TRBJ2-2*01
-65.22617476918073,105.45934334872129,-112.35486833515333,-157.32528742956077,147.1693116410105,25.858850959866636,149.48796729510894,13.45942224344009,113,145.11120815230728,14.536842392320516,110,"{'v_gene': [('human', 'TRAV12-2*01'), 0.9565217391304348], 'j_gene': [('human', 'TRAJ23*01'), 1.0]}","{'v_gene': [('human', 'TRBV6-4*01'), 0.9789473684210527], 'j_gene': [('human', 'TRBJ1-1*01'), 1.0]}",4l3e,bound,TRAV12-2*01,0.9565217391304348,TRAJ23*01,1.0,TRBV6-4*01,0.9789473684210528,TRBJ1-1*01,1.0,TRAV12-2*01-TRAJ23*01,TRBV6-4*01-TRBJ1-1*01,TRAV12-2*01-TRAJ23*01|TRBV6-4*01-TRBJ1-1*01
-71.61327480126215,103.78443452041182,-107.8693407582484,-162.35778332602536,149.7611966087867,26.18924568495848,173.8120414524454,14.491211890478889,109,135.60460693531732,17.95274858422144,111,"{'v_gene': [('human', 'TRAV1-2*01'), 0.967032967032967], 'j_gene': [('human', 'TRAJ33*01'), 1.0]}","{'v_gene': [('human', 'TRBV6-1*01'), 0.9789473684210527], 'j_gene': [('human', 'TRBJ2-2*01'), 1.0]}",4l4t,bound,TRAV1-2*01,0.967032967032967,TRAJ33*01,1.0,TRBV6-1*01,0.9789473684210528,TRBJ2-2*01,1.0,TRAV1-2*01-TRAJ33*01,TRBV6-1*01-TRBJ2-2*01,TRAV1-2*01-TRAJ33*01|TRBV6-1*01-TRBJ2-2*01
-71.70218188755102,103.86835067691072,-107.22100732768696,-162.3122306265163,149.82365201491768,26.217759591237947,172.1588622483466,14.459309968369354,109,139.72248399404228,17.96418550398604,111,"{'v_gene': [('human', 'TRAV1-2*01'), 0.967032967032967], 'j_gene': [('human', 'TRAJ33*01'), 1.0]}","{'v_gene': [('human', 'TRBV6-1*01'), 0.9789473684210527], 'j_gene': [('human', 'TRBJ2-2*01'), 1.0]}",4l4v,bound,TRAV1-2*01,0.967032967032967,TRAJ33*01,1.0,TRBV6-1*01,0.9789473684210528,TRBJ2-2*01,1.0,TRAV1-2*01-TRAJ33*01,TRBV6-1*01-TRBJ2-2*01,TRAV1-2*01-TRAJ33*01|TRBV6-1*01-TRBJ2-2*01
-71.53008907846399,103.53274337032445,-106.60325433528384,-162.4787944960306,149.7971391193998,25.9899930238312,171.8693287368212,14.734878871230478,109,138.40553192281004,16.004141342986344,111,"{'v_gene': [('human', 'TRAV1-2*01'), 0.945054945054945], 'j_gene': [('human', 'TRAJ33*01'), 1.0]}","{'v_gene': [('human', 'TRBV6-1*01'), 0.9894736842105263], 'j_gene': [('human', 'TRBJ2-2*01'), 1.0]}",4l8s,bound,TRAV1-2*01,0.945054945054945,TRAJ33*01,1.0,TRBV6-1*01,0.9894736842105264,TRBJ2-2*01,1.0,TRAV1-2*01-TRAJ33*01,TRBV6-1*01-TRBJ2-2*01,TRAV1-2*01-TRAJ33*01|TRBV6-1*01-TRBJ2-2*01
-71.79473798385497,103.79810337381377,-106.5032343312456,-162.16452696033434,150.36604553961422,26.17894189936416,158.1735627989092,12.8996199073285,113,147.49047540934933,17.675867156191796,112A,"{'v_gene': [('human', 'TRAV1-2*01'), 0.967032967032967], 'j_gene': [('human', 'TRAJ33*01'), 1.0]}","{'v_gene': [('human', 'TRBV6-1*01'), 0.9789473684210527], 'j_gene': [('human', 'TRBJ2-2*01'), 1.0]}",4lcc,bound,TRAV1-2*01,0.967032967032967,TRAJ33*01,1.0,TRBV6-1*01,0.9789473684210528,TRBJ2-2*01,1.0,TRAV1-2*01-TRAJ33*01,TRBV6-1*01-TRBJ2-2*01,TRAV1-2*01-TRAJ33*01|TRBV6-1*01-TRBJ2-2*01
-71.29869549188561,103.79695363799567,-107.75227591784122,-162.4380622071571,150.02373545272042,26.086554354006907,175.95954880878557,14.53120529935648,109,138.9385634896006,18.319350185905964,111,"{'v_gene': [('human', 'TRAV1-2*01'), 0.967032967032967], 'j_gene': [('human', 'TRAJ33*01'), 1.0]}","{'v_gene': [('human', 'TRBV6-1*01'), 0.9789473684210527], 'j_gene': [('human', 'TRBJ2-2*01'), 1.0]}",4lcw,bound,TRAV1-2*01,0.967032967032967,TRAJ33*01,1.0,TRBV6-1*01,0.9789473684210528,TRBJ2-2*01,1.0,TRAV1-2*01-TRAJ33*01,TRBV6-1*01-TRBJ2-2*01,TRAV1-2*01-TRAJ33*01|TRBV6-1*01-TRBJ2-2*01
-69.0461108456466,104.62724321241978,-108.426280060402,-158.84191950171706,151.29456276957956,25.81408150411933,152.68760298188425,16.96928810998635,110,139.5578581157475,14.41437536534165,113,"{'v_gene': [('mouse', 'TRAV9D-3*01'), 0.9787234042553191], 'j_gene': [('mouse', 'TRAJ58*01'), 1.0]}","{'v_gene': [('mouse', 'TRBV13-1*02'), 0.968421052631579], 'j_gene': [('mouse', 'TRBJ2-2*01'), 1.0]}",4ms8,bound,TRAV9D-3*01,0.9787234042553192,TRAJ58*01,1.0,TRBV13-1*02,0.968421052631579,TRBJ2-2*01,1.0,TRAV9D-3*01-TRAJ58*01,TRBV13-1*02-TRBJ2-2*01,TRAV9D-3*01-TRAJ58*01|TRBV13-1*02-TRBJ2-2*01
-69.58782109858345,104.66667932989645,-108.46143984086976,-158.70927808365343,151.16921482407497,25.82128000331854,154.1592447228079,16.968873851322392,110,139.33029649321796,13.844089265693915,113,"{'v_gene': [('mouse', 'TRAV9D-3*01'), 0.9787234042553191], 'j_gene': [('mouse', 'TRAJ58*01'), 1.0]}","{'v_gene': [('mouse', 'TRBV13-1*02'), 0.968421052631579], 'j_gene': [('mouse', 'TRBJ2-2*01'), 1.0]}",4mvb,bound,TRAV9D-3*01,0.9787234042553192,TRAJ58*01,1.0,TRBV13-1*02,0.968421052631579,TRBJ2-2*01,1.0,TRAV9D-3*01-TRAJ58*01,TRBV13-1*02-TRBJ2-2*01,TRAV9D-3*01-TRAJ58*01|TRBV13-1*02-TRBJ2-2*01
-69.81853307051578,104.49072726813648,-108.58748333733573,-159.40955741205877,151.4661972068929,26.00412504131372,156.11874005033985,16.314470835772774,110,137.61242328960628,14.275272950322677,113,"{'v_gene': [('mouse', 'TRAV9D-3*01'), 0.9893617021276596], 'j_gene': [('mouse', 'TRAJ58*01'), 1.0]}","{'v_gene': [('mouse', 'TRBV13-1*02'), 0.968421052631579], 'j_gene': [('mouse', 'TRBJ2-2*01'), 1.0]}",4mxq,bound,TRAV9D-3*01,0.9893617021276596,TRAJ58*01,1.0,TRBV13-1*02,0.968421052631579,TRBJ2-2*01,1.0,TRAV9D-3*01-TRAJ58*01,TRBV13-1*02-TRBJ2-2*01,TRAV9D-3*01-TRAJ58*01|TRBV13-1*02-TRBJ2-2*01
-71.22474960127654,104.2598403167766,-109.9945281821512,-158.72607695198147,150.582615100581,25.78832378877229,163.46596439362625,16.23359815912233,110,136.9605361992882,14.48183167260049,113,"{'v_gene': [('mouse', 'TRAV9D-3*01'), 1.0], 'j_gene': [('mouse', 'TRAJ58*01'), 1.0]}","{'v_gene': [('mouse', 'TRBV13-1*02'), 0.968421052631579], 'j_gene': [('mouse', 'TRBJ2-2*01'), 1.0]}",4n0c,bound,TRAV9D-3*01,1.0,TRAJ58*01,1.0,TRBV13-1*02,0.968421052631579,TRBJ2-2*01,1.0,TRAV9D-3*01-TRAJ58*01,TRBV13-1*02-TRBJ2-2*01,TRAV9D-3*01-TRAJ58*01|TRBV13-1*02-TRBJ2-2*01
-68.95311883693994,104.97214520862508,-107.09251269277796,-160.19544870813226,152.57905523868249,26.032753978064623,165.88383500064757,16.08332172016688,110,135.9866703354089,14.317932199769286,113,"{'v_gene': [('mouse', 'TRAV9D-3*01'), 1.0], 'j_gene': [('mouse', 'TRAJ58*01'), 1.0]}","{'v_gene': [('mouse', 'TRBV13-1*02'), 0.968421052631579], 'j_gene': [('mouse', 'TRBJ2-2*01'), 1.0]}",4n5e,bound,TRAV9D-3*01,1.0,TRAJ58*01,1.0,TRBV13-1*02,0.968421052631579,TRBJ2-2*01,1.0,TRAV9D-3*01-TRAJ58*01,TRBV13-1*02-TRBJ2-2*01,TRAV9D-3*01-TRAJ58*01|TRBV13-1*02-TRBJ2-2*01
-63.895938895554536,103.63763617048608,-109.94015460731822,-160.1979746174251,151.2949773202232,26.01059845219649,176.90494832928877,13.235487030176111,109,153.73765192210368,13.851638830659658,109,"{'v_gene': [('mouse', 'TRAV9-4*01'), 0.9680851063829787], 'j_gene': [('mouse', 'TRAJ35*02'), 0.9285714285714286]}","{'v_gene': [('mouse', 'TRBV13-2*01'), 0.9578947368421052], 'j_gene': [('mouse', 'TRBJ2-4*01'), 1.0]}",4nhu,bound,TRAV9-4*01,0.9680851063829788,TRAJ35*02,0.9285714285714286,TRBV13-2*01,0.9578947368421052,TRBJ2-4*01,1.0,TRAV9-4*01-TRAJ35*02,TRBV13-2*01-TRBJ2-4*01,TRAV9-4*01-TRAJ35*02|TRBV13-2*01-TRBJ2-4*01
-69.08431014208288,104.29512953709855,-107.13505890858724,-161.81446925460685,149.41002869613982,26.2847360743784,173.14007884910376,14.462563924140545,109,140.8148874253836,18.239880361929814,111,"{'v_gene': [('human', 'TRAV1-2*01'), 0.967032967032967], 'j_gene': [('human', 'TRAJ33*01'), 1.0]}","{'v_gene': [('human', 'TRBV6-1*01'), 0.968421052631579], 'j_gene': [('human', 'TRBJ2-2*01'), 1.0]}",4nqc,bound,TRAV1-2*01,0.967032967032967,TRAJ33*01,1.0,TRBV6-1*01,0.968421052631579,TRBJ2-2*01,1.0,TRAV1-2*01-TRAJ33*01,TRBV6-1*01-TRBJ2-2*01,TRAV1-2*01-TRAJ33*01|TRBV6-1*01-TRBJ2-2*01
-71.324510753903,103.78220810463012,-107.75861147711124,-162.40106322294426,150.1803400759863,26.093277110862257,175.43254795314115,14.37848486167129,109,140.0801304227341,18.13965871757781,111,"{'v_gene': [('human', 'TRAV1-2*01'), 0.967032967032967], 'j_gene': [('human', 'TRAJ33*01'), 1.0]}","{'v_gene': [('human', 'TRBV6-1*01'), 0.9789473684210527], 'j_gene': [('human', 'TRBJ2-2*01'), 1.0]}",4nqd,bound,TRAV1-2*01,0.967032967032967,TRAJ33*01,1.0,TRBV6-1*01,0.9789473684210528,TRBJ2-2*01,1.0,TRAV1-2*01-TRAJ33*01,TRBV6-1*01-TRBJ2-2*01,TRAV1-2*01-TRAJ33*01|TRBV6-1*01-TRBJ2-2*01
-71.7450710306239,103.79062515690924,-107.5631763860689,-162.36967789844908,149.63544271207735,26.18064752982744,173.48809680969106,14.288019220223054,109,138.3865664445912,18.0844002308698,111,"{'v_gene': [('human', 'TRAV1-2*01'), 0.967032967032967], 'j_gene': [('human', 'TRAJ33*01'), 1.0]}","{'v_gene': [('human', 'TRBV6-1*01'), 0.9789473684210527], 'j_gene': [('human', 'TRBJ2-2*01'), 1.0]}",4nqe,bound,TRAV1-2*01,0.967032967032967,TRAJ33*01,1.0,TRBV6-1*01,0.9789473684210528,TRBJ2-2*01,1.0,TRAV1-2*01-TRAJ33*01,TRBV6-1*01-TRBJ2-2*01,TRAV1-2*01-TRAJ33*01|TRBV6-1*01-TRBJ2-2*01
-71.10959571482147,103.64495512439123,-107.72174487796424,-162.58791197721524,150.0431025543569,26.112475546466897,168.88609642842212,13.574891492495423,113,139.03246751394877,18.05574315938592,112A,"{'v_gene': [('human', 'TRAV1-2*01'), 0.967032967032967], 'j_gene': [('human', 'TRAJ33*01'), 1.0]}","{'v_gene': [('human', 'TRBV6-1*01'), 0.9789473684210527], 'j_gene': [('human', 'TRBJ2-2*01'), 1.0]}",4pj5,bound,TRAV1-2*01,0.967032967032967,TRAJ33*01,1.0,TRBV6-1*01,0.9789473684210528,TRBJ2-2*01,1.0,TRAV1-2*01-TRAJ33*01,TRBV6-1*01-TRBJ2-2*01,TRAV1-2*01-TRAJ33*01|TRBV6-1*01-TRBJ2-2*01
-70.05854021375956,104.53639684211026,-107.7780757444365,-161.5052367183572,149.899342405786,26.22418389618272,169.46754209588775,14.662879687318776,109,143.07818038263093,17.139812841868793,112,"{'v_gene': [('human', 'TRAV1-2*01'), 0.9560439560439561], 'j_gene': [('human', 'TRAJ33*01'), 1.0]}","{'v_gene': [('human', 'TRBV6-1*01'), 0.9578947368421052], 'j_gene': [('human', 'TRBJ2-2*01'), 0.7692307692307693]}",4pja,bound,TRAV1-2*01,0.956043956043956,TRAJ33*01,1.0,TRBV6-1*01,0.9578947368421052,TRBJ2-2*01,0.7692307692307693,TRAV1-2*01-TRAJ33*01,TRBV6-1*01-TRBJ2-2*01,TRAV1-2*01-TRAJ33*01|TRBV6-1*01-TRBJ2-2*01
-71.43512640236526,103.6823514534305,-107.86458343764276,-161.6618622221644,149.33587486546247,26.19394525786021,-177.8686976487854,14.607450507570046,109,138.24305207080283,16.242559179059846,111,"{'v_gene': [('human', 'TRAV1-2*01'), 0.9560439560439561], 'j_gene': [('human', 'TRAJ33*01'), 1.0]}","{'v_gene': [('human', 'TRBV6-1*01'), 0.9789473684210527], 'j_gene': [('human', 'TRBJ2-2*01'), 1.0]}",4pjb,bound,TRAV1-2*01,0.956043956043956,TRAJ33*01,1.0,TRBV6-1*01,0.9789473684210528,TRBJ2-2*01,1.0,TRAV1-2*01-TRAJ33*01,TRBV6-1*01-TRBJ2-2*01,TRAV1-2*01-TRAJ33*01|TRBV6-1*01-TRBJ2-2*01
-70.81715814683035,104.20927507363513,-107.1646677151866,-162.06930132149375,150.744554079095,26.14490918951824,167.00426359674358,14.66127972953737,109,143.3590843491649,16.587384762374406,112,"{'v_gene': [('human', 'TRAV1-2*01'), 0.9560439560439561], 'j_gene': [('human', 'TRAJ33*01'), 1.0]}","{'v_gene': [('human', 'TRBV6-1*01'), 0.9578947368421052], 'j_gene': [('human', 'TRBJ2-2*01'), 0.7692307692307693]}",4pje,bound,TRAV1-2*01,0.956043956043956,TRAJ33*01,1.0,TRBV6-1*01,0.9578947368421052,TRBJ2-2*01,0.7692307692307693,TRAV1-2*01-TRAJ33*01,TRBV6-1*01-TRBJ2-2*01,TRAV1-2*01-TRAJ33*01|TRBV6-1*01-TRBJ2-2*01
-70.7020767041304,103.80309875906937,-107.9073778439502,-161.9193264358512,149.18162391873955,26.22527468939664,175.95958838885974,14.435147634877046,109,139.76086117925914,16.228081300330654,111,"{'v_gene': [('human', 'TRAV1-2*01'), 0.9560439560439561], 'j_gene': [('human', 'TRAJ33*01'), 1.0]}","{'v_gene': [('human', 'TRBV6-1*01'), 0.9789473684210527], 'j_gene': [('human', 'TRBJ2-2*01'), 1.0]}",4pjg,bound,TRAV1-2*01,0.956043956043956,TRAJ33*01,1.0,TRBV6-1*01,0.9789473684210528,TRBJ2-2*01,1.0,TRAV1-2*01-TRAJ33*01,TRBV6-1*01-TRBJ2-2*01,TRAV1-2*01-TRAJ33*01|TRBV6-1*01-TRBJ2-2*01
-70.1685669332052,103.79994411190381,-107.7433146247086,-162.43014684999946,149.52722434883663,26.108610442455028,179.51795642164134,14.688092971350638,109,143.66224203620894,16.68348023870819,110,"{'v_gene': [('human', 'TRAV1-2*01'), 0.9560439560439561], 'j_gene': [('human', 'TRAJ33*01'), 1.0]}","{'v_gene': [('human', 'TRBV6-1*01'), 0.968421052631579], 'j_gene': [('human', 'TRBJ2-2*01'), 1.0]}",4pjh,bound,TRAV1-2*01,0.956043956043956,TRAJ33*01,1.0,TRBV6-1*01,0.968421052631579,TRBJ2-2*01,1.0,TRAV1-2*01-TRAJ33*01,TRBV6-1*01-TRBJ2-2*01,TRAV1-2*01-TRAJ33*01|TRBV6-1*01-TRBJ2-2*01
-67.98854883784387,101.57254698781566,-109.46374141283528,-165.06455544394746,147.60513376377935,26.13110113918064,145.44679668115072,12.065524626224336,114,158.73237103182876,17.209824471578006,110,"{'v_gene': [('human', 'TRAV12-2*01'), 0.967391304347826], 'j_gene': [('human', 'TRAJ27*01'), 1.0]}","{'v_gene': [('human', 'TRBV30*02'), 0.9893617021276596], 'j_gene': [('human', 'TRBJ2-2*01'), 1.0]}",4qok,bound,TRAV12-2*01,0.967391304347826,TRAJ27*01,1.0,TRBV30*02,0.9893617021276596,TRBJ2-2*01,1.0,TRAV12-2*01-TRAJ27*01,TRBV30*02-TRBJ2-2*01,TRAV12-2*01-TRAJ27*01|TRBV30*02-TRBJ2-2*01
-64.79063425032288,99.57347028245579,-107.49816832375286,-167.4229712198425,150.04074492564416,26.31442352853045,137.11737562610867,16.8765362416847,111,166.22835398596027,15.628752151070074,109,"{'v_gene': [('mouse', 'TRAV11*02'), 0.978494623655914], 'j_gene': [('mouse', 'TRAJ18*01'), 1.0]}","{'v_gene': [('mouse', 'TRBV13-2*01'), 0.9789473684210527], 'j_gene': [('mouse', 'TRBJ2-5*01'), 1.0]}",4y16,bound,TRAV11*02,0.978494623655914,TRAJ18*01,1.0,TRBV13-2*01,0.9789473684210528,TRBJ2-5*01,1.0,TRAV11*02-TRAJ18*01,TRBV13-2*01-TRBJ2-5*01,TRAV11*02-TRAJ18*01|TRBV13-2*01-TRBJ2-5*01
-65.94745521131935,99.86229578258656,-107.93871352233208,-167.33688197264794,149.8012538670406,26.29556557464151,138.26873109158998,17.01641756975156,111,167.0100641262632,15.738776320411343,109,"{'v_gene': [('mouse', 'TRAV11*02'), 0.978494623655914], 'j_gene': [('mouse', 'TRAJ18*01'), 1.0]}","{'v_gene': [('mouse', 'TRBV13-2*01'), 0.9789473684210527], 'j_gene': [('mouse', 'TRBJ2-5*01'), 1.0]}",4y2d,bound,TRAV11*02,0.978494623655914,TRAJ18*01,1.0,TRBV13-2*01,0.9789473684210528,TRBJ2-5*01,1.0,TRAV11*02-TRAJ18*01,TRBV13-2*01-TRBJ2-5*01,TRAV11*02-TRAJ18*01|TRBV13-2*01-TRBJ2-5*01
-64.60502532742812,99.37630182817168,-108.12270851143208,-167.50401846926567,149.54836458946488,26.30014637540959,137.07542691837693,17.135707723927435,111,168.20166961005023,15.567617748046374,109,"{'v_gene': [('mouse', 'TRAV11*02'), 0.978494623655914], 'j_gene': [('mouse', 'TRAJ18*01'), 1.0]}","{'v_gene': [('mouse', 'TRBV13-2*01'), 0.9789473684210527], 'j_gene': [('mouse', 'TRBJ2-5*01'), 1.0]}",4y4f,bound,TRAV11*02,0.978494623655914,TRAJ18*01,1.0,TRBV13-2*01,0.9789473684210528,TRBJ2-5*01,1.0,TRAV11*02-TRAJ18*01,TRBV13-2*01-TRBJ2-5*01,TRAV11*02-TRAJ18*01|TRBV13-2*01-TRBJ2-5*01
-65.76587140773174,100.04138343284217,-107.54270776011786,-166.88628180859027,150.1473478760605,26.407425649114,137.5477216198762,17.18409935242542,111,166.74675933303445,15.78649493608907,109,"{'v_gene': [('mouse', 'TRAV11*02'), 0.978494623655914], 'j_gene': [('mouse', 'TRAJ18*01'), 1.0]}","{'v_gene': [('mouse', 'TRBV13-2*01'), 0.9789473684210527], 'j_gene': [('mouse', 'TRBJ2-5*01'), 1.0]}",4y4h,bound,TRAV11*02,0.978494623655914,TRAJ18*01,1.0,TRBV13-2*01,0.9789473684210528,TRBJ2-5*01,1.0,TRAV11*02-TRAJ18*01,TRBV13-2*01-TRBJ2-5*01,TRAV11*02-TRAJ18*01|TRBV13-2*01-TRBJ2-5*01
-65.14330763371098,99.33941457209022,-107.86013590406525,-167.69856052671943,149.78164077724148,26.28203397652224,137.65722663291035,17.315923164656446,111,164.34409896049445,15.480052435003662,109,"{'v_gene': [('mouse', 'TRAV11*02'), 0.978494623655914], 'j_gene': [('mouse', 'TRAJ18*01'), 1.0]}","{'v_gene': [('mouse', 'TRBV13-2*01'), 0.9789473684210527], 'j_gene': [('mouse', 'TRBJ2-5*01'), 1.0]}",4y4k,bound,TRAV11*02,0.978494623655914,TRAJ18*01,1.0,TRBV13-2*01,0.9789473684210528,TRBJ2-5*01,1.0,TRAV11*02-TRAJ18*01,TRBV13-2*01-TRBJ2-5*01,TRAV11*02-TRAJ18*01|TRBV13-2*01-TRBJ2-5*01
-65.11408778146874,99.65147534101226,-107.83691545851694,-167.36568108676178,149.99562844962497,26.24384617393006,137.40151869422428,16.987743734544804,111,166.64653428509197,15.563531493006172,109,"{'v_gene': [('mouse', 'TRAV11*02'), 0.978494623655914], 'j_gene': [('mouse', 'TRAJ18*01'), 1.0]}","{'v_gene': [('mouse', 'TRBV13-2*01'), 0.9789473684210527], 'j_gene': [('mouse', 'TRBJ2-5*01'), 1.0]}",4zak,bound,TRAV11*02,0.978494623655914,TRAJ18*01,1.0,TRBV13-2*01,0.9789473684210528,TRBJ2-5*01,1.0,TRAV11*02-TRAJ18*01,TRBV13-2*01-TRBJ2-5*01,TRAV11*02-TRAJ18*01|TRBV13-2*01-TRBJ2-5*01
-73.78631998956703,99.36639935074311,-109.7922882851452,-160.166808173143,149.3169441700316,26.2970242328255,163.1517583404543,15.828709479696892,110,144.73469514938537,15.98291263178824,112,"{'v_gene': [('human', 'TRAV12-3*01'), 0.9565217391304348], 'j_gene': [('human', 'TRAJ12*01'), 1.0]}","{'v_gene': [('human', 'TRBV12-4*01'), 0.9895833333333334], 'j_gene': [('human', 'TRBJ2-4*01'), 1.0]}",5c07,bound,TRAV12-3*01,0.9565217391304348,TRAJ12*01,1.0,TRBV12-4*01,0.9895833333333334,TRBJ2-4*01,1.0,TRAV12-3*01-TRAJ12*01,TRBV12-4*01-TRBJ2-4*01,TRAV12-3*01-TRAJ12*01|TRBV12-4*01-TRBJ2-4*01
-73.30166749196687,98.74847495333569,-110.1206242869468,-159.85876833558115,148.90811474257907,26.292048619088384,162.9819569375041,15.822879834131385,110,143.37167339055748,16.011016950276968,112,"{'v_gene': [('human', 'TRAV12-3*01'), 0.9565217391304348], 'j_gene': [('human', 'TRAJ12*01'), 1.0]}","{'v_gene': [('human', 'TRBV12-4*01'), 0.96875], 'j_gene': [('human', 'TRBJ2-4*01'), 1.0]}",5c08,bound,TRAV12-3*01,0.9565217391304348,TRAJ12*01,1.0,TRBV12-4*01,0.96875,TRBJ2-4*01,1.0,TRAV12-3*01-TRAJ12*01,TRBV12-4*01-TRBJ2-4*01,TRAV12-3*01-TRAJ12*01|TRBV12-4*01-TRBJ2-4*01
-74.0601974556627,98.96055460411316,-109.35008459305236,-160.30507627957806,149.77290231511887,26.24255389930541,163.25060030325903,15.956293049223598,110,145.2631965074966,16.050282523328843,112,"{'v_gene': [('human', 'TRAV12-3*01'), 0.9565217391304348], 'j_gene': [('human', 'TRAJ12*01'), 1.0]}","{'v_gene': [('human', 'TRBV12-4*01'), 0.96875], 'j_gene': [('human', 'TRBJ2-4*01'), 1.0]}",5c09,bound,TRAV12-3*01,0.9565217391304348,TRAJ12*01,1.0,TRBV12-4*01,0.96875,TRBJ2-4*01,1.0,TRAV12-3*01-TRAJ12*01,TRBV12-4*01-TRBJ2-4*01,TRAV12-3*01-TRAJ12*01|TRBV12-4*01-TRBJ2-4*01
-72.98156233172737,99.77867078450004,-109.14970534809363,-160.66528115226436,149.17535722688228,26.316860090435476,163.76198982685554,15.951008858812658,110,163.49886247188175,15.90644254327092,110,"{'v_gene': [('human', 'TRAV12-3*01'), 0.9565217391304348], 'j_gene': [('human', 'TRAJ12*01'), 1.0]}","{'v_gene': [('human', 'TRBV12-4*01'), 0.9895833333333334], 'j_gene': [('human', 'TRBJ2-4*01'), 1.0]}",5c0a,bound,TRAV12-3*01,0.9565217391304348,TRAJ12*01,1.0,TRBV12-4*01,0.9895833333333334,TRBJ2-4*01,1.0,TRAV12-3*01-TRAJ12*01,TRBV12-4*01-TRBJ2-4*01,TRAV12-3*01-TRAJ12*01|TRBV12-4*01-TRBJ2-4*01
-73.893907019415,100.03019880785337,-109.62844253492024,-160.41618558153587,148.23446254407872,26.450196901440894,162.00821929849943,15.722561093314098,110,144.4801152095138,15.906659099213398,112,"{'v_gene': [('human', 'TRAV12-3*01'), 0.9565217391304348], 'j_gene': [('human', 'TRAJ12*01'), 1.0]}","{'v_gene': [('human', 'TRBV12-4*01'), 0.9895833333333334], 'j_gene': [('human', 'TRBJ2-4*01'), 1.0]}",5c0b,bound,TRAV12-3*01,0.9565217391304348,TRAJ12*01,1.0,TRBV12-4*01,0.9895833333333334,TRBJ2-4*01,1.0,TRAV12-3*01-TRAJ12*01,TRBV12-4*01-TRBJ2-4*01,TRAV12-3*01-TRAJ12*01|TRBV12-4*01-TRBJ2-4*01
-73.59663931481,100.03012915845318,-109.43389794126831,-160.24427507392073,148.72100416380766,26.425440188716745,162.8277986140905,15.767309889096424,110,141.58582366164111,15.810987274475696,112,"{'v_gene': [('human', 'TRAV12-3*01'), 0.9565217391304348], 'j_gene': [('human', 'TRAJ12*01'), 1.0]}","{'v_gene': [('human', 'TRBV12-4*01'), 0.9895833333333334], 'j_gene': [('human', 'TRBJ2-4*01'), 1.0]}",5c0c,bound,TRAV12-3*01,0.9565217391304348,TRAJ12*01,1.0,TRBV12-4*01,0.9895833333333334,TRBJ2-4*01,1.0,TRAV12-3*01-TRAJ12*01,TRBV12-4*01-TRBJ2-4*01,TRAV12-3*01-TRAJ12*01|TRBV12-4*01-TRBJ2-4*01
-73.52569237686778,103.22313638967444,-108.13247720521127,-162.36278348340554,149.82712994055612,26.16847082711914,133.45857656030103,15.586485643327968,110,156.8622496311769,20.13519059139951,111,"{'v_gene': [('human', 'TRAV12-2*01'), 0.9347826086956522], 'j_gene': [('human', 'TRAJ24*02'), 1.0]}","{'v_gene': [('human', 'TRBV6-5*01'), 0.9157894736842105], 'j_gene': [('human', 'TRBJ2-7*01'), 0.9230769230769231]}",5e9d,bound,TRAV12-2*01,0.9347826086956522,TRAJ24*02,1.0,TRBV6-5*01,0.9157894736842104,TRBJ2-7*01,0.9230769230769232,TRAV12-2*01-TRAJ24*02,TRBV6-5*01-TRBJ2-7*01,TRAV12-2*01-TRAJ24*02|TRBV6-5*01-TRBJ2-7*01
-60.35751764310143,108.3171396265293,-109.5933038076612,-157.0161044131935,147.122967141022,26.990107211629308,-177.05135024638545,15.209569213623658,112,168.3320093061281,14.33261486103466,109,"{'v_gene': [('human', 'TRAV27*01'), 0.967032967032967], 'j_gene': [('human', 'TRAJ42*01'), 0.9285714285714286]}","{'v_gene': [('human', 'TRBV19*01'), 0.968421052631579], 'j_gene': [('human', 'TRBJ2-7*01'), 1.0]}",5euo,bound,TRAV27*01,0.967032967032967,TRAJ42*01,0.9285714285714286,TRBV19*01,0.968421052631579,TRBJ2-7*01,1.0,TRAV27*01-TRAJ42*01,TRBV19*01-TRBJ2-7*01,TRAV27*01-TRAJ42*01|TRBV19*01-TRBJ2-7*01
-58.0798377651561,106.49317919842099,-105.28456543581916,-158.08968733458923,149.89819871447617,25.923877918503127,167.24819607384077,10.92855410111498,113,172.85613454036988,14.362592019340717,109,"{'v_gene': [('human', 'TRAV27*01'), 0.967032967032967], 'j_gene': [('human', 'TRAJ42*01'), 1.0]}","{'v_gene': [('human', 'TRBV19*01'), 0.968421052631579], 'j_gene': [('human', 'TRBJ2-7*01'), 1.0]}",5hhm,bound,TRAV27*01,0.967032967032967,TRAJ42*01,1.0,TRBV19*01,0.968421052631579,TRBJ2-7*01,1.0,TRAV27*01-TRAJ42*01,TRBV19*01-TRBJ2-7*01,TRAV27*01-TRAJ42*01|TRBV19*01-TRBJ2-7*01
-58.144013794497454,106.91830601141862,-105.53282383167064,-157.8692496224099,150.02213469173842,26.0817156053694,160.32275215249754,10.43247790842151,113,167.50408214310684,14.119876913031478,109,"{'v_gene': [('human', 'TRAV27*01'), 0.967032967032967], 'j_gene': [('human', 'TRAJ42*01'), 1.0]}","{'v_gene': [('human', 'TRBV19*01'), 0.9789473684210527], 'j_gene': [('human', 'TRBJ2-7*01'), 1.0]}",5hho,bound,TRAV27*01,0.967032967032967,TRAJ42*01,1.0,TRBV19*01,0.9789473684210528,TRBJ2-7*01,1.0,TRAV27*01-TRAJ42*01,TRBV19*01-TRBJ2-7*01,TRAV27*01-TRAJ42*01|TRBV19*01-TRBJ2-7*01
-75.76726265505856,101.14312267385583,-109.70465175239045,-162.418484921816,150.83255647388148,25.736427104595407,161.519796952842,15.216786169770511,110,161.13650396589446,15.850557487144629,110,"{'v_gene': [('human', 'TRAV12-3*01'), 0.9565217391304348], 'j_gene': [('human', 'TRAJ12*01'), 1.0]}","{'v_gene': [('human', 'TRBV12-4*01'), 0.9895833333333334], 'j_gene': [('human', 'TRBJ2-4*01'), 1.0]}",5hyj,bound,TRAV12-3*01,0.9565217391304348,TRAJ12*01,1.0,TRBV12-4*01,0.9895833333333334,TRBJ2-4*01,1.0,TRAV12-3*01-TRAJ12*01,TRBV12-4*01-TRBJ2-4*01,TRAV12-3*01-TRAJ12*01|TRBV12-4*01-TRBJ2-4*01
-68.06338925341655,102.90803392107074,-105.57918761120791,-161.12926757239876,155.76357379398883,25.75971872323964,152.10140171285025,15.50718225795824,109,135.31913879077297,15.24871342186789,112,"{'v_gene': [('mouse', 'TRAV14-1*01'), 0.978494623655914], 'j_gene': [('mouse', 'TRAJ48*01'), 1.0]}","{'v_gene': [('mouse', 'TRBV13-3*01'), 0.9789473684210527], 'j_gene': [('mouse', 'TRBJ2-4*01'), 1.0]}",5m00,bound,TRAV14-1*01,0.978494623655914,TRAJ48*01,1.0,TRBV13-3*01,0.9789473684210528,TRBJ2-4*01,1.0,TRAV14-1*01-TRAJ48*01,TRBV13-3*01-TRBJ2-4*01,TRAV14-1*01-TRAJ48*01|TRBV13-3*01-TRBJ2-4*01
-68.919090521775,102.76056502543628,-105.28533000890351,-162.0935330060953,155.60703539491521,25.80459012481206,151.82938809022517,15.356735559851453,109,134.6658397065059,15.298919761872575,112,"{'v_gene': [('mouse', 'TRAV14-1*01'), 0.978494623655914], 'j_gene': [('mouse', 'TRAJ48*01'), 1.0]}","{'v_gene': [('mouse', 'TRBV13-3*01'), 0.9789473684210527], 'j_gene': [('mouse', 'TRBJ2-4*01'), 1.0]}",5m01,bound,TRAV14-1*01,0.978494623655914,TRAJ48*01,1.0,TRBV13-3*01,0.9789473684210528,TRBJ2-4*01,1.0,TRAV14-1*01-TRAJ48*01,TRBV13-3*01-TRBJ2-4*01,TRAV14-1*01-TRAJ48*01|TRBV13-3*01-TRBJ2-4*01
-69.26231726478873,102.51277883022397,-105.41818443509727,-162.1858334839794,155.6775438660618,25.80787503170065,149.52314363056774,15.303712915791312,109,154.11091086537436,17.371702450486065,110,"{'v_gene': [('mouse', 'TRAV14-1*01'), 0.967741935483871], 'j_gene': [('mouse', 'TRAJ48*01'), 1.0]}","{'v_gene': [('mouse', 'TRBV13-3*01'), 0.9789473684210527], 'j_gene': [('mouse', 'TRBJ2-4*01'), 1.0]}",5m02,bound,TRAV14-1*01,0.967741935483871,TRAJ48*01,1.0,TRBV13-3*01,0.9789473684210528,TRBJ2-4*01,1.0,TRAV14-1*01-TRAJ48*01,TRBV13-3*01-TRBJ2-4*01,TRAV14-1*01-TRAJ48*01|TRBV13-3*01-TRBJ2-4*01
-70.95781146027156,101.95550114613837,-105.31479024693172,-161.91781711569809,156.90267185717914,25.66487528104738,145.93569291334262,15.43100381383934,109,149.08211382960212,17.344168493038076,110,"{'v_gene': [('mouse', 'TRAV14-1*01'), 0.989247311827957], 'j_gene': [('mouse', 'TRAJ48*01'), 1.0]}","{'v_gene': [('mouse', 'TRBV13-3*01'), 0.9789473684210527], 'j_gene': [('mouse', 'TRBJ2-4*01'), 1.0]}",5til,bound,TRAV14-1*01,0.989247311827957,TRAJ48*01,1.0,TRBV13-3*01,0.9789473684210528,TRBJ2-4*01,1.0,TRAV14-1*01-TRAJ48*01,TRBV13-3*01-TRBJ2-4*01,TRAV14-1*01-TRAJ48*01|TRBV13-3*01-TRBJ2-4*01
-70.2275269673061,101.84535625891823,-104.86584137391488,-161.60524328604996,157.39920906485986,25.644378851903895,148.3004657700977,15.220244373485125,109,147.65675425262444,17.412890299495736,110,"{'v_gene': [('mouse', 'TRAV14-1*01'), 0.978494623655914], 'j_gene': [('mouse', 'TRAJ48*01'), 1.0]}","{'v_gene': [('mouse', 'TRBV13-3*01'), 0.9789473684210527], 'j_gene': [('mouse', 'TRBJ2-4*01'), 1.0]}",5tje,bound,TRAV14-1*01,0.978494623655914,TRAJ48*01,1.0,TRBV13-3*01,0.9789473684210528,TRBJ2-4*01,1.0,TRAV14-1*01-TRAJ48*01,TRBV13-3*01-TRBJ2-4*01,TRAV14-1*01-TRAJ48*01|TRBV13-3*01-TRBJ2-4*01
-67.87261234037231,104.17608116232134,-107.6212339778932,-161.6541423089348,149.3629785588156,26.33127602747449,175.09828968626135,14.394422828255308,109,140.79960313483795,17.862919759345008,111,"{'v_gene': [('human', 'TRAV1-2*01'), 0.967032967032967], 'j_gene': [('human', 'TRAJ33*01'), 1.0]}","{'v_gene': [('human', 'TRBV6-1*01'), 0.968421052631579], 'j_gene': [('human', 'TRBJ2-2*01'), 1.0]}",5u16,bound,TRAV1-2*01,0.967032967032967,TRAJ33*01,1.0,TRBV6-1*01,0.968421052631579,TRBJ2-2*01,1.0,TRAV1-2*01-TRAJ33*01,TRBV6-1*01-TRBJ2-2*01,TRAV1-2*01-TRAJ33*01|TRBV6-1*01-TRBJ2-2*01
-71.07801425283311,103.78851106574677,-107.61866353006016,-162.1078295225178,149.93528275935154,26.15914101274694,172.17915506377742,14.282450382028124,109,135.7230705772538,17.82018648258014,111,"{'v_gene': [('human', 'TRAV1-2*01'), 0.967032967032967], 'j_gene': [('human', 'TRAJ33*01'), 1.0]}","{'v_gene': [('human', 'TRBV6-1*01'), 0.9894736842105263], 'j_gene': [('human', 'TRBJ2-2*01'), 1.0]}",5u17,bound,TRAV1-2*01,0.967032967032967,TRAJ33*01,1.0,TRBV6-1*01,0.9894736842105264,TRBJ2-2*01,1.0,TRAV1-2*01-TRAJ33*01,TRBV6-1*01-TRBJ2-2*01,TRAV1-2*01-TRAJ33*01|TRBV6-1*01-TRBJ2-2*01
-70.35662307932586,103.88547527644187,-107.80903258483367,-161.8800333159781,150.17471617922,26.16248777162438,176.64335935965195,14.472653452775504,109,135.6326774585863,19.36007903717777,112A,"{'v_gene': [('human', 'TRAV1-2*01'), 0.967032967032967], 'j_gene': [('human', 'TRAJ33*01'), 1.0]}","{'v_gene': [('human', 'TRBV6-1*01'), 0.9789473684210527], 'j_gene': [('human', 'TRBJ2-2*01'), 1.0]}",5u1r,bound,TRAV1-2*01,0.967032967032967,TRAJ33*01,1.0,TRBV6-1*01,0.9789473684210528,TRBJ2-2*01,1.0,TRAV1-2*01-TRAJ33*01,TRBV6-1*01-TRBJ2-2*01,TRAV1-2*01-TRAJ33*01|TRBV6-1*01-TRBJ2-2*01
-71.0742742665818,103.58107328782273,-107.60393650997749,-162.51248576524375,150.41762662249852,26.11684623984068,161.36337343093555,13.34824308953098,113,139.61223160598482,17.857418418288148,112,"{'v_gene': [('human', 'TRAV1-2*01'), 0.967032967032967], 'j_gene': [('human', 'TRAJ33*01'), 1.0]}","{'v_gene': [('human', 'TRBV6-1*01'), 0.968421052631579], 'j_gene': [('human', 'TRBJ2-2*01'), 1.0]}",5u2v,bound,TRAV1-2*01,0.967032967032967,TRAJ33*01,1.0,TRBV6-1*01,0.968421052631579,TRBJ2-2*01,1.0,TRAV1-2*01-TRAJ33*01,TRBV6-1*01-TRBJ2-2*01,TRAV1-2*01-TRAJ33*01|TRBV6-1*01-TRBJ2-2*01
-71.38643829288525,103.55899284710279,-107.55549377086876,-162.5096511729206,150.06989151963262,26.105732654783868,160.83501546366264,13.504847440823566,113,137.51327785468058,17.916119261732657,112,"{'v_gene': [('human', 'TRAV1-2*01'), 0.967032967032967], 'j_gene': [('human', 'TRAJ33*01'), 1.0]}","{'v_gene': [('human', 'TRBV6-1*01'), 0.9894736842105263], 'j_gene': [('human', 'TRBJ2-2*01'), 1.0]}",5u6q,bound,TRAV1-2*01,0.967032967032967,TRAJ33*01,1.0,TRBV6-1*01,0.9894736842105264,TRBJ2-2*01,1.0,TRAV1-2*01-TRAJ33*01,TRBV6-1*01-TRBJ2-2*01,TRAV1-2*01-TRAJ33*01|TRBV6-1*01-TRBJ2-2*01
-67.63628255417906,104.17822076443497,-107.55437318179489,-161.73502209254207,149.2713565358971,26.21000567985338,175.72312335382844,14.206221291075222,109,138.61907952557652,19.64846800566228,112A,"{'v_gene': [('human', 'TRAV1-2*01'), 0.967032967032967], 'j_gene': [('human', 'TRAJ33*01'), 1.0]}","{'v_gene': [('human', 'TRBV6-1*01'), 0.9789473684210527], 'j_gene': [('human', 'TRBJ2-2*01'), 1.0]}",5u72,bound,TRAV1-2*01,0.967032967032967,TRAJ33*01,1.0,TRBV6-1*01,0.9789473684210528,TRBJ2-2*01,1.0,TRAV1-2*01-TRAJ33*01,TRBV6-1*01-TRBJ2-2*01,TRAV1-2*01-TRAJ33*01|TRBV6-1*01-TRBJ2-2*01
-64.55571692259895,99.1330541892836,-107.81692482441744,-167.85573100352838,150.06369869086888,26.31016893255696,137.09350666856918,17.119113347025745,111,166.5346016375175,15.617669343123795,109,"{'v_gene': [('mouse', 'TRAV11*02'), 0.978494623655914], 'j_gene': [('mouse', 'TRAJ18*01'), 1.0]}","{'v_gene': [('mouse', 'TRBV13-2*01'), 0.9789473684210527], 'j_gene': [('mouse', 'TRBJ2-5*01'), 1.0]}",5vcj,bound,TRAV11*02,0.978494623655914,TRAJ18*01,1.0,TRBV13-2*01,0.9789473684210528,TRBJ2-5*01,1.0,TRAV11*02-TRAJ18*01,TRBV13-2*01-TRBJ2-5*01,TRAV11*02-TRAJ18*01|TRBV13-2*01-TRBJ2-5*01
-65.17658128624832,105.56765210353728,-112.38422609116444,-156.71905390609413,147.52609647238484,25.75808470595874,153.38870963829046,13.617315068474763,113,137.79115830909046,14.759859476109852,113,"{'v_gene': [('human', 'TRAV12-2*01'), 0.967391304347826], 'j_gene': [('human', 'TRAJ23*01'), 1.0]}","{'v_gene': [('human', 'TRBV6-4*01'), 0.9789473684210527], 'j_gene': [('human', 'TRBJ1-1*01'), 1.0]}",6am5,bound,TRAV12-2*01,0.967391304347826,TRAJ23*01,1.0,TRBV6-4*01,0.9789473684210528,TRBJ1-1*01,1.0,TRAV12-2*01-TRAJ23*01,TRBV6-4*01-TRBJ1-1*01,TRAV12-2*01-TRAJ23*01|TRBV6-4*01-TRBJ1-1*01
-65.362829122573,106.32823968312357,-112.36815197716842,-157.15767744413426,147.2604019544923,25.76093182028181,151.72132616784378,13.955801325668933,113,143.7916854689799,15.081162524646762,113,"{'v_gene': [('human', 'TRAV12-2*01'), 0.967391304347826], 'j_gene': [('human', 'TRAJ23*01'), 1.0]}","{'v_gene': [('human', 'TRBV6-4*01'), 0.9789473684210527], 'j_gene': [('human', 'TRBJ1-1*01'), 1.0]}",6amu,bound,TRAV12-2*01,0.967391304347826,TRAJ23*01,1.0,TRBV6-4*01,0.9789473684210528,TRBJ1-1*01,1.0,TRAV12-2*01-TRAJ23*01,TRBV6-4*01-TRBJ1-1*01,TRAV12-2*01-TRAJ23*01|TRBV6-4*01-TRBJ1-1*01
-65.50110504714263,99.60257909159571,-108.04138482440024,-167.39911831372606,149.89141718340727,26.266609722955693,137.0712735138961,17.156091771764753,111,163.1978266997371,15.574168868859395,109,"{'v_gene': [('mouse', 'TRAV11*02'), 0.967741935483871], 'j_gene': [('mouse', 'TRAJ18*01'), 1.0]}","{'v_gene': [('mouse', 'TRBV13-2*01'), 0.9789473684210527], 'j_gene': [('mouse', 'TRBJ2-5*01'), 1.0]}",6bnk,bound,TRAV11*02,0.967741935483871,TRAJ18*01,1.0,TRBV13-2*01,0.9789473684210528,TRBJ2-5*01,1.0,TRAV11*02-TRAJ18*01,TRBV13-2*01-TRBJ2-5*01,TRAV11*02-TRAJ18*01|TRBV13-2*01-TRBJ2-5*01
-66.4782391578677,100.5368709353537,-107.46674660314902,-166.7496516251096,150.39893966942088,26.21431696867867,135.95677570431826,16.91679117464949,111,165.19815606056625,15.63545543965009,109,"{'v_gene': [('mouse', 'TRAV11*02'), 0.967741935483871], 'j_gene': [('mouse', 'TRAJ18*01'), 1.0]}","{'v_gene': [('mouse', 'TRBV13-2*01'), 0.9789473684210527], 'j_gene': [('mouse', 'TRBJ2-5*01'), 1.0]}",6bnl,bound,TRAV11*02,0.967741935483871,TRAJ18*01,1.0,TRBV13-2*01,0.9789473684210528,TRBJ2-5*01,1.0,TRAV11*02-TRAJ18*01,TRBV13-2*01-TRBJ2-5*01,TRAV11*02-TRAJ18*01|TRBV13-2*01-TRBJ2-5*01
-68.75718043626698,105.26576121452644,-112.9763927380551,-157.2432422729638,147.90230284233525,25.571955940164543,147.72478797357402,13.254011518597146,113,132.83611227486938,14.717140346024957,113,"{'v_gene': [('human', 'TRAV12-2*01'), 0.967391304347826], 'j_gene': [('human', 'TRAJ23*01'), 1.0]}","{'v_gene': [('human', 'TRBV6-4*01'), 0.968421052631579], 'j_gene': [('human', 'TRBJ1-1*01'), 1.0]}",6d78,bound,TRAV12-2*01,0.967391304347826,TRAJ23*01,1.0,TRBV6-4*01,0.968421052631579,TRBJ1-1*01,1.0,TRAV12-2*01-TRAJ23*01,TRBV6-4*01-TRBJ1-1*01,TRAV12-2*01-TRAJ23*01|TRBV6-4*01-TRBJ1-1*01
-65.88192464997418,105.9330390704257,-112.2534515568927,-157.27834355239554,146.22392292154848,25.828081043477308,148.17650872772225,13.666681047005447,113,151.71222255964076,14.633106249848236,110,"{'v_gene': [('human', 'TRAV12-2*01'), 0.9565217391304348], 'j_gene': [('human', 'TRAJ23*01'), 1.0]}","{'v_gene': [('human', 'TRBV6-4*01'), 0.9894736842105263], 'j_gene': [('human', 'TRBJ1-1*01'), 1.0]}",6dkp,bound,TRAV12-2*01,0.9565217391304348,TRAJ23*01,1.0,TRBV6-4*01,0.9894736842105264,TRBJ1-1*01,1.0,TRAV12-2*01-TRAJ23*01,TRBV6-4*01-TRBJ1-1*01,TRAV12-2*01-TRAJ23*01|TRBV6-4*01-TRBJ1-1*01
-67.91578608635577,101.09042721920821,-109.83669683959896,-164.6653084439143,148.12330926533065,26.082291325143245,164.33952022310115,12.981810827703502,109,159.64583327607662,17.351263466073586,110,"{'v_gene': [('human', 'TRAV12-2*01'), 0.967391304347826], 'j_gene': [('human', 'TRAJ27*01'), 1.0]}","{'v_gene': [('human', 'TRBV30*02'), 1.0], 'j_gene': [('human', 'TRBJ2-2*01'), 1.0]}",6eqa,bound,TRAV12-2*01,0.967391304347826,TRAJ27*01,1.0,TRBV30*02,1.0,TRBJ2-2*01,1.0,TRAV12-2*01-TRAJ27*01,TRBV30*02-TRBJ2-2*01,TRAV12-2*01-TRAJ27*01|TRBV30*02-TRBJ2-2*01
-69.69213309753276,102.38363013956211,-110.63183481232906,-163.66001199637168,144.81167391463885,25.85444956795492,134.38966368104514,12.594862092482066,114,163.88714125420066,17.070638731484742,110,"{'v_gene': [('human', 'TRAV12-2*01'), 0.9347826086956522], 'j_gene': [('human', 'TRAJ27*01'), 0.8571428571428571]}","{'v_gene': [('human', 'TRBV30*02'), 0.9468085106382979], 'j_gene': [('human', 'TRBJ2-2*01'), 0.7692307692307693]}",6eqb,bound,TRAV12-2*01,0.9347826086956522,TRAJ27*01,0.8571428571428571,TRBV30*02,0.946808510638298,TRBJ2-2*01,0.7692307692307693,TRAV12-2*01-TRAJ27*01,TRBV30*02-TRBJ2-2*01,TRAV12-2*01-TRAJ27*01|TRBV30*02-TRBJ2-2*01
-68.7527179745091,103.10031185913465,-105.67353958915564,-161.01426526847357,155.75863960897937,25.845897927203797,152.1699709398234,15.374030587856048,109,137.9142803401202,15.48319988679854,112,"{'v_gene': [('mouse', 'TRAV14-1*01'), 0.978494623655914], 'j_gene': [('mouse', 'TRAJ48*01'), 1.0]}","{'v_gene': [('mouse', 'TRBV13-3*01'), 0.9789473684210527], 'j_gene': [('mouse', 'TRBJ2-4*01'), 1.0]}",6g9q,bound,TRAV14-1*01,0.978494623655914,TRAJ48*01,1.0,TRBV13-3*01,0.9789473684210528,TRBJ2-4*01,1.0,TRAV14-1*01-TRAJ48*01,TRBV13-3*01-TRBJ2-4*01,TRAV14-1*01-TRAJ48*01|TRBV13-3*01-TRBJ2-4*01
-71.85464536804257,103.94316295530928,-107.649587952949,-162.12727381272688,149.71223191765705,26.188100282245987,174.7685786008394,14.411334542997924,109,139.443376083418,17.948774275765214,111,"{'v_gene': [('human', 'TRAV1-2*01'), 0.967032967032967], 'j_gene': [('human', 'TRAJ33*01'), 1.0]}","{'v_gene': [('human', 'TRBV6-1*01'), 0.9894736842105263], 'j_gene': [('human', 'TRBJ2-2*01'), 1.0]}",6puc,bound,TRAV1-2*01,0.967032967032967,TRAJ33*01,1.0,TRBV6-1*01,0.9894736842105264,TRBJ2-2*01,1.0,TRAV1-2*01-TRAJ33*01,TRBV6-1*01-TRBJ2-2*01,TRAV1-2*01-TRAJ33*01|TRBV6-1*01-TRBJ2-2*01
-71.48821382620352,103.84005262418106,-107.83252039493232,-162.25545192017302,149.7024931124829,26.16113838012997,-179.2084031441915,14.324486405366423,109,141.0780198088396,17.454663526191045,112,"{'v_gene': [('human', 'TRAV1-2*01'), 0.978021978021978], 'j_gene': [('human', 'TRAJ33*01'), 1.0]}","{'v_gene': [('human', 'TRBV6-1*01'), 0.9894736842105263], 'j_gene': [('human', 'TRBJ2-2*01'), 1.0]}",6pud,bound,TRAV1-2*01,0.978021978021978,TRAJ33*01,1.0,TRBV6-1*01,0.9894736842105264,TRBJ2-2*01,1.0,TRAV1-2*01-TRAJ33*01,TRBV6-1*01-TRBJ2-2*01,TRAV1-2*01-TRAJ33*01|TRBV6-1*01-TRBJ2-2*01
-71.51514959030109,104.00812698744107,-107.41352533270596,-162.24572909807674,149.6072553074573,26.18138780938062,175.10790545629106,14.386632983764155,109,144.27865669439652,18.051460060985075,111,"{'v_gene': [('human', 'TRAV1-2*01'), 0.967032967032967], 'j_gene': [('human', 'TRAJ33*01'), 1.0]}","{'v_gene': [('human', 'TRBV6-1*01'), 0.9789473684210527], 'j_gene': [('human', 'TRBJ2-2*01'), 1.0]}",6pue,bound,TRAV1-2*01,0.967032967032967,TRAJ33*01,1.0,TRBV6-1*01,0.9789473684210528,TRBJ2-2*01,1.0,TRAV1-2*01-TRAJ33*01,TRBV6-1*01-TRBJ2-2*01,TRAV1-2*01-TRAJ33*01|TRBV6-1*01-TRBJ2-2*01
-71.58717662528721,103.92007969248431,-107.6011273228812,-162.0742064092814,150.02485692718494,26.15811966324352,176.35047392514494,14.353673494392078,109,140.64059440871674,17.906738084381367,111,"{'v_gene': [('human', 'TRAV1-2*01'), 0.967032967032967], 'j_gene': [('human', 'TRAJ33*01'), 1.0]}","{'v_gene': [('human', 'TRBV6-1*01'), 0.9894736842105263], 'j_gene': [('human', 'TRBJ2-2*01'), 1.0]}",6puf,bound,TRAV1-2*01,0.967032967032967,TRAJ33*01,1.0,TRBV6-1*01,0.9894736842105264,TRBJ2-2*01,1.0,TRAV1-2*01-TRAJ33*01,TRBV6-1*01-TRBJ2-2*01,TRAV1-2*01-TRAJ33*01|TRBV6-1*01-TRBJ2-2*01
-70.91413520181435,103.77662865952396,-108.41556798687554,-161.73158029822662,149.5508529217443,26.25726246884485,-179.9871769733409,14.321692121000977,109,142.23061140193562,17.903196652697243,112A,"{'v_gene': [('human', 'TRAV1-2*01'), 0.978021978021978], 'j_gene': [('human', 'TRAJ33*01'), 1.0]}","{'v_gene': [('human', 'TRBV6-1*01'), 0.9894736842105263], 'j_gene': [('human', 'TRBJ2-2*01'), 1.0]}",6pug,bound,TRAV1-2*01,0.978021978021978,TRAJ33*01,1.0,TRBV6-1*01,0.9894736842105264,TRBJ2-2*01,1.0,TRAV1-2*01-TRAJ33*01,TRBV6-1*01-TRBJ2-2*01,TRAV1-2*01-TRAJ33*01|TRBV6-1*01-TRBJ2-2*01
-68.94554690566133,104.3983870766811,-107.42670794954412,-161.62973425509287,149.19256775499377,26.32308367551709,175.28640173386415,14.259552887584334,109,142.11332645953888,17.991822364506504,111,"{'v_gene': [('human', 'TRAV1-2*01'), 0.967032967032967], 'j_gene': [('human', 'TRAJ33*01'), 1.0]}","{'v_gene': [('human', 'TRBV6-1*01'), 0.968421052631579], 'j_gene': [('human', 'TRBJ2-2*01'), 1.0]}",6puh,bound,TRAV1-2*01,0.967032967032967,TRAJ33*01,1.0,TRBV6-1*01,0.968421052631579,TRBJ2-2*01,1.0,TRAV1-2*01-TRAJ33*01,TRBV6-1*01-TRBJ2-2*01,TRAV1-2*01-TRAJ33*01|TRBV6-1*01-TRBJ2-2*01
-68.57298041471117,104.25639715374086,-107.67666375064492,-161.50452404441006,149.03966071962935,26.321161491060863,179.39036271277962,14.24316369945116,109,140.12762335424233,17.621633996746244,111,"{'v_gene': [('human', 'TRAV1-2*01'), 0.978021978021978], 'j_gene': [('human', 'TRAJ33*01'), 1.0]}","{'v_gene': [('human', 'TRBV6-1*01'), 0.968421052631579], 'j_gene': [('human', 'TRBJ2-2*01'), 1.0]}",6pui,bound,TRAV1-2*01,0.978021978021978,TRAJ33*01,1.0,TRBV6-1*01,0.968421052631579,TRBJ2-2*01,1.0,TRAV1-2*01-TRAJ33*01,TRBV6-1*01-TRBJ2-2*01,TRAV1-2*01-TRAJ33*01|TRBV6-1*01-TRBJ2-2*01
-68.95285645599327,104.3858748104235,-107.50012929757465,-161.63514084034674,149.173980984555,26.376010948113848,177.8622714680257,14.352328387976437,109,144.77593684143997,17.784146768586186,111,"{'v_gene': [('human', 'TRAV1-2*01'), 0.978021978021978], 'j_gene': [('human', 'TRAJ33*01'), 1.0]}","{'v_gene': [('human', 'TRBV6-1*01'), 0.968421052631579], 'j_gene': [('human', 'TRBJ2-2*01'), 1.0]}",6puj,bound,TRAV1-2*01,0.978021978021978,TRAJ33*01,1.0,TRBV6-1*01,0.968421052631579,TRBJ2-2*01,1.0,TRAV1-2*01-TRAJ33*01,TRBV6-1*01-TRBJ2-2*01,TRAV1-2*01-TRAJ33*01|TRBV6-1*01-TRBJ2-2*01
-68.00612246428406,104.6808366457052,-107.50475618765428,-161.14572219076035,149.25259260735947,26.35695451917877,179.22187108122878,14.37267863210296,109,150.58738395117717,17.84885275174983,111,"{'v_gene': [('human', 'TRAV1-2*01'), 0.978021978021978], 'j_gene': [('human', 'TRAJ33*01'), 1.0]}","{'v_gene': [('human', 'TRBV6-1*01'), 0.9789473684210527], 'j_gene': [('human', 'TRBJ2-2*01'), 1.0]}",6puk,bound,TRAV1-2*01,0.978021978021978,TRAJ33*01,1.0,TRBV6-1*01,0.9789473684210528,TRBJ2-2*01,1.0,TRAV1-2*01-TRAJ33*01,TRBV6-1*01-TRBJ2-2*01,TRAV1-2*01-TRAJ33*01|TRBV6-1*01-TRBJ2-2*01
-68.68218848951014,104.48314750436487,-107.57180624929074,-161.30571417239543,149.08641438085613,26.34435462503488,178.37408166073791,14.364256020134604,109,142.9901856281819,17.860511525705213,111,"{'v_gene': [('human', 'TRAV1-2*01'), 0.978021978021978], 'j_gene': [('human', 'TRAJ33*01'), 1.0]}","{'v_gene': [('human', 'TRBV6-1*01'), 0.9789473684210527], 'j_gene': [('human', 'TRBJ2-2*01'), 1.0]}",6pul,bound,TRAV1-2*01,0.978021978021978,TRAJ33*01,1.0,TRBV6-1*01,0.9789473684210528,TRBJ2-2*01,1.0,TRAV1-2*01-TRAJ33*01,TRBV6-1*01-TRBJ2-2*01,TRAV1-2*01-TRAJ33*01|TRBV6-1*01-TRBJ2-2*01
-68.54395158692911,104.35428208318916,-107.47921036351276,-161.5332110092639,149.0755649490984,26.40757817407141,178.50134459675897,14.239781783188628,109,143.64132927967088,18.04051963199932,111,"{'v_gene': [('human', 'TRAV1-2*01'), 0.978021978021978], 'j_gene': [('human', 'TRAJ33*01'), 1.0]}","{'v_gene': [('human', 'TRBV6-1*01'), 0.968421052631579], 'j_gene': [('human', 'TRBJ2-2*01'), 1.0]}",6pum,bound,TRAV1-2*01,0.978021978021978,TRAJ33*01,1.0,TRBV6-1*01,0.968421052631579,TRBJ2-2*01,1.0,TRAV1-2*01-TRAJ33*01,TRBV6-1*01-TRBJ2-2*01,TRAV1-2*01-TRAJ33*01|TRBV6-1*01-TRBJ2-2*01
-73.24117763677464,103.5372043668587,-106.81374772990692,-162.98376302573766,150.76970072949132,26.01001357500082,177.4823351560505,14.260342946483984,109,137.23464780234963,17.593905318928734,112,"{'v_gene': [('human', 'TRAV1-2*01'), 0.967032967032967], 'j_gene': [('human', 'TRAJ33*01'), 1.0]}","{'v_gene': [('human', 'TRBV6-1*01'), 0.968421052631579], 'j_gene': [('human', 'TRBJ2-2*01'), 1.0]}",6pvc,bound,TRAV1-2*01,0.967032967032967,TRAJ33*01,1.0,TRBV6-1*01,0.968421052631579,TRBJ2-2*01,1.0,TRAV1-2*01-TRAJ33*01,TRBV6-1*01-TRBJ2-2*01,TRAV1-2*01-TRAJ33*01|TRBV6-1*01-TRBJ2-2*01
-71.55550374562962,103.86331143901339,-107.3496134162664,-162.42156096223516,150.55593079199502,26.079747395869354,176.38151708974752,14.330381711883264,109,145.84446166059223,17.83064658858971,111,"{'v_gene': [('human', 'TRAV1-2*01'), 0.967032967032967], 'j_gene': [('human', 'TRAJ33*01'), 1.0]}","{'v_gene': [('human', 'TRBV6-1*01'), 0.9894736842105263], 'j_gene': [('human', 'TRBJ2-2*01'), 1.0]}",6pvd,bound,TRAV1-2*01,0.967032967032967,TRAJ33*01,1.0,TRBV6-1*01,0.9894736842105264,TRBJ2-2*01,1.0,TRAV1-2*01-TRAJ33*01,TRBV6-1*01-TRBJ2-2*01,TRAV1-2*01-TRAJ33*01|TRBV6-1*01-TRBJ2-2*01
-57.778750890077376,107.6090978678925,-108.33157610977824,-159.78840512647184,142.73727817963254,26.78478801839179,158.66832972217455,15.482276664441509,112,168.71928160984004,16.007946936220442,112,"{'v_gene': [('human', 'TRAV21*01'), 0.989247311827957], 'j_gene': [('human', 'TRAJ6*01'), 1.0]}","{'v_gene': [('human', 'TRBV6-5*01'), 0.9789473684210527], 'j_gene': [('human', 'TRBJ2-2*01'), 1.0]}",6q3s,bound,TRAV21*01,0.989247311827957,TRAJ6*01,1.0,TRBV6-5*01,0.9789473684210528,TRBJ2-2*01,1.0,TRAV21*01-TRAJ6*01,TRBV6-5*01-TRBJ2-2*01,TRAV21*01-TRAJ6*01|TRBV6-5*01-TRBJ2-2*01
-68.84447694032153,102.51675681949666,-110.0388805478128,-163.79643606264537,145.24413963500746,25.85795648623536,137.4158335202035,12.672342988854597,114,161.5230232217342,17.389118828835063,110,"{'v_gene': [('human', 'TRAV12-2*01'), 0.9130434782608695], 'j_gene': [('human', 'TRAJ27*01'), 0.8571428571428571]}","{'v_gene': [('human', 'TRBV30*02'), 0.9468085106382979], 'j_gene': [('human', 'TRBJ2-2*01'), 0.7692307692307693]}",6tmo,bound,TRAV12-2*01,0.9130434782608696,TRAJ27*01,0.8571428571428571,TRBV30*02,0.946808510638298,TRBJ2-2*01,0.7692307692307693,TRAV12-2*01-TRAJ27*01,TRBV30*02-TRBJ2-2*01,TRAV12-2*01-TRAJ27*01|TRBV30*02-TRBJ2-2*01
-68.21708033805348,103.46026566450325,-110.22521420282364,-161.65748385986737,149.6181442300158,26.030252943671147,143.0162148696282,16.75156842317344,110,156.81256072541163,19.32520487871464,112A,"{'v_gene': [('human', 'TRAV12-2*01'), 0.9021739130434783], 'j_gene': [('human', 'TRAJ24*02'), 0.9285714285714286]}","{'v_gene': [('human', 'TRBV6-5*01'), 0.8947368421052632], 'j_gene': [('human', 'TRBJ2-7*01'), 0.9230769230769231]}",6uz1,bound,TRAV12-2*01,0.9021739130434784,TRAJ24*02,0.9285714285714286,TRBV6-5*01,0.8947368421052632,TRBJ2-7*01,0.9230769230769232,TRAV12-2*01-TRAJ24*02,TRBV6-5*01-TRBJ2-7*01,TRAV12-2*01-TRAJ24*02|TRBV6-5*01-TRBJ2-7*01
-71.56255496634978,103.71173129952768,-107.4784462070906,-162.50473809744952,149.89480245591636,26.110743511970625,164.91727417960595,13.461101585773235,113,149.50203811315626,18.41357012357679,111,"{'v_gene': [('human', 'TRAV1-2*01'), 0.967032967032967], 'j_gene': [('human', 'TRAJ33*01'), 1.0]}","{'v_gene': [('human', 'TRBV6-1*01'), 0.9894736842105263], 'j_gene': [('human', 'TRBJ2-2*01'), 1.0]}",6w9u,bound,TRAV1-2*01,0.967032967032967,TRAJ33*01,1.0,TRBV6-1*01,0.9894736842105264,TRBJ2-2*01,1.0,TRAV1-2*01-TRAJ33*01,TRBV6-1*01-TRBJ2-2*01,TRAV1-2*01-TRAJ33*01|TRBV6-1*01-TRBJ2-2*01
-71.56700737104568,103.6131883572042,-107.52518654855989,-162.49732142269508,150.11091465572986,26.16547167827964,177.46709770219104,14.20987383191935,109,149.65809875018903,18.189749979480347,111,"{'v_gene': [('human', 'TRAV1-2*01'), 0.967032967032967], 'j_gene': [('human', 'TRAJ33*01'), 1.0]}","{'v_gene': [('human', 'TRBV6-1*01'), 0.9894736842105263], 'j_gene': [('human', 'TRBJ2-2*01'), 1.0]}",6w9v,bound,TRAV1-2*01,0.967032967032967,TRAJ33*01,1.0,TRBV6-1*01,0.9894736842105264,TRBJ2-2*01,1.0,TRAV1-2*01-TRAJ33*01,TRBV6-1*01-TRBJ2-2*01,TRAV1-2*01-TRAJ33*01|TRBV6-1*01-TRBJ2-2*01
-68.06908041303129,101.71768873964277,-109.52623847287924,-164.13499808970883,148.27320648554473,25.94090506381494,163.42990845716966,13.078583993544107,109,158.0213254342373,17.24948026207715,110,"{'v_gene': [('human', 'TRAV12-2*01'), 0.9565217391304348], 'j_gene': [('human', 'TRAJ27*01'), 0.9285714285714286]}","{'v_gene': [('human', 'TRBV30*02'), 0.9680851063829787], 'j_gene': [('human', 'TRBJ2-2*01'), 1.0]}",7q99,bound,TRAV12-2*01,0.9565217391304348,TRAJ27*01,0.9285714285714286,TRBV30*02,0.9680851063829788,TRBJ2-2*01,1.0,TRAV12-2*01-TRAJ27*01,TRBV30*02-TRBJ2-2*01,TRAV12-2*01-TRAJ27*01|TRBV30*02-TRBJ2-2*01
-66.9138054019311,102.28429879842469,-109.35197265894722,-163.59539365291718,148.0196647552243,26.103797882148616,143.41169313961962,12.108049320997946,114,159.1325459234137,17.337953558955512,110,"{'v_gene': [('human', 'TRAV12-2*01'), 0.9565217391304348], 'j_gene': [('human', 'TRAJ27*01'), 0.9285714285714286]}","{'v_gene': [('human', 'TRBV30*02'), 0.9680851063829787], 'j_gene': [('human', 'TRBJ2-2*01'), 1.0]}",7q9a,bound,TRAV12-2*01,0.9565217391304348,TRAJ27*01,0.9285714285714286,TRBV30*02,0.9680851063829788,TRBJ2-2*01,1.0,TRAV12-2*01-TRAJ27*01,TRBV30*02-TRBJ2-2*01,TRAV12-2*01-TRAJ27*01|TRBV30*02-TRBJ2-2*01
-68.82999686470389,104.08345476373245,-107.31563694503934,-162.04027364572275,149.79500821054478,26.27081525598512,171.9160372153143,14.251784552266503,109,138.5099285577454,17.85596236121394,111,"{'v_gene': [('human', 'TRAV1-2*01'), 0.9230769230769231], 'j_gene': [('human', 'TRAJ33*01'), 0.9285714285714286]}","{'v_gene': [('human', 'TRBV6-1*01'), 0.9578947368421052], 'j_gene': [('human', 'TRBJ2-2*01'), 1.0]}",7ufj,bound,TRAV1-2*01,0.9230769230769232,TRAJ33*01,0.9285714285714286,TRBV6-1*01,0.9578947368421052,TRBJ2-2*01,1.0,TRAV1-2*01-TRAJ33*01,TRBV6-1*01-TRBJ2-2*01,TRAV1-2*01-TRAJ33*01|TRBV6-1*01-TRBJ2-2*01
-69.17040378419036,104.8741599959921,-106.98845605484554,-161.2366697551103,150.54626208418244,26.039294865853336,174.62186603161464,14.536438086915169,109,149.39151225006813,15.125298125404464,113,"{'v_gene': [('human', 'TRAV1-2*01'), 0.9120879120879121], 'j_gene': [('human', 'TRAJ33*01'), 0.9285714285714286]}","{'v_gene': [('human', 'TRBV6-1*01'), 0.8736842105263158], 'j_gene': [('human', 'TRBJ1-6*01'), 1.0]}",7zt2,bound,TRAV1-2*01,0.912087912087912,TRAJ33*01,0.9285714285714286,TRBV6-1*01,0.8736842105263158,TRBJ1-6*01,1.0,TRAV1-2*01-TRAJ33*01,TRBV6-1*01-TRBJ1-6*01,TRAV1-2*01-TRAJ33*01|TRBV6-1*01-TRBJ1-6*01
-68.18543532867618,106.6005533082984,-106.00899164948032,-160.1297509649532,148.9276254327723,26.281929777807527,172.25203886380493,14.862595721739703,109,139.53240573480787,15.12080343200807,113,"{'v_gene': [('human', 'TRAV1-2*01'), 0.9120879120879121], 'j_gene': [('human', 'TRAJ33*01'), 0.9285714285714286]}","{'v_gene': [('human', 'TRBV6-1*01'), 0.8736842105263158], 'j_gene': [('human', 'TRBJ1-6*01'), 1.0]}",7zt3,bound,TRAV1-2*01,0.912087912087912,TRAJ33*01,0.9285714285714286,TRBV6-1*01,0.8736842105263158,TRBJ1-6*01,1.0,TRAV1-2*01-TRAJ33*01,TRBV6-1*01-TRBJ1-6*01,TRAV1-2*01-TRAJ33*01|TRBV6-1*01-TRBJ1-6*01
-69.16521764254695,104.75859212055246,-106.94379618847005,-161.49742133862455,150.34910792950876,26.04608070258968,164.38938925979326,14.647768072673994,109,135.76148630462367,15.016627542088266,113,"{'v_gene': [('human', 'TRAV1-2*01'), 0.9120879120879121], 'j_gene': [('human', 'TRAJ33*01'), 0.9285714285714286]}","{'v_gene': [('human', 'TRBV6-1*01'), 0.8736842105263158], 'j_gene': [('human', 'TRBJ1-6*01'), 1.0]}",7zt4,bound,TRAV1-2*01,0.912087912087912,TRAJ33*01,0.9285714285714286,TRBV6-1*01,0.8736842105263158,TRBJ1-6*01,1.0,TRAV1-2*01-TRAJ33*01,TRBV6-1*01-TRBJ1-6*01,TRAV1-2*01-TRAJ33*01|TRBV6-1*01-TRBJ1-6*01
-69.25223696119595,104.65361007125927,-106.90829678053126,-161.5330866546295,150.48394729269637,26.04900784765318,164.72410611680198,14.53005989633272,109,137.1537271733777,15.053906236311583,113,"{'v_gene': [('human', 'TRAV1-2*01'), 0.9120879120879121], 'j_gene': [('human', 'TRAJ33*01'), 0.9285714285714286]}","{'v_gene': [('human', 'TRBV6-1*01'), 0.8736842105263158], 'j_gene': [('human', 'TRBJ1-6*01'), 1.0]}",7zt5,bound,TRAV1-2*01,0.912087912087912,TRAJ33*01,0.9285714285714286,TRBV6-1*01,0.8736842105263158,TRBJ1-6*01,1.0,TRAV1-2*01-TRAJ33*01,TRBV6-1*01-TRBJ1-6*01,TRAV1-2*01-TRAJ33*01|TRBV6-1*01-TRBJ1-6*01
-69.01531373112843,104.69921975717881,-106.96842961331596,-161.4415349891004,150.61523194338997,26.02399481040977,169.3985850582486,14.686223765351793,109,135.7513967262856,14.983873411382604,113,"{'v_gene': [('human', 'TRAV1-2*01'), 0.9120879120879121], 'j_gene': [('human', 'TRAJ33*01'), 0.9285714285714286]}","{'v_gene': [('human', 'TRBV6-1*01'), 0.8736842105263158], 'j_gene': [('human', 'TRBJ1-6*01'), 1.0]}",7zt7,bound,TRAV1-2*01,0.912087912087912,TRAJ33*01,0.9285714285714286,TRBV6-1*01,0.8736842105263158,TRBJ1-6*01,1.0,TRAV1-2*01-TRAJ33*01,TRBV6-1*01-TRBJ1-6*01,TRAV1-2*01-TRAJ33*01|TRBV6-1*01-TRBJ1-6*01
-68.63363327944708,106.37634250099029,-105.94955763988018,-160.20935939912286,149.5035693056684,26.19867928860459,168.73608791615635,14.827468554059331,109,142.80025475601246,15.13808147535321,113,"{'v_gene': [('human', 'TRAV1-2*01'), 0.9120879120879121], 'j_gene': [('human', 'TRAJ33*01'), 0.9285714285714286]}","{'v_gene': [('human', 'TRBV6-1*01'), 0.8736842105263158], 'j_gene': [('human', 'TRBJ1-6*01'), 1.0]}",7zt8,bound,TRAV1-2*01,0.912087912087912,TRAJ33*01,0.9285714285714286,TRBV6-1*01,0.8736842105263158,TRBJ1-6*01,1.0,TRAV1-2*01-TRAJ33*01,TRBV6-1*01-TRBJ1-6*01,TRAV1-2*01-TRAJ33*01|TRBV6-1*01-TRBJ1-6*01
-68.80436599268033,105.26683374799359,-106.68605849983574,-161.01337869631612,150.2912435677253,26.014419964733293,168.21593738182494,14.777639846214647,109,139.70744938138924,14.967857138463224,113,"{'v_gene': [('human', 'TRAV1-2*01'), 0.9120879120879121], 'j_gene': [('human', 'TRAJ33*01'), 0.9285714285714286]}","{'v_gene': [('human', 'TRBV6-1*01'), 0.8736842105263158], 'j_gene': [('human', 'TRBJ1-6*01'), 1.0]}",7zt9,bound,TRAV1-2*01,0.912087912087912,TRAJ33*01,0.9285714285714286,TRBV6-1*01,0.8736842105263158,TRBJ1-6*01,1.0,TRAV1-2*01-TRAJ33*01,TRBV6-1*01-TRBJ1-6*01,TRAV1-2*01-TRAJ33*01|TRBV6-1*01-TRBJ1-6*01
-68.5373248822626,104.20340245952417,-107.46223689563948,-161.7533416153545,149.55835841016176,26.265833503538296,177.92320187267052,14.355769599297034,109,140.573666242805,18.017357744472427,111,"{'v_gene': [('human', 'TRAV1-2*01'), 0.9230769230769231], 'j_gene': [('human', 'TRAJ33*01'), 0.9285714285714286]}","{'v_gene': [('human', 'TRBV6-1*01'), 0.9578947368421052], 'j_gene': [('human', 'TRBJ2-2*01'), 1.0]}",9btx,bound,TRAV1-2*01,0.9230769230769232,TRAJ33*01,0.9285714285714286,TRBV6-1*01,0.9578947368421052,TRBJ2-2*01,1.0,TRAV1-2*01-TRAJ33*01,TRBV6-1*01-TRBJ2-2*01,TRAV1-2*01-TRAJ33*01|TRBV6-1*01-TRBJ2-2*01
-68.15302009961479,104.24127180887007,-107.69264232853044,-161.57582953514336,149.34633877395038,26.374627072094945,-179.75567591119898,14.2187548391433,109,146.8130779358912,18.076078486543494,111,"{'v_gene': [('human', 'TRAV1-2*01'), 0.9230769230769231], 'j_gene': [('human', 'TRAJ33*01'), 0.9285714285714286]}","{'v_gene': [('human', 'TRBV6-1*01'), 0.9578947368421052], 'j_gene': [('human', 'TRBJ2-2*01'), 1.0]}",9bty,bound,TRAV1-2*01,0.9230769230769232,TRAJ33*01,0.9285714285714286,TRBV6-1*01,0.9578947368421052,TRBJ2-2*01,1.0,TRAV1-2*01-TRAJ33*01,TRBV6-1*01-TRBJ2-2*01,TRAV1-2*01-TRAJ33*01|TRBV6-1*01-TRBJ2-2*01
-67.78344516961866,104.36015541765528,-107.66412329805205,-161.33491410365232,149.58685418311063,26.27764277654789,175.90814911571687,14.178870886844036,109,146.4913580106953,18.68838795843315,112A,"{'v_gene': [('human', 'TRAV1-2*01'), 0.9230769230769231], 'j_gene': [('human', 'TRAJ33*01'), 0.9285714285714286]}","{'v_gene': [('human', 'TRBV6-1*01'), 0.9578947368421052], 'j_gene': [('human', 'TRBJ2-2*01'), 1.0]}",9btz,bound,TRAV1-2*01,0.9230769230769232,TRAJ33*01,0.9285714285714286,TRBV6-1*01,0.9578947368421052,TRBJ2-2*01,1.0,TRAV1-2*01-TRAJ33*01,TRBV6-1*01-TRBJ2-2*01,TRAV1-2*01-TRAJ33*01|TRBV6-1*01-TRBJ2-2*01
-68.95147552232112,104.12775044587858,-107.17506635897443,-161.9611663307107,149.62070292228543,26.288418295542737,179.72521101147814,14.368436334754062,109,144.68711346280568,17.97327058280311,111,"{'v_gene': [('human', 'TRAV1-2*01'), 0.9230769230769231], 'j_gene': [('human', 'TRAJ33*01'), 0.9285714285714286]}","{'v_gene': [('human', 'TRBV6-1*01'), 0.9578947368421052], 'j_gene': [('human', 'TRBJ2-2*01'), 1.0]}",9bu0,bound,TRAV1-2*01,0.9230769230769232,TRAJ33*01,0.9285714285714286,TRBV6-1*01,0.9578947368421052,TRBJ2-2*01,1.0,TRAV1-2*01-TRAJ33*01,TRBV6-1*01-TRBJ2-2*01,TRAV1-2*01-TRAJ33*01|TRBV6-1*01-TRBJ2-2*01
-59.59442882302653,107.66265026870144,-108.40312047288946,-159.9797972201747,146.776246986167,27.045863485644933,157.8870236136551,15.997558206600113,112,164.30700829851173,17.758956683825996,110,"{'v_gene': [('human', 'TRAV21*01'), 0.967741935483871], 'j_gene': [('human', 'TRAJ6*01'), 0.9285714285714286]}","{'v_gene': [('human', 'TRBV6-5*01'), 0.968421052631579], 'j_gene': [('human', 'TRBJ2-2*01'), 1.0]}",9c3e,bound,TRAV21*01,0.967741935483871,TRAJ6*01,0.9285714285714286,TRBV6-5*01,0.968421052631579,TRBJ2-2*01,1.0,TRAV21*01-TRAJ6*01,TRBV6-5*01-TRBJ2-2*01,TRAV21*01-TRAJ6*01|TRBV6-5*01-TRBJ2-2*01
-71.10037922721214,103.83512568248,-107.55732198371258,-162.207045665596,150.50362266255775,26.25660773072689,179.13055473475168,14.428566967421554,109,140.25382508945094,17.644523829925816,111,"{'v_gene': [('human', 'TRAV1-2*01'), 0.9230769230769231], 'j_gene': [('human', 'TRAJ33*01'), 0.9285714285714286]}","{'v_gene': [('human', 'TRBV6-1*01'), 0.9578947368421052], 'j_gene': [('human', 'TRBJ2-2*01'), 1.0]}",9c42,bound,TRAV1-2*01,0.9230769230769232,TRAJ33*01,0.9285714285714286,TRBV6-1*01,0.9578947368421052,TRBJ2-2*01,1.0,TRAV1-2*01-TRAJ33*01,TRBV6-1*01-TRBJ2-2*01,TRAV1-2*01-TRAJ33*01|TRBV6-1*01-TRBJ2-2*01
-70.51564633409383,104.39076421762655,-106.77298388917268,-161.8864883219385,149.77163110235063,26.297093044011948,172.76394359590262,14.36824456390717,109,149.92849459149167,17.964283611878177,111,"{'v_gene': [('human', 'TRAV1-2*01'), 0.9230769230769231], 'j_gene': [('human', 'TRAJ33*01'), 0.9285714285714286]}","{'v_gene': [('human', 'TRBV6-1*01'), 0.9578947368421052], 'j_gene': [('human', 'TRBJ2-2*01'), 1.0]}",9c9d,bound,TRAV1-2*01,0.9230769230769232,TRAJ33*01,0.9285714285714286,TRBV6-1*01,0.9578947368421052,TRBJ2-2*01,1.0,TRAV1-2*01-TRAJ33*01,TRBV6-1*01-TRBJ2-2*01,TRAV1-2*01-TRAJ33*01|TRBV6-1*01-TRBJ2-2*01
-68.15457387125339,104.29720424542563,-107.6840941332083,-161.55606094095262,149.39328972500772,26.34373055653319,-179.70286320269318,14.279033669086347,109,145.17524873187304,17.917890142067186,111,"{'v_gene': [('human', 'TRAV1-2*01'), 0.9230769230769231], 'j_gene': [('human', 'TRAJ33*01'), 0.9285714285714286]}","{'v_gene': [('human', 'TRBV6-1*01'), 0.9578947368421052], 'j_gene': [('human', 'TRBJ2-2*01'), 1.0]}",9cgr,bound,TRAV1-2*01,0.9230769230769232,TRAJ33*01,0.9285714285714286,TRBV6-1*01,0.9578947368421052,TRBJ2-2*01,1.0,TRAV1-2*01-TRAJ33*01,TRBV6-1*01-TRBJ2-2*01,TRAV1-2*01-TRAJ33*01|TRBV6-1*01-TRBJ2-2*01
-68.33140522092091,104.34061922199965,-107.62615428129094,-161.5804722655587,149.44098063647255,26.261567384779287,179.6963234737505,14.346090709864468,109,142.7741507851698,18.012554121663104,111,"{'v_gene': [('human', 'TRAV1-2*01'), 0.9230769230769231], 'j_gene': [('human', 'TRAJ33*01'), 0.9285714285714286]}","{'v_gene': [('human', 'TRBV6-1*01'), 0.9578947368421052], 'j_gene': [('human', 'TRBJ2-2*01'), 1.0]}",9cgs,bound,TRAV1-2*01,0.9230769230769232,TRAJ33*01,0.9285714285714286,TRBV6-1*01,0.9578947368421052,TRBJ2-2*01,1.0,TRAV1-2*01-TRAJ33*01,TRBV6-1*01-TRBJ2-2*01,TRAV1-2*01-TRAJ33*01|TRBV6-1*01-TRBJ2-2*01
