TCR_name,minimization_mode,total_score,tcr_chains,pmhc_chains,peptide_chain,mhc_only_chains,partners_tcr_pmhc,partners_pep_mhc,interface_dG_tcr_pmhc,dG_separated_tcr_pmhc,delta_sasa_tcr_pmhc,interface_dG_pep_mhc,dG_separated_pep_mhc,delta_sasa_pep_mhc,dE_binding_tcr_pmhc,error
1bd2,none,575.1138152191938,DE,AC,C,A,AC_DE,A_C,-32.20657660771121,-32.20657660771121,1941.1156332717155,-29.732480728442084,-29.732480728442084,1700.9922030988214,-32.2065766079354,
1ao7,none,696.7572169904696,DE,AC,C,A,AC_DE,A_C,-32.816143367666996,-32.816143367666996,2017.5788801384936,-36.273401729522305,-36.273401729522305,1694.2881064322119,-32.816143367828545,
1fo0,none,737.8397147712781,DE,AC,C,A,AC_DE,A_C,-24.225634585950957,-24.225634585950957,1433.2416769434296,-21.313402552906553,-21.313402552906553,1858.6435203140568,-24.22563458607476,
1g6r,none,2890.023297181929,DE,AC,C,A,AC_DE,A_C,-6.749179499767251,-6.749179499767251,1969.2746900961845,56.23837945724904,56.23837945724904,1738.1292878946813,-6.749179499817728,
1d9k,none,3454.572077943305,DE,ABC,C,AB,ABC_DE,AB_C,-1.4591145509584749,-1.4591145509584749,1998.9814816302637,-9.771818129493113,-9.771818129493113,4169.157058086859,-1.4591145509998569,
1kj2,none,973.818318420862,DE,AC,C,A,AC_DE,A_C,-25.270422971953963,-25.270422971953963,1903.7517254862653,-38.29309341594026,-38.29309341594026,1871.6989244278057,-25.27042297184221,
1j8h,none,193.49029802890067,DE,ABC,C,AB,ABC_DE,AB_C,-33.01759220981168,-33.01759220981168,2212.218921406149,-128.53369134626803,-128.53369134626803,4096.296069954948,-33.01759220970362,
1lp9,none,-133.65951294913327,DE,AC,C,A,AC_DE,A_C,-37.10430337847373,-37.10430337847373,2044.4392568591002,-67.5570968157881,-67.5570968157881,1718.1807097786902,-37.10430337883194,
1fyt,none,521.3992155493929,DE,ABC,C,AB,ABC_DE,AB_C,-30.66291440303314,-30.66291440303314,2198.300386042629,-79.3177930383026,-79.3177930383026,4169.0538587074425,-30.662914402592833,
1mi5,none,1679.2612555303624,DE,AC,C,A,AC_DE,A_C,-36.62215968624719,-36.62215968624719,2282.3805678028853,-60.58063994305667,-60.58063994305667,2102.4985342408836,-36.62215968634041,
1nam,none,1339.3743269863041,DE,AC,C,A,AC_DE,A_C,-10.213258026988115,-10.213258026988115,1690.2783792516614,-35.25677350473251,-35.25677350473251,1857.1639853145937,-10.213258026666153,
1mwa,none,510.98609075126075,DE,AC,C,A,AC_DE,A_C,-5.868274581513276,-5.868274581513276,2079.0800476464547,-36.40340558474401,-36.40340558474401,1770.793745407267,-5.868274581753155,
1oga,none,-434.6232944349341,DE,AC,C,A,AC_DE,A_C,-30.28080832508573,-30.28080832508573,1601.9769907046445,-53.941756525468065,-53.941756525468065,1685.6942448217317,-30.280808325159683,
1qrn,none,548.5854313249288,DE,AC,C,A,AC_DE,A_C,-39.69284809515716,-39.69284809515716,1975.2421880052807,-22.688910785117088,-22.688910785117088,1712.1978452151557,-39.69284809515341,
1qse,none,1251.3537036241696,DE,AC,C,A,AC_DE,A_C,-22.564139800279918,-22.564139800279918,2010.4029550404089,4.427659282810623,4.427659282810623,1726.206393025966,-22.564139800047997,
1qsf,none,1143.2911578514222,DE,AC,C,A,AC_DE,A_C,-19.838486197351358,-19.838486197351358,1970.1362078860247,-18.37584609620825,-18.37584609620825,1665.9701703466797,-19.838486197328166,
1rc3,none,244.00813982014398,DE,AC,C,A,AC_DE,A_C,-36.46809476391613,-36.46809476391613,1710.5662105891456,-34.70348971762637,-34.70348971762637,1780.2561526667093,-36.46809476416604,
1w72,none,-567.1867715774769,,AC,C,A,,A_C,,,,-43.62329447279876,-43.62329447279876,1625.6909964480205,,
1yc7,none,205.5022001516848,DE,AC,C,A,AC_DE,A_C,-26.33823285876133,-26.33823285876133,1867.2734132773164,-33.26216181333572,-33.26216181333572,1776.3520295414323,-26.33823285834879,
1ypz,none,3835.0366648312047,DE,A,,A,A_DE,,73.30456960766742,73.30456960766742,1940.1681909835436,,,,73.30456960743277,
1u3h,none,1156.9145119364098,DE,ABC,C,AB,ABC_DE,AB_C,-9.203762158441123,-9.203762158441123,1900.3584873826137,-85.38738677537876,-85.38738677537876,4104.025148070631,-9.2037621582042,
2ak4,none,-87.11308349672083,DE,AC,C,A,AC_DE,A_C,-45.598159236281965,-45.598159236281965,1885.5267104272423,-55.66304787958205,-55.66304787958205,1876.9343148933337,-45.59815923631004,
1ymm,none,9184.631840011472,DE,ABC,C,AB,ABC_DE,AB_C,9.653819688843214,9.653819688843214,1993.4348252674258,16.768413661173327,16.768413661173327,4101.029441671453,9.653819688659496,
2bnq,none,-141.12391571282672,DE,AC,C,A,AC_DE,A_C,-32.14882376483871,-32.14882376483871,2141.343063008442,-51.53460117789314,-51.53460117789314,1588.928149028883,-32.14882376496983,
1zgl,none,4347.842829543758,DE,ABC,C,AB,ABC_DE,AB_C,91.85767578414652,91.85767578414652,2304.297186940445,12.377382929697205,12.377382929697205,4028.6913076413293,91.85767578436844,
2ckb,none,3189.7283151692204,DE,AC,C,A,AC_DE,A_C,28.766543594912036,28.766543594912036,2097.461164953778,16.844378772188065,16.844378772188065,1728.5326454232131,28.766543595370877,
2bnr,none,-120.53247936204804,DE,AC,C,A,AC_DE,A_C,-6.566770885386973,-6.566770885386973,2104.27693166444,-44.97228886745743,-44.97228886745743,1629.9503677677578,-6.5667708854045514,
2esv,none,277.1656741370542,DE,AC,C,A,AC_DE,A_C,-25.81870859636024,-25.81870859636024,2068.387982237303,-18.48683078279751,-18.48683078279751,1774.1945853894388,-25.818708596568968,
2e7l,none,-14.843156470383143,DE,AC,C,A,AC_DE,A_C,-38.072086486614424,-38.072086486614424,1934.872986145295,-10.276429075687389,-10.276429075687389,1901.0802935050876,-38.072086486179586,
2f53,none,-437.14940799535816,DE,AC,C,A,AC_DE,A_C,-57.235329748342735,-57.235329748342735,1961.2668169642964,-54.44347331744564,-54.44347331744564,1610.874508576896,-57.235329747825176,
2f54,none,315.7855172025582,DE,AC,C,A,AC_DE,A_C,-24.88623088366211,-24.88623088366211,2099.262887733159,-37.73385096944011,-37.73385096944011,1597.0427432267652,-24.886230883988503,
2gj6,none,332.18484017060814,DE,AC,C,A,AC_DE,A_C,-34.15612467766982,-34.15612467766982,1984.1319566156535,-52.71512131571696,-52.71512131571696,1741.5950929101214,-34.156124677837,
2j8u,none,-186.80377096569674,DE,AC,C,A,AC_DE,A_C,-38.037019424847614,-38.037019424847614,1976.6766779960042,-56.474906563536756,-56.474906563536756,1671.9243184262543,-38.037019424888285,
2jcc,none,37.87179365514519,DE,AC,C,A,AC_DE,A_C,-24.862757136911533,-24.862757136911533,1967.4564836516442,-54.805442530008506,-54.805442530008506,1739.2163332519558,-24.86275713674872,
2ian,none,1232.2346999974309,DE,ABC,C,AB,ABC_DE,AB_C,6.318225589134045,6.318225589134045,2253.6758279700166,-120.2901229375529,-120.2901229375529,4052.4059804883295,6.318225589414169,
2nx5,none,97.72259435497267,DE,AC,C,A,AC_DE,A_C,-19.7520429183417,-19.7520429183417,2128.118082704568,-37.2462431564547,-37.2462431564547,1866.5141640246234,-19.75204291846231,
2iam,none,1656.0340808433325,DE,ABC,C,AB,ABC_DE,AB_C,-10.594404195813013,-10.594404195813013,2174.857891474712,-111.43910831524227,-111.43910831524227,4194.245010288461,-10.594404195476727,
2ol3,none,550.4565540805672,DE,AC,C,A,AC_DE,A_C,-21.68662070749326,-21.68662070749326,1624.6368330938535,-21.156281495942068,-21.156281495942068,1788.3339708379974,-21.68662070753669,
2oi9,none,-106.34240765505362,DE,AC,C,A,AC_DE,A_C,-38.71988339771315,-38.71988339771315,1766.6109048359754,-1.3985792547048561,-1.3985792547048561,1894.6142985335443,-38.71988339763686,
2p5e,none,-410.528114962259,DE,AC,C,A,AC_DE,A_C,-73.27503943225679,-73.27503943225679,2127.0887728389507,-43.57686890367478,-43.57686890367478,1616.7355181305652,-73.27503943209229,
2p5w,none,-332.46766891165294,DE,AC,C,A,AC_DE,A_C,-65.42142197086116,-65.42142197086116,2115.5156884944486,-44.36587109958592,-44.36587109958592,1651.8582214739624,-65.42142197036901,
2po6,none,880.8911591055136,DE,AC,C,A,AC_DE,A_C,-2.0072402689928595,-2.0072402689928595,1712.8067789556478,-20.43735096514399,-20.43735096514399,2083.1568885545094,-2.007240268577675,
2pye,none,-319.62075378104123,DE,AC,C,A,AC_DE,A_C,-64.67863942020998,-64.67863942020998,1945.2339742308718,-44.8954792076203,-44.8954792076203,1667.675457867124,-64.67863942016004,
2uwe,none,-292.8399341179602,DE,AC,C,A,AC_DE,A_C,-52.65505572562009,-52.65505572562009,2026.2023115050115,-56.90664756318738,-56.90664756318738,1742.0641831139253,-52.6550557253893,
2vlk,none,532.3831993287033,DE,AC,C,A,AC_DE,A_C,-31.696864894273062,-31.696864894273062,1596.2647297453582,-44.48333173947697,-44.48333173947697,1650.9536134441437,-31.696864894261466,
2pxy,none,-93.89355433029205,DE,ABC,C,AB,ABC_DE,AB_C,-19.82201069402599,-19.82201069402599,2040.6339659116002,-121.08683899738098,-121.08683899738098,4016.2971118184246,-19.822010694068993,
2vlj,none,757.4441198349188,DE,AC,C,A,AC_DE,A_C,-26.721044537106764,-26.721044537106764,1540.474108895506,-53.02067061013753,-53.02067061013753,1728.2308120608827,-26.721044537497278,
2vlr,none,99.82114930559779,DE,AC,C,A,AC_DE,A_C,-28.77191076211136,-28.77191076211136,1626.8466526374457,-52.932440837467084,-52.932440837467084,1768.2152347554647,-28.771910762504504,
2ypl,none,346.33476300400235,DE,AC,C,A,AC_DE,A_C,-21.965242730964974,-21.965242730964974,1629.882625721723,-25.962059258828333,-25.962059258828333,1812.090198035234,-21.965242730810417,
3arb,none,-42.192718582242335,DE,AC,C,A,AC_DE,A_C,-31.214601835899465,-31.214601835899465,1411.989989465786,-24.104215448145304,-24.104215448145304,1651.982706113233,-31.214601835992706,
2z31,none,935.8055267419279,DE,ABC,C,AB,ABC_DE,AB_C,-13.5341629249059,-13.5341629249059,1981.3482495429494,-55.449075854268585,-55.449075854268585,4047.662757357826,-13.534162924777547,
2wbj,none,2066.3648396455037,DE,ABC,C,AB,ABC_DE,AB_C,742.2017095651804,742.2017095651804,2237.3917896936264,-100.90003968511388,-100.90003968511388,4532.953130549688,742.2017095652559,
3ard,none,330.18006931872094,DE,AC,C,A,AC_DE,A_C,-32.20878121318026,-32.20878121318026,1346.2767063972124,-30.440092537158975,-30.440092537158975,2143.753339434389,-32.20878121333874,
3arf,none,168.99561981679994,DE,AC,C,A,AC_DE,A_C,-26.745066980846502,-26.745066980846502,1334.8534178446446,-16.47717933508889,-16.47717933508889,1932.7529618524632,-26.74506698086077,
3arg,none,512.3504883243347,DE,AC,C,A,AC_DE,A_C,-13.926287217756794,-13.926287217756794,1076.066103754549,-0.2202484818246262,-0.2202484818246262,1963.5040730837286,-13.926287217616618,
3are,none,49.95196633560846,DE,AC,C,A,AC_DE,A_C,-11.537217469949539,-11.537217469949539,1371.9989888191785,-13.970283517792666,-13.970283517792666,2104.355192228099,-11.537217469929246,
3cvh,none,284.7938403250418,,AC,C,A,,A_C,,,,-16.706658181027052,-16.706658181027052,1672.835077772058,,
3c60,none,1063.2582476615528,DE,ABC,C,AB,ABC_DE,AB_C,41.805298119401414,41.805298119401414,1469.7917415771828,-83.92504435951298,-83.92504435951298,3813.2424658899954,41.805298119924146,
3c6l,none,1759.7956292287668,DE,ABC,C,AB,ABC_DE,AB_C,45.10294041673046,45.10294041673046,1871.5324045031277,120.86977703515515,120.86977703515515,3733.80454190227,45.10294041696852,
3d39,none,655.4516345144289,DE,AC,C,A,AC_DE,A_C,-29.14335689643019,-29.14335689643019,1802.805232583078,-49.56474243492522,-49.56474243492522,1674.0772014511365,-29.143356896606292,
3d3v,none,1083.7145620618971,DE,AC,C,A,AC_DE,A_C,-33.36343934888828,-33.36343934888828,1856.6625017998724,-39.889445508561835,-39.889445508561835,1738.736290137468,-33.3634393493428,
3c5z,none,1174.5855513692536,DE,ABC,C,AB,ABC_DE,AB_C,-2.0210211144899404,-2.0210211144899404,2297.1579292706897,-111.88920587118628,-111.88920587118628,3925.787408589481,-2.0210211145972607,
3dxa,none,2234.9581321566347,DE,AC,C,A,AC_DE,A_C,-21.296707543190223,-21.296707543190223,2084.3408113207975,14.505271372760944,14.505271372760944,1962.873264549945,-21.296707543532648,
3e2h,none,1707.097569014435,DE,AC,C,A,AC_DE,A_C,-15.178118094978117,-15.178118094978117,1819.8118061417183,-3.8392448502684147,-3.8392448502684147,1872.6402774561425,-15.178118095084074,
3gjf,none,-94.47264634221995,,AC,C,A,,A_C,,,,-47.37239028502523,-47.37239028502523,1684.2662707268828,,
3e3q,none,471.36984745307063,DE,AC,C,A,AC_DE,A_C,-31.215636028208962,-31.215636028208962,1718.7708870474876,6.303183486088415,6.303183486088415,1894.0465545633997,-31.215636028110225,
3ffc,none,1097.0633485412718,DE,AC,C,A,AC_DE,A_C,-22.491719068073962,-22.491719068073962,2171.6204375815837,-37.54563864220174,-37.54563864220174,1941.479918393191,-22.49171906825859,
3hae,none,1178.037606771054,,AC,C,A,,A_C,,,,-38.276523075222144,-38.276523075222144,1571.9384857714394,,
3gsn,none,1323.9176298315115,DE,AC,C,A,AC_DE,A_C,8.60156012492098,8.60156012492098,1904.9099880340402,-17.262756442933096,-17.262756442933096,1564.9571454924055,8.601560124978278,
3h9s,none,524.4584646526749,DE,AC,C,A,AC_DE,A_C,-36.75620851003555,-36.75620851003555,1893.6270084392954,-42.9792192999426,-42.9792192999426,1877.8753110988007,-36.756208510128204,
3he6,none,309.95205209805863,DE,AC,C,A,AC_DE,A_C,-25.670579423661195,-25.670579423661195,1372.040349243941,-6.362255475223719,-6.362255475223719,2128.647592328567,-25.67057942323538,
3he7,none,209.22388433344577,DE,AC,C,A,AC_DE,A_C,-24.793093314822215,-24.793093314822215,1558.0141481577834,-27.031771086905707,-27.031771086905707,2124.4081953324903,-24.793093314502812,
3hg1,none,1375.2358621227502,DE,AC,C,A,AC_DE,A_C,-21.477420046277757,-21.477420046277757,2058.4230908077025,-28.30470624904393,-28.30470624904393,1799.240052398538,-21.47742004622637,
3huj,none,264.01071259476953,DE,AC,C,A,AC_DE,A_C,-12.079672295734781,-12.079672295734781,1634.3051736909936,-37.707125887719,-37.707125887719,2047.3234871396999,-12.07967229566259,
3kpr,none,-117.5600294668508,DE,AC,C,A,AC_DE,A_C,-53.176964488329716,-53.176964488329716,2338.7073693129887,-14.351081431380436,-14.351081431380436,2073.4321621870017,-53.176964487948936,
3kxf,none,509.7160324875917,DE,AC,C,A,AC_DE,A_C,-38.9925433643138,-38.9925433643138,1830.7130240514098,-28.058853078376274,-28.058853078376274,1861.343917003799,-38.99254336422774,
3kps,none,221.63916811240995,DE,AC,C,A,AC_DE,A_C,-49.92046922423495,-49.92046922423495,2336.4294741715494,-17.38000020842479,-17.38000020842479,2067.9769533199496,-49.920469224489864,
3mv9,none,1964.1794851932339,DE,AC,C,A,AC_DE,A_C,-15.427371796019315,-15.427371796019315,1884.5178868485323,-19.336073561855073,-19.336073561855073,1795.7606260579134,-15.427371796268972,
3mv8,none,-136.2924323991666,DE,AC,C,A,AC_DE,A_C,-34.91955131869325,-34.91955131869325,1936.5821676892258,-9.557845381124388,-9.557845381124388,1803.8349380566597,-34.91955131879001,
3mv7,none,371.87232269273557,DE,AC,C,A,AC_DE,A_C,-29.89012065882224,-29.89012065882224,1930.94808972341,-33.62613817252425,-33.62613817252425,1802.8199631619648,-29.890120659369586,
3mbe,none,1257.6243146141599,DE,ABC,C,AB,ABC_DE,AB_C,6.006915831957031,6.006915831957031,2691.7033831495705,-68.8511956105175,-68.8511956105175,4073.2838960103873,6.006915831809465,
3o4l,none,888.5885832105761,DE,AC,C,A,AC_DE,A_C,-31.99495887848957,-31.99495887848957,2169.943253740606,-40.869168684968656,-40.869168684968656,1568.95304966528,-31.994958878763327,
3o8x,none,131.95634586076864,DE,AC,C,A,AC_DE,A_C,-2.723888914042476,-2.723888914042476,1566.4761326899825,-13.378508524970556,-13.378508524970556,1691.8205754497799,-2.723888914150905,
3o9w,none,164.15737478231503,DE,AC,C,A,AC_DE,A_C,-21.917772733290377,-21.917772733290377,1630.497850404542,-9.82896476126848,-9.82896476126848,1944.3491155711674,-21.917772733732818,
3o6f,none,1352.4106606615542,DE,ABC,C,AB,ABC_DE,AB_C,47.31289762437018,47.31289762437018,2152.9949198798495,-57.003360942844665,-57.003360942844665,4172.806339870286,47.31289762424035,
3pwp,none,413.8723536114471,DE,AC,C,A,AC_DE,A_C,-32.52121751422118,-32.52121751422118,1972.0988112373448,-40.5661570937895,-40.5661570937895,1672.4146938899135,-32.52121751443201,
3pqy,none,1227.0331152581002,DE,AC,C,A,AC_DE,A_C,-10.359515091005505,-10.359515091005505,1651.4484957357827,-27.724382526548823,-27.724382526548823,1902.4324272261742,-10.35951509112715,
3qdg,none,417.76430056861443,DE,AC,C,A,AC_DE,A_C,-22.35346058156557,-22.35346058156557,2121.99999003059,-59.166677884140014,-59.166677884140014,1760.1020988771354,-22.353460581777142,
3pl6,none,1031.3122530252149,DE,ABC,C,AB,ABC_DE,AB_C,-30.342416760073547,-30.342416760073547,1735.6995491083192,15.277237258313676,15.277237258313676,4284.109531227601,-30.342416760288415,
3qdj,none,390.9864534693391,DE,AC,C,A,AC_DE,A_C,-23.119976002499072,-23.119976002499072,2202.3557400083355,-48.21363504112591,-48.21363504112591,1493.430077601211,-23.119976002237706,
3qdm,none,706.4800182493137,DE,AC,C,A,AC_DE,A_C,-40.768129237101334,-40.768129237101334,1757.8460087158182,-53.62437383778814,-53.62437383778814,1797.888298771378,-40.76812923710702,
3qeq,none,269.7250272182532,DE,AC,C,A,AC_DE,A_C,-37.994306662757026,-37.994306662757026,1924.1729930628292,-47.37462145766367,-47.37462145766367,1574.140594838247,-37.99430666318108,
3qi9,none,-75.41121524502803,DE,AC,C,A,AC_DE,A_C,-26.13256135339293,-26.13256135339293,1801.6063077422405,-27.600488697154887,-27.600488697154887,1931.1206601228284,-26.13256135374074,
3qfj,none,290.5162515877129,DE,AC,C,A,AC_DE,A_C,-34.85505409262822,-34.85505409262822,1979.0903597532479,-51.94216475983891,-51.94216475983891,1738.565015160206,-34.855054092887656,
3qib,none,298.0668529016584,DE,ABC,C,AB,ABC_DE,AB_C,-44.55556457177801,-44.55556457177801,2622.678853667095,-91.54266172956878,-91.54266172956878,4211.10000394082,-44.55556457163817,
3qux,none,44.75461939956393,DE,AC,C,A,AC_DE,A_C,-36.50711314278446,-36.50711314278446,1609.4730479726388,-14.238796774781974,-14.238796774781974,2100.5648180279386,-36.507113142736834,
3quy,none,-440.96887125092417,DE,AC,C,A,AC_DE,A_C,-30.94516098802393,-30.94516098802393,1597.618003748222,-54.58520703517994,-54.58520703517994,2188.707986660498,-30.945160987652912,
3qiw,none,439.76880227604534,DE,ABC,C,AB,ABC_DE,AB_C,8.10406764384203,8.10406764384203,2467.30084719513,-98.24925465941769,-98.24925465941769,4269.957455296127,8.10406764384527,
3quz,none,-345.7845507206102,DE,AC,C,A,AC_DE,A_C,-42.69251683410249,-42.69251683410249,1633.7876021190796,-49.352025825848926,-49.352025825848926,2346.0845269953174,-42.692516834065714,
3qiu,none,27.919653637240124,DE,ABC,C,AB,ABC_DE,AB_C,-34.60588314730407,-34.60588314730407,2513.510758490329,-139.09220914247175,-139.09220914247175,4200.363529598479,-34.605883147508194,
3rtq,none,-405.70164074233526,DE,AC,C,A,AC_DE,A_C,-33.18784798065144,-33.18784798065144,1607.3726179095431,-36.452322926425566,-36.452322926425566,2059.546997518779,-33.187847980861534,
3rgv,none,1787.6880853437985,DE,AC,C,A,AC_DE,A_C,-12.450187284582398,-12.450187284582398,1645.2311830330823,25.444410424409625,25.444410424409625,2532.0855840735658,-12.450187284746562,
3rug,none,-30.041037851498544,DE,AC,C,A,AC_DE,A_C,-37.82734184742295,-37.82734184742295,1780.0836675944986,-28.368012052506273,-28.368012052506273,1851.5211031323286,-37.827341847209,
3rdt,none,203.94161829621993,DE,ABC,C,AB,ABC_DE,AB_C,-39.253133874860055,-39.253133874860055,1571.0039899478083,-112.62615056872846,-112.62615056872846,3756.9095130639084,-39.25313387470001,
3rzc,none,-448.85455576090527,DE,AC,C,A,AC_DE,A_C,-24.345024039984253,-24.345024039984253,1723.4466784127133,-46.34973133524741,-46.34973133524741,2342.1204188429047,-24.345024039950488,
3sdc,none,762.0060963282336,DE,AC,C,A,AC_DE,A_C,-20.593335176868322,-20.593335176868322,1731.1239551561962,-23.374872827266756,-23.374872827266756,2233.7265982644385,-20.59333517686798,
3sdd,none,237.32851926697768,DE,AC,C,A,AC_DE,A_C,-22.9563293323491,-22.9563293323491,1737.2566232686836,-41.038025576805666,-41.038025576805666,2092.053475584493,-22.95632933211263,
3sda,none,2030.0597210474625,DE,AC,C,A,AC_DE,A_C,-19.509797643426964,-19.509797643426964,1570.1563960068886,8.999495211166732,8.999495211166732,2053.110269779537,-19.509797643668207,
3scm,none,623.5199831662,DE,AC,C,A,AC_DE,A_C,-29.116859290266007,-29.116859290266007,1725.516072643198,73.53099914635152,73.53099914635152,2314.5870354057092,-29.116859290283514,
3sdx,none,4180.558365692863,DE,AC,C,A,AC_DE,A_C,-14.26726283944663,-14.26726283944663,1636.2836401459601,3434.26070444749,3434.26070444749,1926.538596816944,-14.26726283941025,
3sjv,none,1656.2462530415298,DE,AC,C,A,AC_DE,A_C,1.2537375043611974,1.2537375043611974,2069.8984289570744,-44.2068082933954,-44.2068082933954,2004.5443501625982,1.253737504236824,
3ta3,none,-151.43518114288645,DE,AC,C,A,AC_DE,A_C,-25.578361900066895,-25.578361900066895,1669.0763599660197,-26.44396716242135,-26.44396716242135,1886.1427573540632,-25.578361900271148,
3tfk,none,254.28127618987062,DE,AC,C,A,AC_DE,A_C,-13.829046442635473,-13.829046442635473,1717.924107593552,-6.428750127533533,-6.428750127533533,1859.877437067141,-13.829046442846533,
3tf7,none,445.47045988021307,DE,AC,C,A,AC_DE,A_C,-22.611250161524993,-22.611250161524993,1377.3329089387455,-36.0490469008937,-36.0490469008937,1946.6849323727151,-22.611250161574787,
3t0e,none,2024.1563064633187,DE,ABC,C,AB,ABC_DE,AB_C,5.08351651839007,5.08351651839007,2298.368210387193,-25.614776288393273,-25.614776288393273,3990.21484166345,5.083516518593115,
3tn0,none,2441.948970344635,DE,AC,C,A,AC_DE,A_C,20.983550617729634,20.983550617729634,1402.6932411019238,1798.8249593554622,1798.8249593554622,2146.804756743292,20.983550617581386,
3to4,none,425.7401039663172,DE,AC,C,A,AC_DE,A_C,-30.825559391098466,-30.825559391098466,1834.702024477466,-34.12204272558665,-34.12204272558665,2071.8529882797966,-30.825559390999388,
3tjh,none,-234.53321028649694,DE,AC,C,A,AC_DE,A_C,-38.814033554488276,-38.814033554488276,1671.3337843345873,-60.88363622241668,-60.88363622241668,1873.1847736406517,-38.814033554486656,
3tpu,none,1142.9113553498657,DE,AC,C,A,AC_DE,A_C,-8.408898772009252,-8.408898772009252,2223.132651387324,-15.684254554543031,-15.684254554543031,1931.1826464608403,-8.408898772009707,
3tvm,none,-278.88467308751,DE,AC,C,A,AC_DE,A_C,-32.48341256535659,-32.48341256535659,1596.8964458503538,-45.73927786226865,-45.73927786226865,2184.5318248824765,-32.483412565718226,
3uts,none,215.94768623590693,DE,AC,C,A,AC_DE,A_C,-20.540766472885508,-20.540766472885508,1372.6453269047959,-29.811902206328682,-29.811902206328682,1482.4261179762188,-20.540766473199028,
3tzv,none,1263.53493399151,DE,AC,C,A,AC_DE,A_C,1.2073501747204318,1.2073501747204318,1713.7959307344327,9.743668796799511,9.743668796799511,1184.814327012417,1.2073501750774085,
3vwj,none,530.9367901618742,DE,AC,C,A,AC_DE,A_C,-12.61866799060931,-12.61866799060931,1572.9599843190279,18.909136842131915,18.909136842131915,1899.6927257216767,-12.618667990709241,
3utt,none,1100.4346090951492,DE,AC,C,A,AC_DE,A_C,-2.9827261945522423,-2.9827261945522423,1408.3635133179164,-11.688517690130482,-11.688517690130482,1471.6997355154635,-2.982726194213683,
3vwk,none,337.95416759738185,DE,AC,C,A,AC_DE,A_C,-20.38906014647256,-20.38906014647256,1559.4415016911205,-19.246482021263432,-19.246482021263432,2114.4608347655994,-20.38906014629316,
3vxs,none,-392.6129103706081,DE,AC,C,A,AC_DE,A_C,-41.25435053168985,-41.25435053168985,1972.5154639933994,-56.38752488651653,-56.38752488651653,1818.3091629829592,-41.254350531765795,
3vxm,none,489.276012989771,DE,AC,C,A,AC_DE,A_C,-33.236069392513,-33.236069392513,1954.7446223908394,-44.509258358438615,-44.509258358438615,1888.4986027784053,-33.23606939315829,
3vxu,none,3573.809943364856,DE,AC,C,A,AC_DE,A_C,253.79397692391467,253.79397692391467,2388.1081846309116,38.557526390187604,38.557526390187604,1850.4962147674823,253.79397692418024,
3vxr,none,15.764928114409102,DE,AC,C,A,AC_DE,A_C,-38.42349851341489,-38.42349851341489,1928.020544249284,-58.3117806453007,-58.3117806453007,1859.2923949448536,-38.423498513126326,
3w0w,none,324.00335008145186,DE,AC,C,A,AC_DE,A_C,-41.997227770146196,-41.997227770146196,2140.0864957601752,-51.77838308925499,-51.77838308925499,1866.4323274752524,-41.99722776998436,
4apq,none,13329.054460190413,DE,AC,C,A,AC_DE,A_C,-35.58664388699253,-35.58664388699253,1661.5259958087224,12763.41432802042,12763.41432802042,1429.7467908641422,-35.586643886825186,
4ei5,none,1492.8237985678618,DE,AC,C,A,AC_DE,A_C,-34.26539097013074,-34.26539097013074,1900.096587153569,1376.8525148419644,1376.8525148419644,1978.3882874868502,-34.265390970186445,
4en3,none,1061.0077359366837,DE,AC,C,A,AC_DE,A_C,34.86281710727576,34.86281710727576,3213.3220478048966,41.08748051315422,41.08748051315422,2791.5156525065486,-11.942024852636223,
4eup,none,432.12293916470674,DE,AC,C,A,AC_DE,A_C,-19.384931068762853,-19.384931068762853,1896.2366092228392,-38.27722721819396,-38.27722721819396,1684.4538974999818,-19.38493106866889,
4elm,none,942.4830595235492,DE,AC,C,A,AC_DE,A_C,-36.096977635847225,-36.096977635847225,2185.5374060272875,8.553987424108868,8.553987424108868,1035.6798985091393,-36.09697763560621,
4ftv,none,331.77014138534656,DE,AC,C,A,AC_DE,A_C,-49.317287659697286,-49.317287659697286,2156.3518706490977,-50.01559334046808,-50.01559334046808,1696.646100550789,-49.317287659774195,
4e41,none,419.30549536037665,DE,ABC,C,AB,ABC_DE,AB_C,-19.192999183732923,-19.192999183732923,2107.4766709316864,-126.04479193735693,-126.04479193735693,4215.864186536385,-19.19299918390334,
4g8g,none,312.99222493030487,DE,AC,C,A,AC_DE,A_C,-28.502241907288465,-28.502241907288465,1882.3667413958833,0.08610516989290318,0.08610516989290318,1986.292945725284,-28.50224190739999,
4g9f,none,-515.7824207110176,DE,AC,C,A,AC_DE,A_C,-35.53050562532184,-35.53050562532184,1891.8190878018152,-55.85271609819583,-55.85271609819583,2032.410819991262,-35.53050562481042,
4iiq,none,2387.4492784022777,DE,AC,C,A,AC_DE,A_C,-27.584250911091203,-27.584250911091203,2306.9293141068674,1961.4859840257222,1961.4859840257222,833.8110370315346,-27.58425091133222,
4gg6,none,256.75917775163066,DE,ABC,C,AB,ABC_DE,AB_C,-26.364486102873627,-26.364486102873627,1879.1156351494944,78.15594021574395,78.15594021574395,4143.043721071198,-26.364486102860837,
4h1l,none,2797.9502994046184,DE,ABC,C,AB,ABC_DE,AB_C,112.77652651723702,112.77652651723702,2143.6763898069235,-81.07710009745574,-81.07710009745574,4148.1567600776525,112.77652651704511,
4irj,none,29.16225681198634,DE,AC,C,A,AC_DE,A_C,-24.08298014435908,-24.08298014435908,1569.1191894960318,-36.677410506150764,-36.677410506150764,2289.6293700935144,-24.08298014385086,
4irs,none,-134.61528048647784,DE,AC,C,A,AC_DE,A_C,-30.40542896691686,-30.40542896691686,1693.3806515764588,-34.809931987196855,-34.809931987196855,2082.31675686577,-30.405428967417677,
4grl,none,1219.553925815771,DE,ABC,C,AB,ABC_DE,AB_C,-31.654321729303092,-31.654321729303092,1930.6140492186164,-151.56146966804224,-151.56146966804224,4291.955321449621,-31.654321729374942,
4jfe,none,-175.3779773469648,DE,AC,C,A,AC_DE,A_C,-51.72370917772123,-51.72370917772123,2508.234131712341,-22.127688637695137,-22.127688637695137,1734.7934051887596,-51.72370917787174,
4jrx,none,148.91780761668758,DE,AC,C,A,AC_DE,A_C,-42.332656386769486,-42.332656386769486,1842.0374804262015,-47.17390785286233,-47.17390785286233,1977.1759352463018,-42.33265638683977,
4jff,none,113.21861543240905,DE,AC,C,A,AC_DE,A_C,-47.83472259606209,-47.83472259606209,2444.8603345152537,-35.162555768326584,-35.162555768326584,1795.1697894425092,-47.83472259606995,
4jfd,none,84.33095791469609,DE,AC,C,A,AC_DE,A_C,-27.14979599248079,-27.14979599248079,2370.1349934333844,-52.72405555556342,-52.72405555556342,1837.5328476829552,-27.149795992411455,
4jry,none,317.7155412614454,DE,AC,C,A,AC_DE,A_C,-43.40353068147658,-43.40353068147658,2007.6350567722181,-46.369641938177466,-46.369641938177466,1901.4133255974245,-43.403530681970324,
4l4t,none,314.0678040308171,DE,AC,C,A,AC_DE,A_C,-41.742645914795844,-41.742645914795844,2210.0008716655075,814.5779428641333,814.5779428641333,461.2807940004035,-41.742645914437105,
4l4v,none,-613.4815423696467,DE,AC,C,A,AC_DE,A_C,-41.906833674504924,-41.906833674504924,2232.743582287601,2.3751304752847773,2.3751304752847773,690.8119295412077,-41.90683367446229,
4l3e,none,595.3577758104069,DE,AC,C,A,AC_DE,A_C,-24.537979577195188,-24.537979577195188,2255.2232291278165,-46.44700374508143,-46.44700374508143,1788.945177385027,-24.537979576983275,
4l8s,none,2817.7738043719587,DE,AC,C,A,AC_DE,A_C,-22.73984751206126,-22.73984751206126,2197.3300217636142,2007.412132004584,2007.412132004584,831.9825370229186,-22.739847512402775,
4l9l,none,3185.2114584483097,DE,AC,C,A,AC_DE,A_C,-21.730080519201238,-21.730080519201238,2131.7879205880768,2231.1318189509657,2231.1318189509657,829.2732352754817,-21.730080519470448,
4lcw,none,-252.27372812384675,DE,AC,C,A,AC_DE,A_C,-42.11391617605085,-42.11391617605085,2240.912196365087,-0.06902335004598825,-0.06902335004598825,709.0859844737032,-42.113916176636394,
4lhu,none,467.103606372144,DE,AC,C,A,AC_DE,A_C,-17.233882665577312,-17.233882665577312,1834.7104873850838,-27.000163565557017,-27.000163565557017,2055.6786730357153,-17.23388266510767,
4lcc,none,799.0035588360605,DE,AC,C,A,AC_DE,A_C,-14.844368442770588,-14.844368442770588,2135.5933666759547,10.552724479177641,10.552724479177641,750.1080092871055,-14.844368442845393,
4mji,none,2874.239194681471,DE,AC,C,A,AC_DE,A_C,16.45953750061244,16.45953750061244,2225.8442104272604,14.792184426503354,14.792184426503354,1634.0405197202401,16.459537500611077,
4mng,none,-265.1370921668793,DE,AC,C,A,AC_DE,A_C,-24.381424475096395,-24.381424475096395,1366.3571460774463,-25.470227965212956,-25.470227965212956,2048.4662899488117,-24.38142447507647,
4mnq,none,1647.3871420807668,DE,AC,C,A,AC_DE,A_C,-48.098224214702896,-48.098224214702896,2554.222952454917,-50.44238874409365,-50.44238874409365,1814.1074418276698,-48.09822421473109,
4may,none,-193.53821201159167,DE,ABC,C,AB,ABC_DE,AB_C,-36.81055881369673,-36.81055881369673,1743.2383553074594,-167.70035592743469,-167.70035592743469,4205.177582068538,-36.810558813757126,
4ms8,none,184.50977395765068,DE,AC,C,A,AC_DE,A_C,-21.481150205209076,-21.481150205209076,1591.6439046160426,-24.585489785856396,-24.585489785856396,1741.1346129972935,-21.481150205303294,
4mxq,none,-161.33916267258508,DE,AC,C,A,AC_DE,A_C,-17.21327408988182,-17.21327408988182,1673.7054773485377,-50.67051514819755,-50.67051514819755,1782.9471788776232,-17.213274090398272,
4mvb,none,162.80592844162084,DE,AC,C,A,AC_DE,A_C,-9.853764933554743,-9.853764933554743,1762.5615935879891,15.398251794085269,15.398251794085269,1781.0728504013591,-9.85376493345467,
4n5e,none,-54.11469251907796,DE,AC,C,A,AC_DE,A_C,-20.798528853513716,-20.798528853513716,1792.225690490056,-72.58626017766083,-72.58626017766083,1845.236443991559,-20.79852885333701,
4n0c,none,690.1319853884373,DE,AC,C,A,AC_DE,A_C,-16.98977395204372,-16.98977395204372,1694.51500699199,-34.458762469602846,-34.458762469602846,1911.9508789471524,-16.989773951944585,
4nhu,none,-52.79318076042811,DE,AC,C,A,AC_DE,A_C,-30.17245422417464,-30.17245422417464,1558.2130381223208,-50.86931677212585,-50.86931677212585,1572.5767875854785,-30.172454224242685,
4nqc,none,-8.86221467785414,DE,AC,C,A,AC_DE,A_C,-34.250651450637726,-34.250651450637726,2320.267329690118,467.38388839810534,467.38388839810534,681.169986079377,-34.250651450609055,
4nqd,none,-272.91443266256164,DE,AC,C,A,AC_DE,A_C,-37.63869959380389,-37.63869959380389,2220.773788482631,12.537898707438806,12.537898707438806,681.7803393543276,-37.63869959352601,
4nqe,none,406.6971038283208,DE,AC,C,A,AC_DE,A_C,-43.05799019238498,-43.05799019238498,2210.8529957054634,807.374320033917,807.374320033917,671.0436866005514,-43.05799019201464,
4ozf,none,108.81632356018585,DE,ABC,C,AB,ABC_DE,AB_C,-17.758138181167936,-17.758138181167936,1739.2863713755835,-123.21413154745493,-123.21413154745493,4199.617079426966,-17.75813818126332,
4ozg,none,426.0554839682492,DE,ABC,C,AB,ABC_DE,AB_C,-23.940835936262715,-23.940835936262715,2130.71349590055,-63.63866591765873,-63.63866591765873,4092.3383303150517,-23.940835935970085,
4ozi,none,1018.7832949905321,DE,ABC,C,AB,ABC_DE,AB_C,-21.112376134536817,-21.112376134536817,2258.048793074492,-120.80157071270852,-120.80157071270852,4072.759335364443,-21.112376134448823,
4p23,none,-387.842085114427,DE,ABC,C,AB,ABC_DE,AB_C,-39.919293185137576,-39.919293185137576,1594.786831476883,-139.33445814256584,-139.33445814256584,3829.957631519705,-39.91929318542344,
4ozh,none,154.6611069642045,DE,ABC,C,AB,ABC_DE,AB_C,-26.5921096038322,-26.5921096038322,2133.9683720581215,-113.28795568659469,-113.28795568659469,4267.639549451215,-26.592109603879038,
4p2o,none,-251.3893743474,DE,ABC,C,AB,ABC_DE,AB_C,-42.449834881349915,-42.449834881349915,2261.0162096257523,-138.40854492643598,-138.40854492643598,4011.4894744029943,-42.44983488171266,
4p2q,none,-35.23571567807474,DE,ABC,C,AB,ABC_DE,AB_C,-26.160977783382666,-26.160977783382666,2213.8137567345093,-133.2464817577853,-133.2464817577853,4121.846348239879,-26.16097778388562,
4p46,none,132.97586318525475,DE,ABC,C,AB,ABC_DE,AB_C,-36.473351419322114,-36.473351419322114,1584.0025661411119,-110.60976578503647,-110.60976578503647,3739.249410663133,-36.473351419165795,
4p4k,none,306.37039175713255,DE,ABC,C,AB,ABC_DE,AB_C,-16.48855822293632,-16.48855822293632,1953.0737993053572,-114.6955503958242,-114.6955503958242,4038.621889776344,-16.48855822277278,
4pj5,none,-32.551930697100886,DE,AC,C,A,AC_DE,A_C,-47.81514443796108,-47.81514443796108,2352.056624816622,576.1845044532853,576.1845044532853,554.043151031291,-47.81514443781742,
4p2r,none,-40.756837672969425,DE,ABC,C,AB,ABC_DE,AB_C,-22.902566473997922,-22.902566473997922,2005.3316565526445,-123.81025630516983,-123.81025630516983,4049.9058079703764,-22.902566473717574,
4p5t,none,-69.21568991606603,DE,ABC,C,AB,ABC_DE,AB_C,-28.665373487072756,-28.665373487072756,2036.6486810975962,-117.21031664585993,-117.21031664585993,3732.7080562529964,-28.66537348746226,
4pj7,none,393.7434599650496,DE,AC,C,A,AC_DE,A_C,-23.282148262109217,-23.282148262109217,2121.433929333545,474.3355668080043,474.3355668080043,710.4116124612158,-23.28214826206056,
4pj8,none,1004.5268091502758,DE,AC,C,A,AC_DE,A_C,-28.598555344623605,-28.598555344623605,2107.227329316237,468.98307527943484,468.98307527943484,736.0666337723198,-28.59855534478038,
4pj9,none,-238.5190791838952,DE,AC,C,A,AC_DE,A_C,-33.47937360181007,-33.47937360181007,2182.410730121038,444.26201353627783,444.26201353627783,698.8807573275934,-33.479373601824136,
4pjb,none,413.75837792978894,DE,AC,C,A,AC_DE,A_C,-16.24335407246832,-16.24335407246832,2146.7373560060896,446.05040971161316,446.05040971161316,705.0663826080959,-16.243354072436887,
4pja,none,280.9756831314485,DE,AC,C,A,AC_DE,A_C,-26.43354991078246,-26.43354991078246,2286.5778597003837,463.00196855441874,463.00196855441874,700.8916015794387,-26.43354991026706,
4pjd,none,404.85886365186997,DE,AC,C,A,AC_DE,A_C,-24.144339373204673,-24.144339373204673,2188.5018050981957,480.26808393913075,480.26808393913075,716.8131776337941,-24.144339373545336,
4pjc,none,47.24088534599704,DE,AC,C,A,AC_DE,A_C,-27.995437303932853,-27.995437303932853,2310.812361411799,453.4337645981067,453.4337645981067,690.1272174831031,-27.995437303458402,
4pje,none,-80.76303063958593,DE,AC,C,A,AC_DE,A_C,-46.70211658931468,-46.70211658931468,2415.388464298492,577.9572891744283,577.9572891744283,578.1949939493318,-46.70211658946752,
4pjg,none,118.02588383252304,DE,AC,C,A,AC_DE,A_C,-32.13880485441092,-32.13880485441092,2093.1668870490007,551.7320153491962,551.7320153491962,559.4487382484546,-32.13880485434761,
4pjh,none,-97.68731581716615,DE,AC,C,A,AC_DE,A_C,-22.01495319133518,-22.01495319133518,2242.861992878207,584.8634149648011,584.8634149648011,562.6423960128859,-22.014953191497327,
4pji,none,109.5793661747999,DE,AC,C,A,AC_DE,A_C,-32.63093966251418,-32.63093966251418,2154.324216937301,561.853984085394,561.853984085394,572.3508326407084,-32.63093966229923,
4pjf,none,19.576030013840274,DE,AC,C,A,AC_DE,A_C,-43.22699334519057,-43.22699334519057,2366.034175579917,556.1046748831302,556.1046748831302,567.8600539332135,-43.226993345421896,
4pjx,none,-12.398923346890403,DE,AC,C,A,AC_DE,A_C,-25.71218900169695,-25.71218900169695,2209.2205000503554,573.7411255293052,573.7411255293052,552.60512383995,-25.712189001122912,
4prh,none,173.59147593662232,DE,AC,C,A,AC_DE,A_C,-38.976174810333134,-38.976174810333134,2001.5639638757414,-38.31793552103014,-38.31793552103014,1897.1776674844587,-38.97617481049767,
4pri,none,54.96191748320232,DE,AC,C,A,AC_DE,A_C,-32.378258410340806,-32.378258410340806,1977.531098113554,-40.377080447534645,-40.377080447534645,1841.722080037819,-32.37825841037013,
4qok,none,254.40327519203953,DE,AC,C,A,AC_DE,A_C,-17.91146749839561,-17.91146749839561,2109.221914856473,-46.422413520149966,-46.422413520149966,1692.6325801879968,-17.91146749857927,
4prp,none,-127.05729588413601,DE,AC,C,A,AC_DE,A_C,-34.44319978772046,-34.44319978772046,1939.5672857576094,-31.41612107226178,-31.41612107226178,1812.9092228755533,-34.443199788052496,
4wuu,none,377.0361020311212,,AC,C,A,,A_C,,,,-49.30964498192257,-49.30964498192257,1766.877436005302,,
4qrr,none,112.55117229403828,DE,AC,C,A,AC_DE,A_C,-23.581107057911126,-23.581107057911126,2066.5907507718634,-40.55247858066167,-40.55247858066167,1883.914235637909,-23.581107057867314,
4qrp,none,426.77776663272465,DE,AC,C,A,AC_DE,A_C,-28.534126075075733,-28.534126075075733,2191.7657569678786,-43.16918072102425,-43.16918072102425,1912.0050617241532,-28.53412607471614,
4wwk,none,356.6067334289553,DE,AC,C,A,AC_DE,A_C,-29.77595990025611,-29.77595990025611,1523.3880491642205,-38.2373427128897,-38.2373427128897,2056.4414362179696,-29.775959899642373,
4x6c,none,127.92431992345772,DE,AC,C,A,AC_DE,A_C,-37.72943898219299,-37.72943898219299,1707.4611922796594,8.355379460381187,8.355379460381187,1392.3599145457363,-37.729438981624725,
4ww2,none,-130.86141518895408,DE,AC,C,A,AC_DE,A_C,-15.478647057788095,-15.478647057788095,1622.4461268448256,-32.09959332586865,-32.09959332586865,2059.63438809368,-15.47864705741371,
4y16,none,-286.8582402272191,DE,AC,C,A,AC_DE,A_C,-30.140957048802818,-30.140957048802818,1586.4600672981092,-32.738769516505215,-32.738769516505215,2321.05192888057,-30.14095704901763,
4x6d,none,452.8643435470023,DE,AC,C,A,AC_DE,A_C,-33.39094671799006,-33.39094671799006,1629.3362135535467,-25.856065987031116,-25.856065987031116,966.5126553929817,-33.390946717642294,
4y2d,none,-123.28308782940024,DE,AC,C,A,AC_DE,A_C,-30.647759239861458,-30.647759239861458,1528.174796927759,-29.85460388595031,-29.85460388595031,1659.9083315737475,-30.647759239596553,
4y19,none,-303.16209976000255,DE,ABC,C,AB,ABC_DE,AB_C,-6.5243402394516465,-6.5243402394516465,1502.251460332981,-139.75715241774034,-139.75715241774034,3984.794236857701,-6.524340239607852,
4y4h,none,143.1375052697191,DE,AC,C,A,AC_DE,A_C,-19.167523016569902,-19.167523016569902,1605.7143146525627,-19.289942845276414,-19.289942845276414,1530.864620800743,-19.167523016231684,
4y4f,none,-184.5915691479151,DE,AC,C,A,AC_DE,A_C,-32.332420142383,-32.332420142383,1580.003155795696,-4.192270781813512,-4.192270781813512,2099.2164464610178,-32.33242014238675,
4y1a,none,482.53063195174946,DE,ABC,C,AB,ABC_DE,AB_C,6.798267596940946,6.798267596940946,1403.3713752080032,-110.41773948356962,-110.41773948356962,3989.0029160589424,6.798267596941287,
4y4k,none,128.95381874310345,DE,AC,C,A,AC_DE,A_C,-33.12791378564265,-33.12791378564265,1591.7654958872652,-25.388427302384883,-25.388427302384883,1952.4572947144202,-33.12791378564242,
4zak,none,-438.82414445684924,DE,AC,C,A,AC_DE,A_C,-32.17341758629675,-32.17341758629675,1611.5151840387184,-46.71005116908228,-46.71005116908228,2083.3698109662337,-32.17341758668175,
4z7u,none,-119.35557524193186,DE,ABC,C,AB,ABC_DE,AB_C,-22.634472013652555,-22.634472013652555,1966.948259287502,-129.75610409049642,-129.75610409049642,4132.689660003498,-22.634472013670333,
4z7w,none,77.54694090056672,DE,ABC,C,AB,ABC_DE,AB_C,-20.02030756615035,-20.02030756615035,2307.3655688496774,-105.24879927765464,-105.24879927765464,4160.126755565115,-20.02030756623337,
5brz,none,759.6442333417087,DE,AC,C,A,AC_DE,A_C,-29.466423751389016,-29.466423751389016,1970.4032742896547,-16.89209335571431,-16.89209335571431,1781.192029239704,-29.46642375175179,
4z7v,none,-184.96685808634328,DE,ABC,C,AB,ABC_DE,AB_C,-24.101192590076124,-24.101192590076124,1932.0268583415202,-116.3082480628703,-116.3082480628703,3956.3277848883536,-24.101192589481258,
5c07,none,3.3379997527068035,DE,AC,C,A,AC_DE,A_C,-28.542039856393604,-28.542039856393604,1674.453300512394,-45.578617335155336,-45.578617335155336,1742.8849610405152,-28.542039856299585,
5c08,none,1213.9963092461273,DE,AC,C,A,AC_DE,A_C,-29.66709139303839,-29.66709139303839,1627.5258416980944,-43.043391979155786,-43.043391979155786,1736.2377698645398,-29.667091393086594,
5bs0,none,424.61556537846263,DE,AC,C,A,AC_DE,A_C,-40.02615275705597,-40.02615275705597,2039.9882251164372,-34.11344437200748,-34.11344437200748,1681.7296557341479,-40.02615275707757,
5c0a,none,247.49239866286067,DE,AC,C,A,AC_DE,A_C,-28.8359145769559,-28.8359145769559,1384.531546588162,-53.47682513270746,-53.47682513270746,1809.4710406044076,-28.83591457683471,
5c0b,none,96.59594942618497,DE,AC,C,A,AC_DE,A_C,-33.162413774119585,-33.162413774119585,1687.2571057181947,-39.070717975340834,-39.070717975340834,1880.5395523234608,-33.16241377419067,
5c09,none,363.05950379032834,DE,AC,C,A,AC_DE,A_C,-22.02587118482836,-22.02587118482836,1560.2268300413484,-29.483972587154398,-29.483972587154398,1720.48751532956,-22.025871184617074,
5c0c,none,-77.30618387849005,DE,AC,C,A,AC_DE,A_C,-39.15246320894767,-39.15246320894767,1703.8219868637782,-39.09913238424825,-39.09913238424825,1826.6636352332357,-39.15246320885839,
5d2l,none,2920.162975028999,DE,AC,C,A,AC_DE,A_C,13.464548986396494,13.464548986396494,1915.1235772465216,36.573265256065156,36.573265256065156,1531.9063031115036,13.46454898576576,
5d5m,none,50.769971981354814,DE,AC,C,A,AC_DE,A_C,-33.5340350369636,-33.5340350369636,2104.398057514528,485.3332982234392,485.3332982234392,679.2574697990792,-33.534035037243285,
5d2n,none,-10.226107713252894,DE,AC,C,A,AC_DE,A_C,-41.6190841160573,-41.6190841160573,1887.9181372972675,-57.24464388756368,-57.24464388756368,1662.8872129989377,-41.61908411611821,
5d7i,none,102.11301113659161,DE,AC,C,A,AC_DE,A_C,-41.93115027722811,-41.93115027722811,2208.2581642859004,563.1013364081921,563.1013364081921,556.4043953407858,-41.93115027678064,
5d7j,none,-100.42209937274765,DE,AC,C,A,AC_DE,A_C,-40.4698348475722,-40.4698348475722,2147.668749022161,467.29784897630987,467.29784897630987,685.0676631219496,-40.469834847851246,
5d7l,none,760.9796666010693,DE,AC,C,A,AC_DE,A_C,-10.667633378763526,-10.667633378763526,2375.8696411492087,502.6871147713432,502.6871147713432,700.2007614764051,-10.667633378140522,
5e9d,none,-313.4863776504032,DE,AC,C,A,AC_DE,A_C,-30.143904691543355,-30.143904691543355,1423.170405756665,-42.73753174809606,-42.73753174809606,1837.0175954596914,-30.143904691654654,
5eu6,none,-216.69186271918937,DE,AC,C,A,AC_DE,A_C,-41.27377883229309,-41.27377883229309,1770.4360925369485,-49.68033003419527,-49.68033003419527,1668.0336304577088,-41.27377883229292,
5euo,none,180.09307441992786,DE,AC,C,A,AC_DE,A_C,-36.699674033366335,-36.699674033366335,1867.7536503172764,-50.055000393712376,-50.055000393712376,1733.6680091300548,-36.699674034018415,
5e6i,none,2152.425380614514,DE,AC,C,A,AC_DE,A_C,63.31666998569426,63.31666998569426,2296.649891075,19.044862011010537,19.044862011010537,1745.02227572847,63.31666998543187,
5hho,none,-114.72103796700921,DE,AC,C,A,AC_DE,A_C,-21.65151679456264,-21.65151679456264,1661.0935264911348,-52.089489363678666,-52.089489363678666,1753.6324503496915,-21.651516794497667,
5hyj,none,1290.8360367543014,DE,AC,C,A,AC_DE,A_C,-23.357453297692473,-23.357453297692473,1640.2964546200321,-25.564109225878212,-25.564109225878212,1532.1422948974302,-23.357453297799793,
5hhm,none,-16.679622027405607,DE,AC,C,A,AC_DE,A_C,-27.532219375422105,-27.532219375422105,1576.0481155983741,-50.613351019673345,-50.613351019673345,1739.167960482109,-27.532219375508017,
5isz,none,-520.8129600974688,DE,AC,C,A,AC_DE,A_C,-49.056966960362274,-49.056966960362274,1900.5881106560255,-67.26450017887788,-67.26450017887788,1746.3094832013817,-49.056966960698844,
5ivx,none,-587.3575290814906,DE,AC,C,A,AC_DE,A_C,-46.1533511988755,-46.1533511988755,1962.5759147445374,-57.90467251105065,-57.90467251105065,1825.109477711976,-46.153351199381405,
5jhd,none,-318.4777269213447,DE,AC,C,A,AC_DE,A_C,-39.508085672421544,-39.508085672421544,2035.1451303676258,-68.67026032359144,-68.67026032359144,1680.1372638667413,-39.50808567225016,
5jzi,none,-314.3961262907155,DE,AC,C,A,AC_DE,A_C,-38.72788874050474,-38.72788874050474,2141.449171269944,-53.68074125004223,-53.68074125004223,1861.981637041421,-38.72788874025349,
5ks9,none,-207.303104283016,DE,ABC,C,AB,ABC_DE,AB_C,-33.80362171033775,-33.80362171033775,2367.693153697541,-147.301355955927,-147.301355955927,4194.913091298049,-33.803621710616994,
5l2k,none,147.62426299572724,DE,AC,C,A,AC_DE,A_C,-9.056824153296759,-9.056824153296759,1708.7266723426387,-22.82492671682455,-22.82492671682455,1668.12939861302,-9.056824153411014,
5ksb,none,33.61246159616185,DE,ABC,C,AB,ABC_DE,AB_C,-21.557576891722803,-21.557576891722803,2087.023064343338,-115.68697867636772,-115.68697867636772,4007.0797410289433,-21.557576891526054,
5m00,none,-535.70585018996,DE,AC,C,A,AC_DE,A_C,-34.34492549026919,-34.34492549026919,1635.3414338455443,-56.026303353892644,-56.026303353892644,1799.9166040727625,-34.34492549032865,
5ksa,none,-557.1860603782995,DE,ABC,C,AB,ABC_DE,AB_C,-48.29027302576935,-48.29027302576935,1956.4984998776592,-157.2288569255863,-157.2288569255863,4198.651346088235,-48.29027302548428,
5m01,none,-393.2027800615651,DE,AC,C,A,AC_DE,A_C,-36.01215941359112,-36.01215941359112,1733.5189967970286,-58.990934978532664,-58.990934978532664,1829.1026669282369,-36.01215941362511,
5m02,none,-547.6362856497957,DE,AC,C,A,AC_DE,A_C,-37.855416435973154,-37.855416435973154,1685.2844570274012,-44.99536957856387,-44.99536957856387,1894.0157591983755,-37.85541643623401,
5men,none,1040.1275157491582,DE,AC,C,A,AC_DE,A_C,-41.24309075478595,-41.24309075478595,2314.517439432159,-37.38304884077894,-37.38304884077894,1886.4330793003492,-41.243090754958985,
5nme,none,824.0416579869258,DE,AC,C,A,AC_DE,A_C,-24.807662080725322,-24.807662080725322,2138.3461310002745,-34.86025843112003,-34.86025843112003,1617.3289300762428,-24.807662080978503,
5nmf,none,561.0164752136131,DE,AC,C,A,AC_DE,A_C,-20.752572979290335,-20.752572979290335,2115.9795271964585,-32.98733269611978,-32.98733269611978,1630.7239519913733,-20.752572979337174,
5nht,none,873.2858742409862,DE,AC,C,A,AC_DE,A_C,-23.375272173839335,-23.375272173839335,1786.921650407283,-48.39817949097346,-48.39817949097346,1822.9939137050108,-23.375272173616622,
5nmg,none,447.32722065390647,DE,AC,C,A,AC_DE,A_C,-21.677799690789982,-21.677799690789982,2067.9403557047904,-28.719385791540958,-28.719385791540958,1677.4215548216946,-21.677799690036522,
5swz,none,353.1218492134798,DE,AC,C,A,AC_DE,A_C,-31.410898512850338,-31.410898512850338,1993.7845116793367,0.0,0.0,0.0,-31.410898512458516,
5sws,none,241.893472102187,DE,AC,C,A,AC_DE,A_C,-25.354247674331134,-25.354247674331134,1906.7215079282894,-42.12812461458387,-42.12812461458387,1759.7579587337366,-25.354247674326473,
5tez,none,-439.56360218384464,DE,AC,C,A,AC_DE,A_C,-42.73868567925365,-42.73868567925365,1820.5763844663936,-57.081653195481735,-57.081653195481735,1619.3427685373836,-42.738685679266496,
5nqk,none,868.1555177942795,DE,AC,C,A,AC_DE,A_C,-31.222515723775928,-31.222515723775928,1854.4236942766595,-44.20722373068304,-44.20722373068304,1842.8263692481025,-31.222515723707374,
5til,none,390.98561831752573,DE,AC,C,A,AC_DE,A_C,-32.50613692647272,-32.50613692647272,1683.919244972454,-41.30393510450095,-41.30393510450095,1869.7543406313846,-32.50613692635221,
5tje,none,1124.9872969660291,DE,AC,C,A,AC_DE,A_C,-21.761624919219457,-21.761624919219457,1723.7351929735958,46.40692583084649,46.40692583084649,1966.615715887355,-21.761624919162387,
5u16,none,260.8383341458517,DE,AC,C,A,AC_DE,A_C,-33.60100400023043,-33.60100400023043,2344.367192824526,789.5432526809846,789.5432526809846,417.5218989944017,-33.601004000385615,
5u1r,none,-108.06802767539479,DE,AC,C,A,AC_DE,A_C,-31.204813590987868,-31.204813590987868,2411.5806523198494,-2.1293684731605964,-2.1293684731605964,595.517208363941,-31.204813590911343,
5u2v,none,219.3545010931644,DE,AC,C,A,AC_DE,A_C,-40.23698523337694,-40.23698523337694,2411.2137996251186,554.6738792722235,554.6738792722235,403.28898716899255,-40.23698523295491,
5u17,none,142.45884421467275,DE,AC,C,A,AC_DE,A_C,-43.45799167161866,-43.45799167161866,2246.51547120886,568.0555778094742,568.0555778094742,476.23864578392096,-43.45799167220696,
5u72,none,-395.1652094024288,DE,AC,C,A,AC_DE,A_C,-47.92743875374191,-47.92743875374191,2301.584673787185,-10.500354794383526,-10.500354794383526,623.1977967487585,-47.92743875453755,
5u6q,none,82.21916468317583,DE,AC,C,A,AC_DE,A_C,-48.78436141186049,-48.78436141186049,2433.551337879125,654.0294405563061,654.0294405563061,372.84256388301134,-48.78436141157961,
5vcj,none,1705.013174392068,DE,AC,C,A,AC_DE,A_C,-26.038126206440666,-26.038126206440666,1640.3726595736834,1791.8705455932222,1791.8705455932222,1332.0437402726704,-26.038126206338802,
5w1v,none,554.9134800976844,DE,AC,C,A,AC_DE,A_C,-17.939745307205385,-17.939745307205385,2148.2260365308325,-32.68113061345278,-32.68113061345278,1803.8763682945926,-17.939745307029966,
5w1w,none,419.46871499874044,DE,AC,C,A,AC_DE,A_C,-23.07395480338215,-23.07395480338215,2149.931246481088,-41.98035102569087,-41.98035102569087,1821.9190856525006,-23.073954803215884,
5wkh,none,700.7768662764222,DE,AC,C,A,AC_DE,A_C,1.6604320600905567,1.6604320600905567,1779.1006361036243,-32.49844511990645,-32.49844511990645,1720.9961197876291,1.6604320601367135,
5wki,none,222.56665101391906,DE,AC,C,A,AC_DE,A_C,-9.866366133014935,-9.866366133014935,1914.3004877283004,-39.51316878192924,-39.51316878192924,1760.1837958001668,-9.86636613284432,
5wkf,none,435.5043760535341,DE,AC,C,A,AC_DE,A_C,-11.69706543148925,-11.69706543148925,1856.2208016297968,-28.172922861475882,-28.172922861475882,1697.2481227874432,-11.697065431460203,
5xot,none,563.3128681845873,DE,AC,C,A,AC_DE,A_C,-23.01853670275773,-23.01853670275773,1963.68915555463,-28.1630291853494,-28.1630291853494,1737.013176987597,-23.01853670272044,
5wlg,none,-242.39861190356086,DE,AC,C,A,AC_DE,A_C,-46.694744356424565,-46.694744356424565,2170.387141390011,-54.487933618453035,-54.487933618453035,1909.9580852782824,-46.69474435623431,
5xov,none,226.4162133982752,DE,AC,C,A,AC_DE,A_C,-38.01085015691257,-38.01085015691257,1837.4009861187124,-52.782733677778694,-52.782733677778694,1872.403316042854,-38.01085015718229,
6am5,none,-503.9449319401188,DE,AC,C,A,AC_DE,A_C,-27.664887808426215,-27.664887808426215,2131.0743989617854,-57.050313917666415,-57.050313917666415,1738.693874758135,-27.664887808467427,
5yxu,none,1013.6275820587957,DE,AC,C,A,AC_DE,A_C,-26.322548448228986,-26.322548448228986,2153.153946524272,-39.55376168500368,-39.55376168500368,1773.4243211699109,-26.32254844847921,
6amu,none,-518.884061431621,DE,AC,C,A,AC_DE,A_C,-34.29456239536728,-34.29456239536728,1721.4168682496615,-54.29523734174455,-54.29523734174455,1947.0915165182407,-34.29456239541639,
5yxn,none,-328.84231711193434,DE,AC,C,A,AC_DE,A_C,-40.565306698390486,-40.565306698390486,2242.525780408122,-53.59420811358322,-53.59420811358322,1757.3530734359235,-40.56530669856181,
6avf,none,-73.11594907623763,DE,AC,C,A,AC_DE,A_C,-30.952648813008558,-30.952648813008558,1591.5752317277409,-36.45164555965599,-36.45164555965599,1746.5845160634206,-30.952648812832265,
6avg,none,63.443489429636045,DE,AC,C,A,AC_DE,A_C,-36.074329282360594,-36.074329282360594,2383.5925524348686,-16.274081144130093,-16.274081144130093,1673.8149366422042,-36.07432928231435,
6bj3,none,-617.5111991157838,DE,AC,C,A,AC_DE,A_C,-43.297182100866735,-43.297182100866735,1937.3018096034261,-52.511849570912375,-52.511849570912375,1689.8109878349962,-43.29718210047179,
6bj2,none,1834.3375187931365,DE,AC,C,A,AC_DE,A_C,2.2521879417934088,2.2521879417934088,2266.7806365371257,-22.850898519154498,-22.850898519154498,1741.1175630697574,2.252187941783177,
6bj8,none,-680.6659603744828,DE,AC,C,A,AC_DE,A_C,-45.09945772702122,-45.09945772702122,1988.803916013543,-51.63143303557382,-51.63143303557382,1697.659167218835,-45.09945772727758,
6bnk,none,-92.79205254220352,DE,AC,C,A,AC_DE,A_C,-31.790111382634365,-31.790111382634365,1564.668351678842,-26.79968252718497,-26.79968252718497,2072.187261495158,-31.790111382622825,
6bga,none,-351.5379425103602,DE,ABC,C,AB,ABC_DE,AB_C,-66.70172600480214,-66.70172600480214,2980.2667899805797,-150.8027492059523,-150.8027492059523,4585.488642531399,-66.70172600442805,
6bnl,none,-437.4245532524362,DE,AC,C,A,AC_DE,A_C,-39.71162193351199,-39.71162193351199,1612.2774740428192,-35.13009457313649,-35.13009457313649,2336.25029479203,-39.71162193371788,
6c09,none,148.006711406099,DE,AC,C,A,AC_DE,A_C,-55.8606612790274,-55.8606612790274,3996.8575803105787,-29.957628504480425,-29.957628504480425,1945.2556473416716,-27.99829953494674,
6cql,none,-74.1750246408478,DE,ABC,C,AB,ABC_DE,AB_C,-33.145858745879416,-33.145858745879416,1866.0483084977002,-135.72155276034607,-135.72155276034607,4216.535657363231,-33.14585874620225,
6cqq,none,355.9658746565822,DE,ABC,C,AB,ABC_DE,AB_C,-29.3411795464973,-29.3411795464973,1881.9677436148397,-137.61592286225505,-137.61592286225505,4034.7822507491646,-29.34117954640101,
6cqn,none,-176.03064700391346,DE,ABC,C,AB,ABC_DE,AB_C,-35.836735120567454,-35.836735120567454,1809.2796904622373,-156.4102745245203,-156.4102745245203,4143.457705412752,-35.83673512061068,
6d78,none,-634.129868596546,DE,AC,C,A,AC_DE,A_C,-35.21986427047,-35.21986427047,2282.0650820872947,-52.61548066229244,-52.61548066229244,1489.9481379864642,-35.219864270380526,
6cqr,none,2.6728186361306996,DE,ABC,C,AB,ABC_DE,AB_C,-40.78047706628838,-40.78047706628838,2002.6379696842491,-149.00350269920114,-149.00350269920114,4192.992864540966,-40.780477065903895,
6d7g,none,121.88932894023712,DE,AC,C,A,AC_DE,A_C,-28.397243904650253,-28.397243904650253,1906.5265973144453,-57.92156426859283,-57.92156426859283,1791.840957866766,-28.397243904497387,
6dfw,none,2381.9802871366683,DE,ABC,C,AB,ABC_DE,AB_C,-4.987556150019827,-4.987556150019827,1917.5210933763826,-56.861983501722875,-56.861983501722875,4260.028129798171,-4.98755615032178,
6dkp,none,-397.54409285313494,DE,AC,C,A,AC_DE,A_C,-24.236023068172983,-24.236023068172983,2233.8942196857993,-52.10371578518328,-52.10371578518328,1800.5874853661721,-24.236023068329644,
6dfs,none,2076.2801813288334,DE,ABC,C,AB,ABC_DE,AB_C,-21.843317361665413,-21.843317361665413,1722.2824584744253,-82.20740280495602,-82.20740280495602,4184.995246188061,-21.84331736151489,
6dfx,none,-170.15989941854758,DE,ABC,C,AB,ABC_DE,AB_C,-40.931429609458206,-40.931429609458206,2144.306701891497,-149.1121799456784,-149.1121799456784,4499.927040816087,-40.931429609726564,
6eqa,none,1078.392047900267,DE,AC,C,A,AC_DE,A_C,-30.477251653965823,-30.477251653965823,2040.2763207983003,-29.898791257671064,-29.898791257671064,1467.050721379473,-30.47725165405609,
6eqb,none,610.3882515562979,DE,AC,C,A,AC_DE,A_C,-61.29941791461272,-61.29941791461272,2358.2179085718235,-41.722447720675575,-41.722447720675575,1507.3850709535523,-61.2994179143393,
6g9q,none,-315.67559037488707,DE,AC,C,A,AC_DE,A_C,-22.367920597193688,-22.367920597193688,1669.1463127624397,-38.189019779759136,-38.189019779759136,1864.1236602398462,-22.367920597559305,
6l9l,none,-158.50136897018095,DE,AC,C,A,AC_DE,A_C,-29.666516665225373,-29.666516665225373,1731.1322474093984,-53.85215096335321,-53.85215096335321,1819.8793930473742,-29.666516665058992,
6mkd,none,855.9121960724938,DE,ABC,C,AB,ABC_DE,AB_C,-11.796465042891214,-11.796465042891214,1578.9209275471571,-91.08549681283375,-91.08549681283375,4054.442942622805,-11.796465042869386,
6mng,none,117.09900937571794,DE,ABC,C,AB,ABC_DE,AB_C,-27.016366692350573,-27.016366692350573,1488.9158261545317,-61.19997706473161,-61.19997706473161,3864.9231000900445,-27.016366692640958,
6mkr,none,253.40602577612137,DE,ABC,C,AB,ABC_DE,AB_C,-23.19810676878805,-23.19810676878805,1519.3342931444058,-117.49581818100037,-117.49581818100037,4119.77127587156,-23.19810676859285,
6mnm,none,96.58215673567213,DE,ABC,C,AB,ABC_DE,AB_C,-24.918509784533768,-24.918509784533768,1537.5491697797306,-126.12220157657524,-126.12220157657524,4035.499154435696,-24.918509784834413,
6mnn,none,333.61097285313133,DE,ABC,C,AB,ABC_DE,AB_C,-24.69680659268454,-24.69680659268454,1510.7356919953795,-117.02374798937066,-117.02374798937066,4040.6681913615726,-24.69680659236593,
6mno,none,251.20651188501938,DE,ABC,C,AB,ABC_DE,AB_C,-16.566981655342488,-16.566981655342488,1512.0185089955944,-118.14141832418471,-118.14141832418471,3932.1943338621186,-16.56698165544151,
6p64,none,-161.40660023283536,DE,AC,C,A,AC_DE,A_C,-27.070042660397093,-27.070042660397093,1663.9314396118964,-52.708764145618474,-52.708764145618474,1931.3308520639005,-27.070042660358837,
6mtm,none,689.4051280861511,DE,AC,C,A,AC_DE,A_C,-9.79599888489497,-9.79599888489497,1831.1657624593772,-44.526393450156974,-44.526393450156974,1958.139256757893,-9.795998884722167,
6pud,none,-144.15568522482928,DE,AC,C,A,AC_DE,A_C,-50.33451451019769,-50.33451451019769,2287.2132293612794,431.73768689682,431.73768689682,702.7098933511855,-50.33451451049859,
6pue,none,129.6065380709744,DE,AC,C,A,AC_DE,A_C,-46.37361474431509,-46.37361474431509,2248.4906021457004,684.3229930440409,684.3229930440409,707.2963238587083,-46.37361474439888,
6puc,none,87.28829732170391,DE,AC,C,A,AC_DE,A_C,-45.91383596658838,-45.91383596658838,2272.7036944849588,712.2071585220231,712.2071585220231,694.9185574018289,-45.913835966134684,
6puf,none,24.82315447094659,DE,AC,C,A,AC_DE,A_C,-46.5938648401882,-46.5938648401882,2395.2461003363965,511.70510681509734,511.70510681509734,687.031096474292,-46.593864839748605,
6puh,none,-494.93024621928066,DE,AC,C,A,AC_DE,A_C,-40.48487400358454,-40.48487400358454,2337.841329181129,0.0,0.0,0.0,-40.48487400355282,
6puj,none,-587.3434335473975,DE,AC,C,A,AC_DE,A_C,-22.978032907030183,-22.978032907030183,2291.338986030503,0.0,0.0,0.0,-22.97803290698573,
6pug,none,242.99263030305656,DE,AC,C,A,AC_DE,A_C,-32.805677957962075,-32.805677957962075,2354.8065423150083,825.071476423895,825.071476423895,582.1692094973687,-32.80567795759913,
6pui,none,-504.78495020723386,DE,AC,C,A,AC_DE,A_C,-29.800635780283187,-29.800635780283187,2252.8941066335774,0.0,0.0,0.0,-29.800635780359073,
6puk,none,-466.3386173389887,DE,A,,A,A_DE,,-34.05277364897063,-34.05277364897063,2253.2130287085392,,,,-34.0527736493741,
6pul,none,-589.9488770276408,DE,AC,C,A,AC_DE,A_C,-32.98930252551827,-32.98930252551827,2359.705130777014,0.0,0.0,0.0,-32.989302525422204,
6pum,none,-550.1762849386794,DE,AC,C,A,AC_DE,A_C,-35.33428597536113,-35.33428597536113,2296.830606344262,0.0,0.0,0.0,-35.33428597534726,
6pvd,none,-483.06679878667103,DE,AC,C,A,AC_DE,A_C,-25.70979192309295,-25.70979192309295,2308.700559558999,-3.732072642381155,-3.732072642381155,581.2038329815056,-25.709791923301566,
6pvc,none,-397.5564469592642,DE,AC,C,A,AC_DE,A_C,-24.264320281516746,-24.264320281516746,2020.790262691106,-5.229188187663567,-5.229188187663567,510.16163307055365,-24.26432028142716,
6q3s,none,83.03528381505876,DE,AC,C,A,AC_DE,A_C,-45.60740738295334,-45.60740738295334,2178.005604416213,-32.02252411571861,-32.02252411571861,1620.413702566407,-45.60740738300399,
6px6,none,458.2628830258403,DE,ABC,C,AB,ABC_DE,AB_C,-27.469468577715077,-27.469468577715077,2087.7304967097953,-102.48338577471036,-102.48338577471036,3887.2276554996997,-27.469468577495604,
6py2,none,90.48648475474698,DE,ABC,C,AB,ABC_DE,AB_C,5.292679137992138,5.292679137992138,1918.9266109015239,-109.56092925863406,-109.56092925863406,4085.655154328411,5.292679137990163,
6r0e,none,-63.13413671385357,DE,ABC,C,AB,ABC_DE,AB_C,-34.76182620340634,-34.76182620340634,2050.726654227541,-138.93999024472714,-138.93999024472714,4156.002930393595,-34.76182620366381,
6rp9,none,-294.5617789370905,DE,AC,C,A,AC_DE,A_C,-30.203809188392142,-30.203809188392142,1371.461186941978,-46.00476763940634,-46.00476763940634,1797.6008469220842,-30.20380918858939,
6rpa,none,-53.79855792296063,DE,AC,C,A,AC_DE,A_C,-38.10175716844305,-38.10175716844305,2276.8520240791745,-44.685715818654614,-44.685715818654614,1656.3612640283343,-38.10175716863882,
6r2l,none,332.5164816959818,DE,AC,C,A,AC_DE,A_C,-47.23367741907492,-47.23367741907492,2563.533050648303,-49.7785551111444,-49.7785551111444,1727.6391221733998,-47.23367741934743,
6rpb,none,-444.5891968868662,DE,AC,C,A,AC_DE,A_C,-44.53667855797738,-44.53667855797738,1814.5709004357539,-47.43922838807437,-47.43922838807437,1732.06519182925,-44.5366785583214,
6tro,none,-83.35358824975506,DE,AC,C,A,AC_DE,A_C,-28.12968432100054,-28.12968432100054,1807.2880991312961,-32.33279877160753,-32.33279877160753,1650.772324155485,-28.129684321107717,
6tmo,none,-601.3336001803486,DE,AC,C,A,AC_DE,A_C,-64.89840011726801,-64.89840011726801,2360.280026718583,-52.661310962767374,-52.661310962767374,1748.8951225535507,-64.89840011754825,
6rsy,none,981.4805881920887,DE,AC,C,A,AC_DE,A_C,-4.6930612909084175,-4.6930612909084175,2329.2038498533875,-27.34374204504985,-27.34374204504985,1849.1460978713094,-4.693061290973674,
6uj9,none,594.2005288577946,,AC,C,A,,A_C,,,,-20.145523056634943,-20.145523056634943,1765.6177659494772,,
6u3n,none,134.54553605501664,DE,ABC,C,AB,ABC_DE,AB_C,-34.68551830985513,-34.68551830985513,2202.6132420076656,-117.33962942542794,-117.33962942542794,3899.6460532215638,-34.685518309722084,
6uk4,none,-6.6721064959846,DE,AC,C,A,AC_DE,A_C,-19.99644538195372,-19.99644538195372,1838.9196552785143,-55.74266668789524,-55.74266668789524,1927.1276803460778,-19.99644538184578,
6uk2,none,476.3697303565128,DE,AC,C,A,AC_DE,A_C,-15.3302430828914,-15.3302430828914,1924.067807886576,-38.91585641172435,-38.91585641172435,1937.8021373223316,-15.330243082862978,
6u3o,none,-9.917340269092442,DE,ABC,C,AB,ABC_DE,AB_C,-21.97152288201827,-21.97152288201827,1856.8635327016268,-128.2354982895452,-128.2354982895452,4131.920419710464,-21.971522882460768,
6uon,none,1468.2882353404736,DE,AC,C,A,AC_DE,A_C,6.756879581070962,6.756879581070962,1532.4739462404034,3.7982358105443836,3.7982358105443836,1575.258668271112,6.756879581284238,
6uln,none,-455.0803713356011,DE,AC,C,A,AC_DE,A_C,-23.55909457614024,-23.55909457614024,1724.6326257609335,-41.48486556984639,-41.48486556984639,1471.7938514257496,-23.559094576255063,
6uz1,none,-309.5565779958845,DE,AC,C,A,AC_DE,A_C,-10.757431978614989,-10.757431978614989,928.9977106925745,-51.482266682978306,-51.482266682978306,1772.3820182976378,-10.757431978777959,
6ulr,none,220.98692845866833,DE,AC,C,A,AC_DE,A_C,-15.407241046686153,-15.407241046686153,1966.5726566754527,-15.987688280666752,-15.987688280666752,1461.0681826107325,-15.407241046669157,
6v0y,none,-162.3577335465007,DE,ABC,C,AB,ABC_DE,AB_C,-12.828749821867575,-12.828749821867575,2028.9161200804274,-126.21005133001293,-126.21005133001293,3794.539571924757,-12.82874982161539,
6v13,none,-68.29858200671605,DE,ABC,C,AB,ABC_DE,AB_C,-30.139220316998546,-30.139220316998546,1744.627195241969,-145.53276769040352,-145.53276769040352,3921.18435479046,-30.13922031709511,
6v15,none,-114.74257338897506,DE,ABC,C,AB,ABC_DE,AB_C,-6.942787955487191,-6.942787955487191,1724.941277542875,-146.8116700134519,-146.8116700134519,3823.37496322692,-6.942787955164491,
6vm7,none,-431.84237949758574,DE,AC,C,A,AC_DE,A_C,-25.94608118994904,-25.94608118994904,1875.9027477352158,-41.06860358335226,-41.06860358335226,1673.9253733202506,-25.946081189892766,
6v18,none,64.0651299126341,DE,ABC,C,AB,ABC_DE,AB_C,-18.90768305186137,-18.90768305186137,2084.4385497589096,-134.32703268582898,-134.32703268582898,4006.5771948026318,-18.907683052199843,
6v19,none,132.42574127299517,DE,ABC,C,AB,ABC_DE,AB_C,-28.757837930682427,-28.757837930682427,2013.9660485868653,-118.45606747320416,-118.45606747320416,3883.165359002077,-28.75783793046827,
6v1a,none,-227.65652786494448,DE,ABC,C,AB,ABC_DE,AB_C,-18.25271004708381,-18.25271004708381,1950.6996473164172,-150.5051938535322,-150.5051938535322,3965.4950530927727,-18.25271004733665,
6vm8,none,-434.24944922760886,DE,AC,C,A,AC_DE,A_C,-28.10150773366621,-28.10150773366621,1868.2469812051347,-48.44345818585467,-48.44345818585467,1706.9066429986583,-28.1015077338879,
6vma,none,-397.75072981903156,DE,AC,C,A,AC_DE,A_C,-31.514784617776115,-31.514784617776115,1793.613599582299,-47.470883750139464,-47.470883750139464,1719.6750917123231,-31.514784617535327,
6vmc,none,-155.77442114902772,DE,AC,C,A,AC_DE,A_C,-28.345997826692923,-28.345997826692923,1821.9254386509774,-20.872674374905827,-20.872674374905827,1773.8619178769895,-28.345997827067805,
6vm9,none,55.105889000718314,DE,AC,C,A,AC_DE,A_C,-17.57058004223491,-17.57058004223491,1982.8328886608463,-33.96890996025222,-33.96890996025222,1806.4212832975486,-17.570580041997694,
6vmx,none,286.7839095803279,DE,AC,C,A,AC_DE,A_C,-21.95457002915822,-21.95457002915822,1783.8161511626251,-50.30299052736629,-50.30299052736629,2046.0039018699097,-21.954570029107458,
6vrm,none,650.1291058072935,DE,AC,C,A,AC_DE,A_C,-27.741477317739736,-27.741477317739736,1596.3137851328677,-27.039390139852742,-27.039390139852742,1817.3158224139695,-27.741477317322733,
6w51,none,936.2496712875007,,AC,C,A,,A_C,,,,-30.03784617320798,-30.03784617320798,1777.3295923339842,,
6vrn,none,193.92909890387386,DE,AC,C,A,AC_DE,A_C,-19.54329445850692,-19.54329445850692,1810.085978277527,-49.26306181819001,-49.26306181819001,1780.0190128419856,-19.543294458759107,
6vqo,none,987.9596879489411,DE,AC,C,A,AC_DE,A_C,-26.469579074787816,-26.469579074787816,1483.3257925420178,-1.7553806320886451,-1.7553806320886451,1781.8043450404357,-26.469579074693,
6w9v,none,-546.5487103950179,DE,A,,A,A_DE,,-48.36397704226272,-48.36397704226272,2351.589442839466,,,,-48.36397704209264,
6w9u,none,795.7041212126879,DE,AC,C,A,AC_DE,A_C,-39.381308998223176,-39.381308998223176,2316.9828062063193,1372.1787514757416,1372.1787514757416,581.6017990790358,-39.38130899820885,
6xc9,none,-479.3460762366847,DE,ABC,C,AB,ABC_DE,AB_C,-36.14543575902502,-36.14543575902502,2455.8647905894554,-142.9739557992809,-142.9739557992809,4387.30497783472,-36.14543575922994,
6xco,none,210.4444850637994,DE,ABC,C,AB,ABC_DE,AB_C,-35.03903436138367,-35.03903436138367,2104.8434500255985,-101.56910017208696,-101.56910017208696,4343.8225352252175,-35.0390343613808,
6xqp,none,52.989706267804046,DE,A,,A,A_DE,,-42.24222047782139,-42.24222047782139,2161.146871880744,,,,-42.2422204779295,
6xcp,none,332.40506259225964,DE,ABC,C,AB,ABC_DE,AB_C,-11.070231498174905,-11.070231498174905,2432.3220986084366,-97.140507772333,-97.140507772333,4232.169525586671,-11.07023149829405,
6xp6,none,-516.8393313033949,,ABC,C,AB,,AB_C,,,,-146.06148201073032,-146.06148201073032,4076.3033854295045,,
6zkw,none,-101.4190272013148,DE,AC,C,A,AC_DE,A_C,-32.096202071814915,-32.096202071814915,1654.7262318280473,-45.150289581622154,-45.150289581622154,1937.4665841988528,-32.09620207184963,
7bbg,none,-89.73872975708616,,AC,C,A,,A_C,,,,-47.31870627221463,-47.31870627221463,1881.6599063198823,,
6zky,none,-80.94317281608869,DE,AC,C,A,AC_DE,A_C,-26.10892819094964,-26.10892819094964,1657.5973915318048,-18.833023900005465,-18.833023900005465,1749.4413485532737,-26.108928191086434,
6zkz,none,-281.842904802182,DE,AC,C,A,AC_DE,A_C,-35.09207947395106,-35.09207947395106,1707.0916866844645,-16.64768616262964,-16.64768616262964,1706.597432711356,-35.09207947391448,
7bh8,none,-663.5890267330026,,AC,C,A,,A_C,,,,-49.66007347254285,-49.66007347254285,1827.023328199524,,
6zkx,none,-467.6832324981238,DE,AC,C,A,AC_DE,A_C,-45.72272292416676,-45.72272292416676,2040.4595027995706,-56.04748218666721,-56.04748218666721,2299.1224098205835,-45.72272292410901,
7byd,none,478.610300674146,DE,AC,C,A,AC_DE,A_C,-26.99335237016828,-26.99335237016828,1881.0647180168767,-14.037418812155408,-14.037418812155408,682.0470411780701,-26.993352370912532,
7dzm,none,-97.01643895794052,DE,AC,C,A,AC_DE,A_C,-38.34201053031424,-38.34201053031424,1479.9853021668703,-44.74405617324418,-44.74405617324418,1729.8639050064448,-38.34201053043265,
7dzn,none,246.67069560737048,DE,AC,C,A,AC_DE,A_C,-24.123471513332134,-24.123471513332134,1458.7825614784717,-18.40575446039186,-18.40575446039186,1754.098236063445,-24.123471513215463,
7jwi,none,267.0588728385754,DE,AC,C,A,AC_DE,A_C,-31.610535541350202,-31.610535541350202,1899.5725772559692,-41.88726998002059,-41.88726998002059,1774.624176853015,-31.61053554126471,
7jwj,none,296.0223028866358,DE,AC,C,A,AC_DE,A_C,-18.9424756508393,-18.9424756508393,1586.8438225370194,-31.52624629901851,-31.52624629901851,1787.107562879206,-18.94247565105968,
7l1d,none,-129.12319473533046,DE,AC,C,A,AC_DE,A_C,-26.093793029608463,-26.093793029608463,2043.9932360294983,-33.13045850084269,-33.13045850084269,1811.0509281573504,-26.093793029542994,
7lli,none,799.0879177471983,DE,A,,A,A_DE,,-15.709489960832798,-15.709489960832798,2012.0924570273971,,,,-15.709489961195345,
7llj,none,664.4667635447076,DE,A,,A,A_DE,,-6.343652978247519,-6.343652978247519,1884.2710817782622,,,,-6.343652977974671,
7n1f,none,205.5022001516848,DE,AC,C,A,AC_DE,A_C,-26.33823285876133,-26.33823285876133,1867.2734132773164,-33.26216181333572,-33.26216181333572,1776.3520295414323,-26.33823285834879,
7n1e,none,244.00813982014398,DE,AC,C,A,AC_DE,A_C,-36.46809476391613,-36.46809476391613,1710.5662105891456,-34.70348971762637,-34.70348971762637,1780.2561526667093,-36.46809476416604,
7n2n,none,-329.66525358442846,DE,AC,C,A,AC_DE,A_C,-32.21572658739058,-32.21572658739058,1944.7894892910115,-50.16922038947192,-50.16922038947192,1743.509796669748,-32.215726587405925,
7n2o,none,-337.8373231257696,DE,AC,C,A,AC_DE,A_C,-41.76837795344528,-41.76837795344528,1949.6972930914685,-61.15058530765833,-61.15058530765833,1830.3877644920085,-41.76837795370943,
7n2p,none,-233.20791890963883,DE,AC,C,A,AC_DE,A_C,-45.050777609677795,-45.050777609677795,1845.6566649763067,-33.28966608860074,-33.28966608860074,1634.2403948261785,-45.05077760974365,
7n2q,none,-164.53747479155487,DE,AC,C,A,AC_DE,A_C,-43.11461683064263,-43.11461683064263,1742.5561797945338,-51.99870241482069,-51.99870241482069,1790.719184335886,-43.1146168302006,
7n2r,none,-323.82751568626617,DE,AC,C,A,AC_DE,A_C,-40.03642947381127,-40.03642947381127,1739.9816407364078,-46.93210214332488,-46.93210214332488,1781.4163622262272,-40.036429473007104,
7n4k,none,-234.8964651174993,DE,AC,C,A,AC_DE,A_C,-27.570462812453343,-27.570462812453343,1696.6110000402762,-53.88391439791919,-53.88391439791919,1870.0024643948675,-27.5704628122364,
7n5c,none,-455.9568814007864,DE,AC,C,A,AC_DE,A_C,-37.14441577107516,-37.14441577107516,1641.6318874794313,43860503.551005594,43860503.551005594,1848.3321306073117,-37.14441577083869,
7n2s,none,-164.5894250186384,DE,AC,C,A,AC_DE,A_C,-26.87080101085951,-26.87080101085951,2141.469735127042,-34.596214018722975,-34.596214018722975,1790.025621519219,-26.870801011110757,
7n5p,none,334.5874873688987,DE,AC,C,A,AC_DE,A_C,-29.074110489051463,-29.074110489051463,1671.8304972826859,-45.84214809069226,-45.84214809069226,1867.4472092857206,-29.074110489022814,
7n6e,none,1052.5548677544555,DE,AC,C,A,AC_DE,A_C,-17.771354502522172,-17.771354502522172,2089.9983542687787,-37.876065984634124,-37.876065984634124,1791.316203295352,-17.77135450249625,
7na5,none,-122.54501377753223,DE,AC,C,A,AC_DE,A_C,-18.421611667633556,-18.421611667633556,1575.1955959504542,-53.60904820774573,-53.60904820774573,1849.5705231603001,-18.42161166733085,
7ndt,none,478.7347885845725,DE,AC,C,A,AC_DE,A_C,-4.89364832726659,-4.89364832726659,2004.2699378620714,-17.141266953862157,-17.141266953862157,1597.4012571261815,-4.8936483274840725,
7ndq,none,1420.272176385705,DE,AC,C,A,AC_DE,A_C,-29.911889132226406,-29.911889132226406,2126.0146506751594,-31.353327624668964,-31.353327624668964,1879.727027864978,-29.91188913278279,
7ndu,none,872.7814548126119,DE,AC,C,A,AC_DE,A_C,-31.17151033759876,-31.17151033759876,2035.5658090164889,15.392662659722362,15.392662659722362,1572.0588436766568,-31.17151033765697,
7nme,none,182.7211102820671,DE,AC,C,A,AC_DE,A_C,-42.50313385625816,-42.50313385625816,2305.1668883852226,-44.666800478413734,-44.666800478413734,1747.2793587882054,-42.503133856270495,
7nmf,none,713.8496620430745,DE,AC,C,A,AC_DE,A_C,-27.817955428803543,-27.817955428803543,2217.654528286447,-32.47229633681695,-32.47229633681695,1751.5517851707477,-27.81795542878615,
7ow5,none,500.20895160092505,DE,AC,C,A,AC_DE,A_C,-32.01958689651599,-32.01958689651599,1730.55016846833,-45.986931294052624,-45.986931294052624,1658.2457386853162,-32.019586896627516,
7ow6,none,433.53801558698524,DE,AC,C,A,AC_DE,A_C,-35.16007767016106,-35.16007767016106,1696.5766752316536,-49.7761178375857,-49.7761178375857,1716.7113597450398,-35.16007767016282,
7pb2,none,10.972719235006053,DE,AC,C,A,AC_DE,A_C,-31.293332065239067,-31.293332065239067,1722.516596332834,-46.05368515949654,-46.05368515949654,1748.4579912676058,-31.293332065569487,
7nmg,none,338.07608871585524,DE,AC,C,A,AC_DE,A_C,-43.76297564112264,-43.76297564112264,2258.0491266263048,-50.650772948591886,-50.650772948591886,1874.5253261325233,-43.762975640680736,
7pbc,none,-377.8963065936269,DE,AC,C,A,AC_DE,A_C,-44.936522148650454,-44.936522148650454,2077.9193106096527,-48.432417083680534,-48.432417083680534,1625.0788900867988,-44.93652214897696,
7pbe,none,920.1123478491448,DE,AC,C,A,AC_DE,A_C,-29.987590683963617,-29.987590683963617,2085.663096033165,-51.21951686669098,-51.21951686669098,1781.7145420326567,-29.987590683979192,
7pdw,none,-501.4242204882249,DE,AC,C,A,AC_DE,A_C,-42.673563764880726,-42.673563764880726,2021.8513220350728,-50.43305360612891,-50.43305360612891,1642.0619598781789,-42.6735637647912,
7q9a,none,-123.94350184801098,DE,AC,C,A,AC_DE,A_C,-48.042994865438516,-48.042994865438516,2065.593190384594,-58.54504153695339,-58.54504153695339,1907.5759125318014,-48.042994865290936,
7phr,none,-0.3663206722199348,DE,AC,C,A,AC_DE,A_C,-21.528699049539643,-21.528699049539643,2156.944103527903,-37.66336356987401,-37.66336356987401,1771.3265207362213,-21.528699049451745,
7q9b,none,891.6346823740132,DE,AC,C,A,AC_DE,A_C,-8.888874832248916,-8.888874832248916,2131.4205559300976,-15.005300153775465,-15.005300153775465,1680.9322419484772,-8.888874831920475,
7q99,none,372.4132218315731,DE,AC,C,A,AC_DE,A_C,-41.18282613538844,-41.18282613538844,2086.9101686903005,-40.03569577633476,-40.03569577633476,1798.1867578304877,-41.18282613568442,
7qpj,none,-476.63708018945147,DE,AC,C,A,AC_DE,A_C,-46.937439871377705,-46.937439871377705,2064.1833677139657,-53.64276983372366,-53.64276983372366,1607.509692190485,-46.937439871461095,
7re7,none,-547.5883138062352,,AC,C,A,,A_C,,,,-52.020399278909906,-52.020399278909906,1815.676880676158,,
7r80,none,666.1329226417561,DE,AC,C,A,AC_DE,A_C,-12.526440458646562,-12.526440458646562,2002.7542318834887,-38.60296298969163,-38.60296298969163,1838.5591323112035,-12.526440458179877,
7rk7,none,515.938269837726,DE,AC,C,A,AC_DE,A_C,-38.752976452963026,-38.752976452963026,1777.8501736292312,-18.877540174387036,-18.877540174387036,1756.0316807807287,-38.75297645257467,
7rm4,none,1585.0633046164946,DE,AC,C,A,AC_DE,A_C,-4.30935762246304,-4.30935762246304,1501.1542532809508,6.125317864905355,6.125317864905355,1860.0992800505976,-4.309357622277048,
7rdv,none,33.158739928265476,DE,ABC,C,AB,ABC_DE,AB_C,-9.624082123980429,-9.624082123980429,2363.7316519034775,-79.65540291093781,-79.65540291093781,3910.859886749854,-9.62408212396437,
7rym,none,2767.8647168084062,DE,A,,A,A_DE,,-9.50154095125481,-9.50154095125481,1162.3045363967653,,,,-9.501540951088373,
7rrg,none,-25.168109764134734,DE,AC,C,A,AC_DE,A_C,-44.68458933013239,-44.68458933013239,1956.3366341643189,-46.05261880238538,-46.05261880238538,1798.2250930178807,-44.68458933018098,
7ryn,none,575.367788278388,DE,A,,A,A_DE,,-13.924850108122882,-13.924850108122882,1025.0125547192144,,,,-13.924850108235319,
7ryo,none,440.1854406027511,DE,A,,A,A_DE,,-11.526827852901192,-11.526827852901192,1074.7457970820005,,,,-11.526827852908468,
7rtr,none,185.5797992512827,DE,AC,C,A,AC_DE,A_C,-33.892423124445884,-33.892423124445884,1873.5072561872867,-44.25415344205999,-44.25415344205999,1798.238838455367,-33.89242312461107,
7stf,none,2802.0272501590525,,AC,C,A,,A_C,,,,-22.615293728872757,-22.615293728872757,1520.9510265371132,,
7sg0,none,-27.547146732734348,DE,ABC,C,AB,ABC_DE,AB_C,-23.063270143374872,-23.063270143374872,2024.2295231878784,-129.04244974382777,-129.04244974382777,3974.377630946628,-23.063270143315513,
7sg2,none,268.0426244653064,DE,ABC,C,AB,ABC_DE,AB_C,-28.85925673358605,-28.85925673358605,2388.086620118376,-78.04570276298595,-78.04570276298595,3990.059228107344,-28.859256733439793,
7su9,none,-502.240451707624,DE,AC,C,A,AC_DE,A_C,-35.958321131614525,-35.958321131614525,1808.655421095385,-32.78520519181288,-32.78520519181288,1565.6420747470393,-35.95832113179421,
7sg1,none,185.9603584442039,DE,ABC,C,AB,ABC_DE,AB_C,-41.03260948063584,-41.03260948063584,2372.552933794003,-117.3871285795068,-117.3871285795068,4237.985187607861,-41.0326094810618,
7t2b,none,-207.29853344596853,DE,ABC,C,AB,ABC_DE,AB_C,-25.1559066026916,-25.1559066026916,1945.7622039467522,-124.00704093617094,-124.00704093617094,4403.436047698446,-25.155906602827116,
7tr4,none,-482.8615197373639,,AC,C,A,,A_C,,,,-49.53538214327996,-49.53538214327996,1726.8447336251,,
7t2d,none,306.2279594905991,DE,ABC,C,AB,ABC_DE,AB_C,-5.530379657328581,-5.530379657328581,1861.2028478581242,-117.77103665665958,-117.77103665665958,4452.907079551433,-5.530379657739161,
7t2c,none,12.578030586542042,DE,ABC,C,AB,ABC_DE,AB_C,-22.888212594055187,-22.888212594055187,2283.872188237791,-89.95129126994291,-89.95129126994291,4323.680109206968,-22.888212594285648,
7zt3,none,-293.22846599161494,DE,A,,A,A_DE,,-39.10625416887365,-39.10625416887365,2343.840064605329,,,,-39.10625416925507,
7zt4,none,-251.88526294456742,DE,A,,A,A_DE,,-43.30840416266443,-43.30840416266443,2247.0757374127884,,,,-43.308404162390474,
7zt2,none,285.76286235874676,DE,A,,A,A_DE,,-40.12385323147083,-40.12385323147083,2318.1336530440276,,,,-40.12385323159339,
7zt5,none,-173.6546295043682,DE,A,,A,A_DE,,-37.35985298004152,-37.35985298004152,2282.678941534788,,,,-37.35985298021282,
7zt7,none,-456.6501580583498,DE,A,,A,A_DE,,-41.452893921992484,-41.452893921992484,2166.304242250197,,,,-41.45289392225186,
7zt8,none,-69.05355298918558,DE,A,,A,A_DE,,-41.91020076158601,-41.91020076158601,2270.3745875047566,,,,-41.910200761794414,
7zt9,none,-187.12550935585557,DE,A,,A,A_DE,,-37.59790705606113,-37.59790705606113,2316.9075088238797,,,,-37.59790705538194,
8cx4,none,-289.4740786384524,DE,AC,C,A,AC_DE,A_C,-38.19199002644365,-38.19199002644365,1703.5467678332855,-58.69810624554377,-58.69810624554377,1826.9404987517337,-38.19199002679585,
7z50,none,106.74491355124727,DE,ABC,C,AB,ABC_DE,AB_C,-42.723560699231456,-42.723560699231456,2052.483122558672,-132.60651295514162,-132.60651295514162,4121.36637493856,-42.72356069946696,
8dnt,none,1349.4598025707198,DE,AC,C,A,AC_DE,A_C,24.794578538936776,24.794578538936776,2116.1423780511973,-34.607532514156105,-34.607532514156105,1939.368558690468,24.794578539091162,
8dv4,none,-77.25190152278192,DE,A,,A,A_DE,,-24.67392994697149,-24.67392994697149,1266.8068933047964,,,,-24.673929947390796,
8d5q,none,197.55535612481236,DE,AC,C,A,AC_DE,A_C,-41.96304887916975,-41.96304887916975,1707.1042608120974,-43.99185285456598,-43.99185285456598,1916.7700665637212,-41.96304887949452,
8ek5,none,-532.6103348028053,,AC,C,A,,A_C,,,,-59.85518096285037,-59.85518096285037,1818.8586934727323,,
8en8,none,-38.4649224578914,DE,AC,C,A,AC_DE,A_C,-34.82897782830057,-34.82897782830057,1903.6415215187856,-33.444005183196275,-33.444005183196275,1831.0750130952927,-34.828977828388965,
8es8,none,-56.75055624169436,DE,AC,C,A,AC_DE,A_C,-16.065781689236154,-16.065781689236154,1519.2063178466303,-34.202943325069796,-34.202943325069796,1745.2912813868247,-16.065781689094187,
8eo8,none,-249.64953170789212,DE,AC,C,A,AC_DE,A_C,-44.558094674069196,-44.558094674069196,1977.5052129414928,-44.83576226393674,-44.83576226393674,1809.9756501977442,-44.55809467386322,
8f5a,none,-249.60458334406255,,AC,C,A,,A_C,,,,-6.645491164256612,-6.645491164256612,547.803854937035,,
8fja,none,62.344004867209335,,AC,C,A,,A_C,,,,-33.4868614185629,-33.4868614185629,1658.4702578402935,,
8enh,none,-282.914618160387,DE,AC,C,A,AC_DE,A_C,-39.19772548451974,-39.19772548451974,2050.4810825232757,-53.93946367052669,-53.93946367052669,1832.8235615101296,-39.19772548480418,
8es9,none,305.40741528210003,DE,AC,C,A,AC_DE,A_C,-24.11035005711068,-24.11035005711068,1821.838784992871,-21.528099771753375,-21.528099771753375,1673.4889246519688,-24.110350057059634,
8fjb,none,-85.04599476712687,,AC,C,A,,A_C,,,,-41.80530712951206,-41.80530712951206,1862.8360183738762,,
8gon,none,278.7126200141907,DE,AC,C,A,AC_DE,A_C,-30.478988693165604,-30.478988693165604,2154.928418896265,-37.27316646019652,-37.27316646019652,1846.961240414531,-30.478988693320787,
8gvg,none,702.6938470258331,DE,AC,C,A,AC_DE,A_C,-8.13375733201417,-8.13375733201417,2122.8603908097093,-11.324737386892593,-11.324737386892593,1903.9727694967762,-8.133757332144114,
8gvb,none,677.310699546688,DE,AC,C,A,AC_DE,A_C,47.35818876977669,47.35818876977669,2067.7575150123503,-4.33978709655517,-4.33978709655517,1875.893865948578,47.35818877011434,
8gom,none,218.77089952191955,DE,AC,C,A,AC_DE,A_C,-31.31570102774333,-31.31570102774333,2193.755424558133,-30.7073032899986,-30.7073032899986,1815.0547522465204,-31.31570102794538,
8i5c,none,-164.23302471544582,DE,AC,C,A,AC_DE,A_C,-12.047873701710188,-12.047873701710188,2109.620167963702,-30.309707573644637,-30.309707573644637,1604.9521177326883,-12.047873701667072,
8i5d,none,11.383528038201248,DE,AC,C,A,AC_DE,A_C,-21.871073541436395,-21.871073541436395,1977.6463674143756,-8.564056974272503,-8.564056974272503,1578.8800790856412,-21.87107354153521,
8gvi,none,1042.5507437940432,DE,AC,C,A,AC_DE,A_C,3.373835306417277,3.373835306417277,2099.535678816736,-26.318256908989497,-26.318256908989497,1886.3584722925912,3.373835306397268,
8rlt,none,-139.6438924965513,DE,AC,C,A,AC_DE,A_C,-44.26425006017803,-44.26425006017803,1985.4601676904595,-45.1442839273778,-45.1442839273778,1783.369346874114,-44.26425006016365,
8rj5,none,814.5226361544856,DE,AC,C,A,AC_DE,A_C,-13.737048267128444,-13.737048267128444,1589.1559881879475,-0.5694414400828123,-0.5694414400828123,2000.914585038716,-13.73704826684434,
8pjg,none,-203.17985221809644,DE,ABC,C,AB,ABC_DE,AB_C,-40.31371818483305,-40.31371818483305,2088.0585798240745,-129.46545795692433,-129.46545795692433,4163.422868035146,-40.313718184919566,
8qfy,none,122.70518180730649,DE,AC,C,A,AC_DE,A_C,-24.98353607845229,-24.98353607845229,1961.766275897085,-33.93630464544228,-33.93630464544228,1936.9303104543758,-24.983536078669133,
8rlu,none,-113.2362175762789,DE,AC,C,A,AC_DE,A_C,-39.725077192757,-39.725077192757,1973.7527860777798,-57.33379259260879,-57.33379259260879,1860.688115355126,-39.72507719311112,
8rlv,none,-1.311941160059149,DE,AC,C,A,AC_DE,A_C,-39.121328215557746,-39.121328215557746,2066.5094804848723,-50.098243790782234,-50.098243790782234,1788.333396818599,-39.121328215538426,
8rym,none,-454.5739198530027,DE,AC,C,A,AC_DE,A_C,-23.746645695440634,-23.746645695440634,1388.0386111871194,-46.446515381951514,-46.446515381951514,1958.0081398674638,-23.74664569555108,
8ryo,none,-519.0362379941345,DE,AC,C,A,AC_DE,A_C,-28.334701720644887,-28.334701720644887,1746.6505981074104,-47.950969313416124,-47.950969313416124,1877.525849640438,-28.334701720948374,
8ryn,none,-567.1235723861408,DE,AC,C,A,AC_DE,A_C,-26.213710512919647,-26.213710512919647,1483.3562233271537,-53.93662592968437,-53.93662592968437,1864.0412419140575,-26.213710512696593,
8ryp,none,-644.7985434244509,DE,AC,C,A,AC_DE,A_C,-32.23124623015576,-32.23124623015576,1694.8823949210255,-53.266433362675855,-53.266433362675855,1906.1798973548107,-32.23124622996181,
8ryq,none,-225.5548913037006,DE,AC,C,A,AC_DE,A_C,-31.167150517778083,-31.167150517778083,1886.5898719233298,-46.49560389113908,-46.49560389113908,1906.7174897925001,-31.16715051763927,
8v4z,none,-223.8352843910073,DE,AC,C,A,AC_DE,A_C,-42.6660641778609,-42.6660641778609,2034.8187227694264,-55.67443296001076,-55.67443296001076,1882.779779381132,-42.666064177986414,
8shi,none,1519.4245806583763,DE,AC,C,A,AC_DE,A_C,-12.019862428517627,-12.019862428517627,1936.6932714708978,-23.954835567495252,-23.954835567495252,1907.727585522309,-12.019862428490796,
8trl,none,-277.01102038428775,DE,ABC,C,AB,ABC_DE,AB_C,-34.66957442874434,-34.66957442874434,2038.8770709444286,-151.65548632646937,-151.65548632646937,3934.009662452646,-34.66957442914776,
8trr,none,-145.07223222541631,DE,ABC,C,AB,ABC_DE,AB_C,-49.15206925583331,-49.15206925583331,2073.820563880231,-116.20449199383827,-116.20449199383827,4060.1809180997357,-49.152069255736265,
8v50,none,39.87831025294685,DE,AC,C,A,AC_DE,A_C,-35.21724372667373,-35.21724372667373,1934.3698736566057,-52.48631191030495,-52.48631191030495,1861.7529368532587,-35.21724372676398,
8v51,none,-384.6050620582556,DE,AC,C,A,AC_DE,A_C,-43.8098286081389,-43.8098286081389,2075.297042614248,-63.943136493501456,-63.943136493501456,1857.2520817782156,-43.80982860788282,
8wte,none,-524.3490590505542,DE,AC,C,A,AC_DE,A_C,-31.40235067591317,-31.40235067591317,1923.1408518853139,-58.658561287439426,-58.658561287439426,1597.5959970856097,-31.402350675591435,
8vcx,none,-253.434160400144,DE,ABC,C,AB,ABC_DE,AB_C,-15.240801106007524,-15.240801106007524,2272.9048339849774,-138.46894406626424,-138.46894406626424,4269.64988949683,-15.240801105721204,
8vd2,none,-38.55961912074321,DE,ABC,C,AB,ABC_DE,AB_C,-36.86950119433313,-36.86950119433313,2414.4319850833044,-115.32067064893795,-115.32067064893795,4180.751365635062,-36.86950119439614,
8wul,none,-452.3224800919451,DE,AC,C,A,AC_DE,A_C,-41.799312009693494,-41.799312009693494,1804.5114044036764,-50.00570059687547,-50.00570059687547,1578.0742566914864,-41.799312009824405,
8vcy,none,-324.8177757441919,DE,ABC,C,AB,ABC_DE,AB_C,-30.524383315007697,-30.524383315007697,2250.045209574056,-133.75649243921623,-133.75649243921623,4260.902570781494,-30.524383315200964,
8ye4,none,336.02881451796674,DE,AC,C,A,AC_DE,A_C,-9.734052164925686,-9.734052164925686,1614.5451299193126,-47.45647161810906,-47.45647161810906,1992.5954072244244,-9.734052165048979,
8yiv,none,-175.51194339032432,DE,AC,C,A,AC_DE,A_C,-52.405750410254385,-52.405750410254385,2279.3017759742916,-54.202990120716606,-54.202990120716606,2006.047699210077,-52.40575041038616,
9btx,none,-712.5332596226303,DE,AC,C,A,AC_DE,A_C,-29.76217191441401,-29.76217191441401,2327.0051306038386,0.0,0.0,0.0,-29.762171914235296,
8yj2,none,-176.87063743228185,DE,AC,C,A,AC_DE,A_C,-50.72267787245248,-50.72267787245248,2192.3541501223303,-59.24211094545153,-59.24211094545153,2041.223685516282,-50.72267787231661,
9bty,none,349.40691795609484,DE,AC,C,A,AC_DE,A_C,-28.375986826195174,-28.375986826195174,2364.1169818172248,0.0,0.0,0.0,-28.37598682592477,
9btz,none,641.9571896579082,DE,AC,C,A,AC_DE,A_C,-16.596657770329898,-16.596657770329898,2336.3358702245114,0.0,0.0,0.0,-16.596657770324327,
9bu0,none,949.9056520819029,DE,AC,C,A,AC_DE,A_C,-15.323436445211428,-15.323436445211428,2399.8458031032546,0.0,0.0,0.0,-15.323436445142761,
9c42,none,-101.74473270101335,DE,A,,A,A_DE,,-18.825120085960364,-18.825120085960364,2308.0770736510544,,,,-18.825120086194445,
9c3e,none,980.4559648120107,DE,AC,C,A,AC_DE,A_C,0.050075355719172876,0.050075355719172876,1972.1074137713022,-6.199200485722486,-6.199200485722486,1692.7552807129214,0.050075355652666076,
9bys,none,-72.10353232334032,DE,A,,A,A_DE,,-23.157186583942398,-23.157186583942398,2057.9439475074078,,,,-23.157186583696927,
9cgr,none,-489.00144904727443,DE,AC,C,A,AC_DE,A_C,-32.53573041364825,-32.53573041364825,2239.933229552116,0.0,0.0,0.0,-32.53573041381463,
9c9d,none,-43.50269905416122,DE,A,,A,A_DE,,-24.351563490433467,-24.351563490433467,2319.1296852985743,,,,-24.35156349044918,
9cgs,none,-527.1522550312577,DE,AC,C,A,AC_DE,A_C,-31.30103969256396,-31.30103969256396,2282.9053534023756,0.0,0.0,0.0,-31.301039692727272,
9gv7,none,-573.208634968403,DE,AC,C,A,AC_DE,A_C,-43.01541787101405,-43.01541787101405,2109.8555004030227,-48.08978393718402,-48.08978393718402,1685.6603776772242,-43.015417871232444,
9d95,none,-286.8139884835536,DE,AC,C,A,AC_DE,A_C,-40.52191195368988,-40.52191195368988,2431.686604835238,-49.8843906130802,-49.8843906130802,1911.6911041412857,-40.52191195347376,
9gv6,none,704.1754066280582,DE,AC,C,A,AC_DE,A_C,-35.155200133988615,-35.155200133988615,1726.5416358686896,-47.28946343671646,-47.28946343671646,1809.9669623365787,-35.15520013409366,
9eji,none,-23.08593210210895,DE,ABC,C,AB,ABC_DE,AB_C,-36.362613886335254,-36.362613886335254,1369.4348829514695,-141.0485806403954,-141.0485806403954,4003.8237013185335,-36.362613886452486,
9j4t,none,-241.14835154126234,DE,AC,C,A,AC_DE,A_C,-33.98602619810552,-33.98602619810552,1330.929258339555,-35.38003619817528,-35.38003619817528,1883.1708960309757,-33.986026198567174,
9j4u,none,-24.692553199941923,DE,AC,C,A,AC_DE,A_C,-17.78763522727813,-17.78763522727813,1745.6300847012217,-50.20842209560014,-50.20842209560014,1909.5326438198158,-17.78763522712517,
9iky,none,520.8837974941912,DE,AC,C,A,AC_DE,A_C,-21.407887690218786,-21.407887690218786,1978.4115585435438,-17.439293988636564,-17.439293988636564,1598.4798240618006,-21.40788769024732,
9hlj,none,9.518801667479167,DE,AC,C,A,AC_DE,A_C,-34.16004166617786,-34.16004166617786,2085.660047524738,-42.05050967886825,-42.05050967886825,1816.4738600687697,-34.160041666341584,
9k2i,none,1139.7664938149373,DE,AC,C,A,AC_DE,A_C,13.468405412761513,13.468405412761513,1934.595905430267,-20.62708317818084,-20.62708317818084,1609.52349962355,13.468405412660559,
9k2r,none,-134.235195934584,DE,AC,C,A,AC_DE,A_C,-32.24308593467842,-32.24308593467842,1723.2289078641772,-35.034736005677615,-35.034736005677615,1929.0286153971604,-32.24308593454113,
9rup,none,1790.549790612813,DE,AC,C,A,AC_DE,A_C,5.67086947669759,5.67086947669759,1658.1895623544583,23.933096817597857,23.933096817597857,1841.6133809320045,5.670869476900862,
9ru5,none,1755.3646578753908,DE,AC,C,A,AC_DE,A_C,-3.544245183254361,-3.544245183254361,1996.0147244256102,372.06945465955994,372.06945465955994,1867.2094488994856,-3.5442451830324444,
9nig,none,303.8752285754935,DE,ABC,C,AB,ABC_DE,AB_C,-31.676079194854196,-31.676079194854196,1877.7161137999624,-116.79367343484512,-116.79367343484512,3879.422248318061,-31.67607919516314,
9rxm,none,1238.0701992924687,DE,AC,C,A,AC_DE,A_C,1.0714070524486488,1.0714070524486488,1880.7576874518854,-8.894692756264817,-8.894692756264817,1859.4152506101564,1.0714070522215025,
