BA,BC1,AC1,BC2,AC2,dc,alpha_cdr3_bend_deg,alpha_cdr3_apex_height_A,alpha_cdr3_apex_resi,beta_cdr3_bend_deg,beta_cdr3_apex_height_A,beta_cdr3_apex_resi,alpha_germline,beta_germline,tcr_name,state,pdb_path,alpha_v_gene,alpha_v_score,alpha_j_gene,alpha_j_score,beta_v_gene,beta_v_score,beta_j_gene,beta_j_score,alpha_vj,beta_vj,germline_vj_pair
-62.92829241867478,106.98147149975472,-108.04723320673477,-159.82632182440304,148.08950478765453,26.81791296141771,318.5965700042833,15.60390892270663,110,344.2523141463508,18.66449763475887,110,"{'v_gene': [('human', 'TRAV12-2*01'), 0.9565217391304348], 'j_gene': [('human', 'TRAJ24*02'), 1.0]}","{'v_gene': [('human', 'TRBV6-5*01'), 0.9578947368421052], 'j_gene': [('human', 'TRBJ2-7*01'), 1.0]}",1ao7,bound,/mnt/larry/lilian/DATA/TCR3d_datasets/expanded_benchmark_bound_tcr_imgt/1ao7.pdb,TRAV12-2*01,0.9565217391304348,TRAJ24*02,1.0,TRBV6-5*01,0.9578947368421052,TRBJ2-7*01,1.0,TRAV12-2*01-TRAJ24*02,TRBV6-5*01-TRBJ2-7*01,TRAV12-2*01-TRAJ24*02|TRBV6-5*01-TRBJ2-7*01
-72.43172705662364,105.7165354925435,-102.0166528770515,-158.75733094497542,148.98695649450056,26.493672341208725,333.6998655981888,17.09240343493073,111,326.9060345811075,14.44367573286713,113,"{'v_gene': [('human', 'TRAV26-2*01'), 0.9347826086956522], 'j_gene': [('human', 'TRAJ52*01'), 1.0]}","{'v_gene': [('human', 'TRBV7-8*01'), 0.9791666666666666], 'j_gene': [('human', 'TRBJ2-7*01'), 1.0]}",1mi5,bound,/mnt/larry/lilian/DATA/TCR3d_datasets/expanded_benchmark_bound_tcr_imgt/1mi5.pdb,TRAV26-2*01,0.9347826086956522,TRAJ52*01,1.0,TRBV7-8*01,0.9791666666666666,TRBJ2-7*01,1.0,TRAV26-2*01-TRAJ52*01,TRBV7-8*01-TRBJ2-7*01,TRAV26-2*01-TRAJ52*01|TRBV7-8*01-TRBJ2-7*01
-66.58179572337404,104.59303468087528,-109.46412823237114,-160.35256022225013,150.27371381565715,26.03045730716716,347.1078331027966,13.476755375828713,109,341.41997754930213,14.200014799803286,109,"{'v_gene': [('mouse', 'TRAV9-4*01'), 0.9893617021276596], 'j_gene': [('mouse', 'TRAJ35*02'), 1.0]}","{'v_gene': [('mouse', 'TRBV13-2*01'), 0.9894736842105263], 'j_gene': [('mouse', 'TRBJ2-4*01'), 1.0]}",1mwa,bound,/mnt/larry/lilian/DATA/TCR3d_datasets/expanded_benchmark_bound_tcr_imgt/1mwa.pdb,TRAV9-4*01,0.9893617021276596,TRAJ35*02,1.0,TRBV13-2*01,0.9894736842105263,TRBJ2-4*01,1.0,TRAV9-4*01-TRAJ35*02,TRBV13-2*01-TRBJ2-4*01,TRAV9-4*01-TRAJ35*02|TRBV13-2*01-TRBJ2-4*01
-57.797110190012965,107.1798944789215,-104.98145757832005,-157.2789974946498,151.15509090537452,26.06673568211063,349.19697642156007,10.543154561376683,113,351.95265970729406,14.384107482171038,109,"{'v_gene': [('human', 'TRAV27*01'), 0.978021978021978], 'j_gene': [('human', 'TRAJ42*01'), 1.0]}","{'v_gene': [('human', 'TRBV19*01'), 0.968421052631579], 'j_gene': [('human', 'TRBJ2-7*01'), 1.0]}",1oga,bound,/mnt/larry/lilian/DATA/TCR3d_datasets/expanded_benchmark_bound_tcr_imgt/1oga.pdb,TRAV27*01,0.978021978021978,TRAJ42*01,1.0,TRBV19*01,0.968421052631579,TRBJ2-7*01,1.0,TRAV27*01-TRAJ42*01,TRBV19*01-TRBJ2-7*01,TRAV27*01-TRAJ42*01|TRBV19*01-TRBJ2-7*01
-59.41332959820237,107.26343064100259,-109.16689543712994,-159.97944675688393,143.9291655453178,26.532370839869976,342.74126405441876,15.64225976467848,112,350.95957054358644,15.855218579802004,112,"{'v_gene': [('human', 'TRAV21*01'), 0.989247311827957], 'j_gene': [('human', 'TRAJ6*01'), 1.0]}","{'v_gene': [('human', 'TRBV6-5*01'), 0.9789473684210527], 'j_gene': [('human', 'TRBJ2-2*01'), 1.0]}",2bnr,bound,/mnt/larry/lilian/DATA/TCR3d_datasets/expanded_benchmark_bound_tcr_imgt/2bnr.pdb,TRAV21*01,0.989247311827957,TRAJ6*01,1.0,TRBV6-5*01,0.9789473684210527,TRBJ2-2*01,1.0,TRAV21*01-TRAJ6*01,TRBV6-5*01-TRBJ2-2*01,TRAV21*01-TRAJ6*01|TRBV6-5*01-TRBJ2-2*01
-68.33413626389152,103.62246392812956,-109.79813973155312,-160.01950588251606,149.6157620836579,25.95297964003054,333.43641781426516,13.017037715813712,113,340.64631441099084,14.092431791976749,109,"{'v_gene': [('mouse', 'TRAV9-4*01'), 0.9893617021276596], 'j_gene': [('mouse', 'TRAJ35*02'), 1.0]}","{'v_gene': [('mouse', 'TRBV13-2*01'), 0.9894736842105263], 'j_gene': [('mouse', 'TRBJ2-4*01'), 1.0]}",2ckb,bound,/mnt/larry/lilian/DATA/TCR3d_datasets/expanded_benchmark_bound_tcr_imgt/2ckb.pdb,TRAV9-4*01,0.9893617021276596,TRAJ35*02,1.0,TRBV13-2*01,0.9894736842105263,TRBJ2-4*01,1.0,TRAV9-4*01-TRAJ35*02,TRBV13-2*01-TRBJ2-4*01,TRAV9-4*01-TRAJ35*02|TRBV13-2*01-TRBJ2-4*01
-55.890164054758074,108.90711647506166,-108.7023295538027,-157.85635304735288,146.1002026814517,26.042155211186945,348.65380557646324,15.923619114279374,110,347.8893799028281,14.948777086052262,109,"{'v_gene': [('human', 'TRAV22*01'), 0.9666666666666667], 'j_gene': [('human', 'TRAJ54*01'), 1.0]}","{'v_gene': [('human', 'TRBV6-6*01'), 0.9789473684210527], 'j_gene': [('human', 'TRBJ1-3*01'), 0.9230769230769231]}",2iam,bound,/mnt/larry/lilian/DATA/TCR3d_datasets/expanded_benchmark_bound_tcr_imgt/2iam.pdb,TRAV22*01,0.9666666666666667,TRAJ54*01,1.0,TRBV6-6*01,0.9789473684210527,TRBJ1-3*01,0.9230769230769231,TRAV22*01-TRAJ54*01,TRBV6-6*01-TRBJ1-3*01,TRAV22*01-TRAJ54*01|TRBV6-6*01-TRBJ1-3*01
-56.04904187735899,108.60731018489012,-109.12914186871616,-157.6001519082492,147.02599856050546,25.750117016143278,350.3237774750353,15.901220708482626,110,355.96171326126444,14.976691510243127,109,"{'v_gene': [('human', 'TRAV22*01'), 0.9666666666666667], 'j_gene': [('human', 'TRAJ54*01'), 1.0]}","{'v_gene': [('human', 'TRBV6-6*01'), 0.968421052631579], 'j_gene': [('human', 'TRBJ1-3*01'), 0.9230769230769231]}",2ian,bound,/mnt/larry/lilian/DATA/TCR3d_datasets/expanded_benchmark_bound_tcr_imgt/2ian.pdb,TRAV22*01,0.9666666666666667,TRAJ54*01,1.0,TRBV6-6*01,0.968421052631579,TRBJ1-3*01,0.9230769230769231,TRAV22*01-TRAJ54*01,TRBV6-6*01-TRBJ1-3*01,TRAV22*01-TRAJ54*01|TRBV6-6*01-TRBJ1-3*01
-68.64614485985383,104.0903598600909,-108.10313821213211,-158.4220386031594,151.19223646631633,26.26427125003925,349.73310690383516,14.163979584710154,109,324.3855925267063,15.622203139641352,112,"{'v_gene': [('human', 'TRAV1-2*01'), 0.967032967032967], 'j_gene': [('human', 'TRAJ6*01'), 1.0]}","{'v_gene': [('human', 'TRBV10-3*01'), 0.968421052631579], 'j_gene': [('human', 'TRBJ1-5*01'), 1.0]}",2nx5,bound,/mnt/larry/lilian/DATA/TCR3d_datasets/expanded_benchmark_bound_tcr_imgt/2nx5.pdb,TRAV1-2*01,0.967032967032967,TRAJ6*01,1.0,TRBV10-3*01,0.968421052631579,TRBJ1-5*01,1.0,TRAV1-2*01-TRAJ6*01,TRBV10-3*01-TRBJ1-5*01,TRAV1-2*01-TRAJ6*01|TRBV10-3*01-TRBJ1-5*01
-67.04174425687233,104.25796724632136,-106.88414633286034,-161.29191874892246,149.95133205623327,26.007495896803015,313.44125972738345,13.115797084314265,113,333.154873100485,13.611981434121816,109,"{'v_gene': [('mouse', 'TRAV9-4*01'), 0.9680851063829787], 'j_gene': [('mouse', 'TRAJ35*02'), 0.9285714285714286]}","{'v_gene': [('mouse', 'TRBV13-2*01'), 0.9368421052631579], 'j_gene': [('mouse', 'TRBJ2-4*01'), 1.0]}",2oi9,bound,/mnt/larry/lilian/DATA/TCR3d_datasets/expanded_benchmark_bound_tcr_imgt/2oi9.pdb,TRAV9-4*01,0.9680851063829787,TRAJ35*02,0.9285714285714286,TRBV13-2*01,0.9368421052631579,TRBJ2-4*01,1.0,TRAV9-4*01-TRAJ35*02,TRBV13-2*01-TRBJ2-4*01,TRAV9-4*01-TRAJ35*02|TRBV13-2*01-TRBJ2-4*01
-73.15672950393932,103.9517896532741,-108.63657300025798,-160.03124759844383,151.3987230470284,25.386708156824085,319.38140141785686,16.379234939892594,112,320.35331773248663,17.337360667538757,112,"{'v_gene': [('mouse', 'TRAV6D-7*01'), 0.978494623655914], 'j_gene': [('mouse', 'TRAJ48*01'), 0.7857142857142857]}","{'v_gene': [('mouse', 'TRBV13-2*01'), 0.9368421052631579], 'j_gene': [('mouse', 'TRBJ2-3*01'), 0.9230769230769231]}",2pxy,bound,/mnt/larry/lilian/DATA/TCR3d_datasets/expanded_benchmark_bound_tcr_imgt/2pxy.pdb,TRAV6D-7*01,0.978494623655914,TRAJ48*01,0.7857142857142857,TRBV13-2*01,0.9368421052631579,TRBJ2-3*01,0.9230769230769231,TRAV6D-7*01-TRAJ48*01,TRBV13-2*01-TRBJ2-3*01,TRAV6D-7*01-TRAJ48*01|TRBV13-2*01-TRBJ2-3*01
-57.63451029722642,107.43617688343163,-108.99689337226839,-158.97541417220228,143.6116136365559,26.991179326289085,6.3795263320469076,17.285827262579225,110,345.74345098610655,17.11333880181634,110,"{'v_gene': [('human', 'TRAV21*01'), 0.989247311827957], 'j_gene': [('human', 'TRAJ6*01'), 1.0]}","{'v_gene': [('human', 'TRBV6-5*01'), 0.9578947368421052], 'j_gene': [('human', 'TRBJ2-2*01'), 1.0]}",2pye,bound,/mnt/larry/lilian/DATA/TCR3d_datasets/expanded_benchmark_bound_tcr_imgt/2pye.pdb,TRAV21*01,0.989247311827957,TRAJ6*01,1.0,TRBV6-5*01,0.9578947368421052,TRBJ2-2*01,1.0,TRAV21*01-TRAJ6*01,TRBV6-5*01-TRBJ2-2*01,TRAV21*01-TRAJ6*01|TRBV6-5*01-TRBJ2-2*01
-73.14265274345087,106.27575147714886,-103.30076332404822,-155.69482567525387,148.1469249920325,27.276669189428326,310.5494518781435,15.426499879870887,113,358.3022326474146,16.868532801681084,110,"{'v_gene': [('human', 'TRAV26-1*02'), 0.9456521739130435], 'j_gene': [('human', 'TRAJ13*02'), 1.0]}","{'v_gene': [('human', 'TRBV7-9*01'), 0.96875], 'j_gene': [('human', 'TRBJ2-1*01'), 1.0]}",3dxa,bound,/mnt/larry/lilian/DATA/TCR3d_datasets/expanded_benchmark_bound_tcr_imgt/3dxa.pdb,TRAV26-1*02,0.9456521739130435,TRAJ13*02,1.0,TRBV7-9*01,0.96875,TRBJ2-1*01,1.0,TRAV26-1*02-TRAJ13*02,TRBV7-9*01-TRBJ2-1*01,TRAV26-1*02-TRAJ13*02|TRBV7-9*01-TRBJ2-1*01
-62.48696644924062,106.02397964204724,-107.8468046791885,-161.5195209949488,148.49586084415867,26.260844096555534,316.43949002637817,15.328690908013279,110,341.9382565948421,18.179557179134108,110,"{'v_gene': [('human', 'TRAV12-2*01'), 0.9565217391304348], 'j_gene': [('human', 'TRAJ24*02'), 1.0]}","{'v_gene': [('human', 'TRBV6-5*01'), 0.9789473684210527], 'j_gene': [('human', 'TRBJ2-7*01'), 1.0]}",3h9s,bound,/mnt/larry/lilian/DATA/TCR3d_datasets/expanded_benchmark_bound_tcr_imgt/3h9s.pdb,TRAV12-2*01,0.9565217391304348,TRAJ24*02,1.0,TRBV6-5*01,0.9789473684210527,TRBJ2-7*01,1.0,TRAV12-2*01-TRAJ24*02,TRBV6-5*01-TRBJ2-7*01,TRAV12-2*01-TRAJ24*02|TRBV6-5*01-TRBJ2-7*01
-70.99842695737658,107.39215838065732,-99.26236656972497,-158.18920340822334,147.72546708309275,26.944022398858756,338.50422603738275,16.644488110224778,111,322.67947151808903,14.430159989253745,113,"{'v_gene': [('human', 'TRAV26-2*01'), 0.9347826086956522], 'j_gene': [('human', 'TRAJ52*01'), 1.0]}","{'v_gene': [('human', 'TRBV7-8*01'), 0.9791666666666666], 'j_gene': [('human', 'TRBJ2-7*01'), 1.0]}",3kpr,bound,/mnt/larry/lilian/DATA/TCR3d_datasets/expanded_benchmark_bound_tcr_imgt/3kpr.pdb,TRAV26-2*01,0.9347826086956522,TRAJ52*01,1.0,TRBV7-8*01,0.9791666666666666,TRBJ2-7*01,1.0,TRAV26-2*01-TRAJ52*01,TRBV7-8*01-TRBJ2-7*01,TRAV26-2*01-TRAJ52*01|TRBV7-8*01-TRBJ2-7*01
-72.15878641228264,107.09326178008025,-100.36480734006479,-158.25369770813208,147.90765550771272,26.802539355011604,336.6423526563133,16.804520674193743,111,323.88805533381304,14.485685000822173,113,"{'v_gene': [('human', 'TRAV26-2*01'), 0.9347826086956522], 'j_gene': [('human', 'TRAJ52*01'), 1.0]}","{'v_gene': [('human', 'TRBV7-8*01'), 0.9791666666666666], 'j_gene': [('human', 'TRBJ2-7*01'), 1.0]}",3kps,bound,/mnt/larry/lilian/DATA/TCR3d_datasets/expanded_benchmark_bound_tcr_imgt/3kps.pdb,TRAV26-2*01,0.9347826086956522,TRAJ52*01,1.0,TRBV7-8*01,0.9791666666666666,TRBJ2-7*01,1.0,TRAV26-2*01-TRAJ52*01,TRBV7-8*01-TRBJ2-7*01,TRAV26-2*01-TRAJ52*01|TRBV7-8*01-TRBJ2-7*01
-62.37553210095045,106.46259737484144,-107.41626713920571,-161.02963826333644,147.96464799993993,26.430279729944882,322.41239060148496,15.236302874105078,110,340.8063938643148,18.153899961464614,110,"{'v_gene': [('human', 'TRAV12-2*01'), 0.9565217391304348], 'j_gene': [('human', 'TRAJ24*02'), 1.0]}","{'v_gene': [('human', 'TRBV6-5*01'), 0.9789473684210527], 'j_gene': [('human', 'TRBJ2-7*01'), 1.0]}",3pwp,bound,/mnt/larry/lilian/DATA/TCR3d_datasets/expanded_benchmark_bound_tcr_imgt/3pwp.pdb,TRAV12-2*01,0.9565217391304348,TRAJ24*02,1.0,TRBV6-5*01,0.9789473684210527,TRBJ2-7*01,1.0,TRAV12-2*01-TRAJ24*02,TRBV6-5*01-TRBJ2-7*01,TRAV12-2*01-TRAJ24*02|TRBV6-5*01-TRBJ2-7*01
-67.04597732010726,105.63942053020928,-112.33400734768202,-157.26799878921665,147.68785350151785,25.75062590460876,334.13145605993367,13.540845694902144,113,326.8278889389503,14.610453036584394,110,"{'v_gene': [('human', 'TRAV12-2*01'), 0.9782608695652174], 'j_gene': [('human', 'TRAJ23*01'), 1.0]}","{'v_gene': [('human', 'TRBV6-4*01'), 0.9894736842105263], 'j_gene': [('human', 'TRBJ1-1*01'), 1.0]}",3qdg,bound,/mnt/larry/lilian/DATA/TCR3d_datasets/expanded_benchmark_bound_tcr_imgt/3qdg.pdb,TRAV12-2*01,0.9782608695652174,TRAJ23*01,1.0,TRBV6-4*01,0.9894736842105263,TRBJ1-1*01,1.0,TRAV12-2*01-TRAJ23*01,TRBV6-4*01-TRBJ1-1*01,TRAV12-2*01-TRAJ23*01|TRBV6-4*01-TRBJ1-1*01
-67.50024990742828,105.66006973913707,-112.54002661607316,-157.62652578338046,147.63834291756174,25.705005984444785,331.60320094288363,13.613266041355612,113,327.76904592942077,14.493385242842633,110,"{'v_gene': [('human', 'TRAV12-2*01'), 0.9782608695652174], 'j_gene': [('human', 'TRAJ23*01'), 1.0]}","{'v_gene': [('human', 'TRBV6-4*01'), 0.9894736842105263], 'j_gene': [('human', 'TRBJ1-1*01'), 1.0]}",3qdj,bound,/mnt/larry/lilian/DATA/TCR3d_datasets/expanded_benchmark_bound_tcr_imgt/3qdj.pdb,TRAV12-2*01,0.9782608695652174,TRAJ23*01,1.0,TRBV6-4*01,0.9894736842105263,TRBJ1-1*01,1.0,TRAV12-2*01-TRAJ23*01,TRBV6-4*01-TRBJ1-1*01,TRAV12-2*01-TRAJ23*01|TRBV6-4*01-TRBJ1-1*01
-69.81707172917926,107.39146417048521,-106.5972832218885,-158.9047144753052,146.29362727088167,26.923548083944688,339.847749892141,11.36636923943909,114,337.35628348865873,14.664745990475256,110,"{'v_gene': [('human', 'TRAV12-1*01'), 0.9340659340659341], 'j_gene': [('human', 'TRAJ23*01'), 1.0]}","{'v_gene': [('human', 'TRBV6-2*01'), 0.968421052631579], 'j_gene': [('human', 'TRBJ2-4*01'), 1.0]}",3sjv,bound,/mnt/larry/lilian/DATA/TCR3d_datasets/expanded_benchmark_bound_tcr_imgt/3sjv.pdb,TRAV12-1*01,0.9340659340659341,TRAJ23*01,1.0,TRBV6-2*01,0.968421052631579,TRBJ2-4*01,1.0,TRAV12-1*01-TRAJ23*01,TRBV6-2*01-TRBJ2-4*01,TRAV12-1*01-TRAJ23*01|TRBV6-2*01-TRBJ2-4*01
-74.00882350965816,100.25889540547335,-109.76702845972416,-160.20439117860295,151.58963751476082,26.500354197636074,343.5321088541141,16.34326986620716,109,322.8070611080344,15.90861464704383,112,"{'v_gene': [('human', 'TRAV12-3*01'), 0.9565217391304348], 'j_gene': [('human', 'TRAJ12*01'), 1.0]}","{'v_gene': [('human', 'TRBV12-4*01'), 0.96875], 'j_gene': [('human', 'TRBJ2-4*01'), 1.0]}",3utt,bound,/mnt/larry/lilian/DATA/TCR3d_datasets/expanded_benchmark_bound_tcr_imgt/3utt.pdb,TRAV12-3*01,0.9565217391304348,TRAJ12*01,1.0,TRBV12-4*01,0.96875,TRBJ2-4*01,1.0,TRAV12-3*01-TRAJ12*01,TRBV12-4*01-TRBJ2-4*01,TRAV12-3*01-TRAJ12*01|TRBV12-4*01-TRBJ2-4*01
-66.27055181239548,104.15969934441546,-109.91336070617601,-161.5337008316645,145.6686783283358,25.6335397408176,352.17783440863735,14.910243903147087,110,346.69643869484264,16.54699515171719,110,"{'v_gene': [('human', 'TRAV21*01'), 1.0], 'j_gene': [('human', 'TRAJ12*01'), 1.0]}","{'v_gene': [('human', 'TRBV7-9*01'), 0.9791666666666666], 'j_gene': [('human', 'TRBJ2-2*01'), 1.0]}",3vxr,bound,/mnt/larry/lilian/DATA/TCR3d_datasets/expanded_benchmark_bound_tcr_imgt/3vxr.pdb,TRAV21*01,1.0,TRAJ12*01,1.0,TRBV7-9*01,0.9791666666666666,TRBJ2-2*01,1.0,TRAV21*01-TRAJ12*01,TRBV7-9*01-TRBJ2-2*01,TRAV21*01-TRAJ12*01|TRBV7-9*01-TRBJ2-2*01
-65.96297863737979,104.49571041065413,-110.1468209687677,-161.26378871725396,144.74180195707206,25.888862438236913,351.2929104012007,14.812773327157963,110,348.2625923873939,16.38205617092447,110,"{'v_gene': [('human', 'TRAV21*01'), 1.0], 'j_gene': [('human', 'TRAJ12*01'), 1.0]}","{'v_gene': [('human', 'TRBV7-9*01'), 0.9791666666666666], 'j_gene': [('human', 'TRBJ2-2*01'), 1.0]}",3vxs,bound,/mnt/larry/lilian/DATA/TCR3d_datasets/expanded_benchmark_bound_tcr_imgt/3vxs.pdb,TRAV21*01,1.0,TRAJ12*01,1.0,TRBV7-9*01,0.9791666666666666,TRBJ2-2*01,1.0,TRAV21*01-TRAJ12*01,TRBV7-9*01-TRBJ2-2*01,TRAV21*01-TRAJ12*01|TRBV7-9*01-TRBJ2-2*01
-65.35730067829572,106.43743372077128,-111.05655631315385,-156.58861392032648,145.65230529841926,26.242069522475884,2.2421387236783517,13.17878668612942,113,342.7230314126059,15.538289189353195,109,"{'v_gene': [('human', 'TRAV12-2*01'), 0.9347826086956522], 'j_gene': [('human', 'TRAJ23*01'), 1.0]}","{'v_gene': [('human', 'TRBV27*01'), 0.9894736842105263], 'j_gene': [('human', 'TRBJ2-7*01'), 1.0]}",3w0w,bound,/mnt/larry/lilian/DATA/TCR3d_datasets/expanded_benchmark_bound_tcr_imgt/3w0w.pdb,TRAV12-2*01,0.9347826086956522,TRAJ23*01,1.0,TRBV27*01,0.9894736842105263,TRBJ2-7*01,1.0,TRAV12-2*01-TRAJ23*01,TRBV27*01-TRBJ2-7*01,TRAV12-2*01-TRAJ23*01|TRBV27*01-TRBJ2-7*01
-68.79050028976646,103.03821470150835,-110.26408395887692,-163.17722634932156,144.9029883872636,25.908531710605615,317.8581550869642,12.5182222623684,114,342.15157167672714,17.561129361856665,110,"{'v_gene': [('human', 'TRAV12-2*01'), 0.9130434782608695], 'j_gene': [('human', 'TRAJ27*01'), 0.8571428571428571]}","{'v_gene': [('human', 'TRBV30*02'), 0.9468085106382979], 'j_gene': [('human', 'TRBJ2-2*01'), 0.7692307692307693]}",4jfd,bound,/mnt/larry/lilian/DATA/TCR3d_datasets/expanded_benchmark_bound_tcr_imgt/4jfd.pdb,TRAV12-2*01,0.9130434782608695,TRAJ27*01,0.8571428571428571,TRBV30*02,0.9468085106382979,TRBJ2-2*01,0.7692307692307693,TRAV12-2*01-TRAJ27*01,TRBV30*02-TRBJ2-2*01,TRAV12-2*01-TRAJ27*01|TRBV30*02-TRBJ2-2*01
-68.94121412720682,102.92614147737173,-110.02259163091462,-163.23456790474316,144.86532712025505,25.81816393631219,318.92540435306375,12.708380408731399,114,342.5966061074331,17.55718019777381,110,"{'v_gene': [('human', 'TRAV12-2*01'), 0.9130434782608695], 'j_gene': [('human', 'TRAJ27*01'), 0.8571428571428571]}","{'v_gene': [('human', 'TRBV30*02'), 0.9468085106382979], 'j_gene': [('human', 'TRBJ2-2*01'), 0.7692307692307693]}",4jff,bound,/mnt/larry/lilian/DATA/TCR3d_datasets/expanded_benchmark_bound_tcr_imgt/4jff.pdb,TRAV12-2*01,0.9130434782608695,TRAJ27*01,0.8571428571428571,TRBV30*02,0.9468085106382979,TRBJ2-2*01,0.7692307692307693,TRAV12-2*01-TRAJ27*01,TRBV30*02-TRBJ2-2*01,TRAV12-2*01-TRAJ27*01|TRBV30*02-TRBJ2-2*01
-73.84862824521312,99.27342221398808,-109.80563558997116,-160.20966733283078,149.3110534313295,26.287583008169396,343.1569437798316,15.829382817240544,110,324.60585936516816,15.984521385781528,112,"{'v_gene': [('human', 'TRAV12-3*01'), 0.967391304347826], 'j_gene': [('human', 'TRAJ12*01'), 1.0]}","{'v_gene': [('human', 'TRBV12-4*01'), 0.9895833333333334], 'j_gene': [('human', 'TRBJ2-4*01'), 1.0]}",5c07,bound,/mnt/larry/lilian/DATA/TCR3d_datasets/expanded_benchmark_bound_tcr_imgt/5c07.pdb,TRAV12-3*01,0.967391304347826,TRAJ12*01,1.0,TRBV12-4*01,0.9895833333333334,TRBJ2-4*01,1.0,TRAV12-3*01-TRAJ12*01,TRBV12-4*01-TRBJ2-4*01,TRAV12-3*01-TRAJ12*01|TRBV12-4*01-TRBJ2-4*01
-73.35412261993012,98.69647807785469,-110.1332688702599,-159.87881696494114,148.89912732465777,26.286592572673182,343.00094894275037,15.822723098335123,110,323.28040280299905,16.012176143259225,112,"{'v_gene': [('human', 'TRAV12-3*01'), 0.9565217391304348], 'j_gene': [('human', 'TRAJ12*01'), 1.0]}","{'v_gene': [('human', 'TRBV12-4*01'), 0.96875], 'j_gene': [('human', 'TRBJ2-4*01'), 1.0]}",5c08,bound,/mnt/larry/lilian/DATA/TCR3d_datasets/expanded_benchmark_bound_tcr_imgt/5c08.pdb,TRAV12-3*01,0.9565217391304348,TRAJ12*01,1.0,TRBV12-4*01,0.96875,TRBJ2-4*01,1.0,TRAV12-3*01-TRAJ12*01,TRBV12-4*01-TRBJ2-4*01,TRAV12-3*01-TRAJ12*01|TRBV12-4*01-TRBJ2-4*01
-74.11128176908312,98.88058167557934,-109.3614813880959,-160.34146807209095,149.76640926285734,26.234273348011104,343.2530878451688,15.956284220656125,110,325.14463299988597,16.04952849230882,112,"{'v_gene': [('human', 'TRAV12-3*01'), 0.9565217391304348], 'j_gene': [('human', 'TRAJ12*01'), 1.0]}","{'v_gene': [('human', 'TRBV12-4*01'), 0.96875], 'j_gene': [('human', 'TRBJ2-4*01'), 1.0]}",5c09,bound,/mnt/larry/lilian/DATA/TCR3d_datasets/expanded_benchmark_bound_tcr_imgt/5c09.pdb,TRAV12-3*01,0.9565217391304348,TRAJ12*01,1.0,TRBV12-4*01,0.96875,TRBJ2-4*01,1.0,TRAV12-3*01-TRAJ12*01,TRBV12-4*01-TRBJ2-4*01,TRAV12-3*01-TRAJ12*01|TRBV12-4*01-TRBJ2-4*01
-73.0412692980603,99.66384402110997,-109.16211887030003,-160.72465886786222,149.17102717561818,26.305054707127802,343.7700393108443,15.950537419951534,110,343.3639429660499,15.90599468866433,110,"{'v_gene': [('human', 'TRAV12-3*01'), 0.9565217391304348], 'j_gene': [('human', 'TRAJ12*01'), 1.0]}","{'v_gene': [('human', 'TRBV12-4*01'), 0.9895833333333334], 'j_gene': [('human', 'TRBJ2-4*01'), 1.0]}",5c0a,bound,/mnt/larry/lilian/DATA/TCR3d_datasets/expanded_benchmark_bound_tcr_imgt/5c0a.pdb,TRAV12-3*01,0.9565217391304348,TRAJ12*01,1.0,TRBV12-4*01,0.9895833333333334,TRBJ2-4*01,1.0,TRAV12-3*01-TRAJ12*01,TRBV12-4*01-TRBJ2-4*01,TRAV12-3*01-TRAJ12*01|TRBV12-4*01-TRBJ2-4*01
-73.95469256841305,99.94050226488237,-109.64159562052154,-160.4606124270219,148.22940853221945,26.441022643196032,341.99819728027376,15.723967690630461,110,324.3613861279872,15.906700642557306,112,"{'v_gene': [('human', 'TRAV12-3*01'), 0.9565217391304348], 'j_gene': [('human', 'TRAJ12*01'), 1.0]}","{'v_gene': [('human', 'TRBV12-4*01'), 0.9895833333333334], 'j_gene': [('human', 'TRBJ2-4*01'), 1.0]}",5c0b,bound,/mnt/larry/lilian/DATA/TCR3d_datasets/expanded_benchmark_bound_tcr_imgt/5c0b.pdb,TRAV12-3*01,0.9565217391304348,TRAJ12*01,1.0,TRBV12-4*01,0.9895833333333334,TRBJ2-4*01,1.0,TRAV12-3*01-TRAJ12*01,TRBV12-4*01-TRBJ2-4*01,TRAV12-3*01-TRAJ12*01|TRBV12-4*01-TRBJ2-4*01
-73.66367035635055,99.9401233667622,-109.44927128155406,-160.2877744811484,148.71236528785542,26.41617974898981,342.82147417506235,15.765528426928302,110,321.4609003695764,15.812324281451081,112,"{'v_gene': [('human', 'TRAV12-3*01'), 0.9565217391304348], 'j_gene': [('human', 'TRAJ12*01'), 1.0]}","{'v_gene': [('human', 'TRBV12-4*01'), 0.9895833333333334], 'j_gene': [('human', 'TRBJ2-4*01'), 1.0]}",5c0c,bound,/mnt/larry/lilian/DATA/TCR3d_datasets/expanded_benchmark_bound_tcr_imgt/5c0c.pdb,TRAV12-3*01,0.9565217391304348,TRAJ12*01,1.0,TRBV12-4*01,0.9895833333333334,TRBJ2-4*01,1.0,TRAV12-3*01-TRAJ12*01,TRBV12-4*01-TRBJ2-4*01,TRAV12-3*01-TRAJ12*01|TRBV12-4*01-TRBJ2-4*01
-58.12729764429474,106.47181377303637,-105.31604571975203,-158.1036581977119,149.88626620184107,25.92076365509582,347.2366914183337,10.927887736787925,113,352.7947040031121,14.362750299965686,109,"{'v_gene': [('human', 'TRAV27*01'), 0.978021978021978], 'j_gene': [('human', 'TRAJ42*01'), 1.0]}","{'v_gene': [('human', 'TRBV19*01'), 0.9789473684210527], 'j_gene': [('human', 'TRBJ2-7*01'), 1.0]}",5hhm,bound,/mnt/larry/lilian/DATA/TCR3d_datasets/expanded_benchmark_bound_tcr_imgt/5hhm.pdb,TRAV27*01,0.978021978021978,TRAJ42*01,1.0,TRBV19*01,0.9789473684210527,TRBJ2-7*01,1.0,TRAV27*01-TRAJ42*01,TRBV19*01-TRBJ2-7*01,TRAV27*01-TRAJ42*01|TRBV19*01-TRBJ2-7*01
-75.78155262726257,101.02519041195292,-109.70816087819526,-162.50039878646285,150.83329494713948,25.724632373039682,341.52676764216557,15.2173659076175,110,341.0431457109962,15.850489078599468,110,"{'v_gene': [('human', 'TRAV12-3*01'), 0.967391304347826], 'j_gene': [('human', 'TRAJ12*01'), 1.0]}","{'v_gene': [('human', 'TRBV12-4*01'), 0.9895833333333334], 'j_gene': [('human', 'TRBJ2-4*01'), 1.0]}",5hyj,bound,/mnt/larry/lilian/DATA/TCR3d_datasets/expanded_benchmark_bound_tcr_imgt/5hyj.pdb,TRAV12-3*01,0.967391304347826,TRAJ12*01,1.0,TRBV12-4*01,0.9895833333333334,TRBJ2-4*01,1.0,TRAV12-3*01-TRAJ12*01,TRBV12-4*01-TRBJ2-4*01,TRAV12-3*01-TRAJ12*01|TRBV12-4*01-TRBJ2-4*01
-64.9788855152584,105.91625674222645,-105.85226016035824,-158.1872430835641,151.55211328346257,26.52185299864861,344.1920597559076,17.36177426801376,110,316.29439626080296,14.279362971393308,113,"{'v_gene': [('mouse', 'TRAV14-3*05'), 0.989247311827957], 'j_gene': [('mouse', 'TRAJ38*01'), 1.0]}","{'v_gene': [('mouse', 'TRBV29*01'), 0.9894736842105263], 'j_gene': [('mouse', 'TRBJ1-1*01'), 1.0]}",5ivx,bound,/mnt/larry/lilian/DATA/TCR3d_datasets/expanded_benchmark_bound_tcr_imgt/5ivx.pdb,TRAV14-3*05,0.989247311827957,TRAJ38*01,1.0,TRBV29*01,0.9894736842105263,TRBJ1-1*01,1.0,TRAV14-3*05-TRAJ38*01,TRBV29*01-TRBJ1-1*01,TRAV14-3*05-TRAJ38*01|TRBV29*01-TRBJ1-1*01
-71.75589235390389,101.15923258308426,-111.29982966108643,-160.90729671990442,146.9830894650687,25.74599468952168,343.9722053385201,14.410540308077318,110,343.6735119828545,17.01243933526945,110,"{'v_gene': [('human', 'TRAV12-2*01'), 0.9347826086956522], 'j_gene': [('human', 'TRAJ41*01'), 1.0]}","{'v_gene': [('human', 'TRBV5-6*01'), 0.9789473684210527], 'j_gene': [('human', 'TRBJ2-7*01'), 1.0]}",5nme,bound,/mnt/larry/lilian/DATA/TCR3d_datasets/expanded_benchmark_bound_tcr_imgt/5nme.pdb,TRAV12-2*01,0.9347826086956522,TRAJ41*01,1.0,TRBV5-6*01,0.9789473684210527,TRBJ2-7*01,1.0,TRAV12-2*01-TRAJ41*01,TRBV5-6*01-TRBJ2-7*01,TRAV12-2*01-TRAJ41*01|TRBV5-6*01-TRBJ2-7*01
-71.93672943422938,102.24298278973885,-111.69999771697614,-161.158703625018,145.83248801834603,25.691178799898864,357.92320937116676,14.789587673560034,110,344.52795619547885,16.948589224374196,110,"{'v_gene': [('human', 'TRAV12-2*01'), 0.9347826086956522], 'j_gene': [('human', 'TRAJ41*01'), 1.0]}","{'v_gene': [('human', 'TRBV5-6*01'), 0.968421052631579], 'j_gene': [('human', 'TRBJ2-7*01'), 1.0]}",5nmf,bound,/mnt/larry/lilian/DATA/TCR3d_datasets/expanded_benchmark_bound_tcr_imgt/5nmf.pdb,TRAV12-2*01,0.9347826086956522,TRAJ41*01,1.0,TRBV5-6*01,0.968421052631579,TRBJ2-7*01,1.0,TRAV12-2*01-TRAJ41*01,TRBV5-6*01-TRBJ2-7*01,TRAV12-2*01-TRAJ41*01|TRBV5-6*01-TRBJ2-7*01
-71.26482048621635,101.35697880364819,-111.80476137207101,-160.55720097311197,146.07716776739727,25.649103806108222,348.9978304365982,14.795169307651832,110,343.8129579567043,16.89472717745691,110,"{'v_gene': [('human', 'TRAV12-2*01'), 0.9347826086956522], 'j_gene': [('human', 'TRAJ41*01'), 1.0]}","{'v_gene': [('human', 'TRBV5-6*01'), 0.9789473684210527], 'j_gene': [('human', 'TRBJ2-7*01'), 1.0]}",5nmg,bound,/mnt/larry/lilian/DATA/TCR3d_datasets/expanded_benchmark_bound_tcr_imgt/5nmg.pdb,TRAV12-2*01,0.9347826086956522,TRAJ41*01,1.0,TRBV5-6*01,0.9789473684210527,TRBJ2-7*01,1.0,TRAV12-2*01-TRAJ41*01,TRBV5-6*01-TRBJ2-7*01,TRAV12-2*01-TRAJ41*01|TRBV5-6*01-TRBJ2-7*01
-65.43876123159852,106.3490234853072,-112.3859486517762,-157.1272595826575,147.25013264166444,25.762665694140015,331.72166637583456,13.95564676842496,113,323.72197295795866,15.080513203963795,113,"{'v_gene': [('human', 'TRAV12-2*01'), 0.967391304347826], 'j_gene': [('human', 'TRAJ23*01'), 1.0]}","{'v_gene': [('human', 'TRBV6-4*01'), 0.9894736842105263], 'j_gene': [('human', 'TRBJ1-1*01'), 1.0]}",6amu,bound,/mnt/larry/lilian/DATA/TCR3d_datasets/expanded_benchmark_bound_tcr_imgt/6amu.pdb,TRAV12-2*01,0.967391304347826,TRAJ23*01,1.0,TRBV6-4*01,0.9894736842105263,TRBJ1-1*01,1.0,TRAV12-2*01-TRAJ23*01,TRBV6-4*01-TRBJ1-1*01,TRAV12-2*01-TRAJ23*01|TRBV6-4*01-TRBJ1-1*01
-69.39076053995569,107.01189671257316,-102.89796839394472,-157.42831909886695,151.92783935558296,26.239634432283886,307.1015805214137,16.551598172593387,111,346.996912403018,16.983840247445006,110,"{'v_gene': [('human', 'TRAV4*01'), 0.9782608695652174], 'j_gene': [('human', 'TRAJ21*01'), 1.0]}","{'v_gene': [('human', 'TRBV28*01'), 0.9789473684210527], 'j_gene': [('human', 'TRBJ2-3*01'), 1.0]}",6avf,bound,/mnt/larry/lilian/DATA/TCR3d_datasets/expanded_benchmark_bound_tcr_imgt/6avf.pdb,TRAV4*01,0.9782608695652174,TRAJ21*01,1.0,TRBV28*01,0.9789473684210527,TRBJ2-3*01,1.0,TRAV4*01-TRAJ21*01,TRBV28*01-TRBJ2-3*01,TRAV4*01-TRAJ21*01|TRBV28*01-TRBJ2-3*01
-73.153445582242,104.2810534138398,-109.85039060316953,-161.5709524103976,148.90781066645798,25.839551509134374,350.4972467250742,15.400533994723245,109,322.9301440685249,18.129457970542074,111,"{'v_gene': [('human', 'TRAV24*01'), 0.9891304347826086], 'j_gene': [('human', 'TRAJ17*01'), 1.0]}","{'v_gene': [('human', 'TRBV2*01'), 0.9791666666666666], 'j_gene': [('human', 'TRBJ2-1*01'), 1.0]}",6cql,bound,/mnt/larry/lilian/DATA/TCR3d_datasets/expanded_benchmark_bound_tcr_imgt/6cql.pdb,TRAV24*01,0.9891304347826086,TRAJ17*01,1.0,TRBV2*01,0.9791666666666666,TRBJ2-1*01,1.0,TRAV24*01-TRAJ17*01,TRBV2*01-TRBJ2-1*01,TRAV24*01-TRAJ17*01|TRBV2*01-TRBJ2-1*01
-73.23349263923214,103.5302165824699,-109.74032852513359,-161.9860396530526,149.3021418803638,25.750951214498787,348.41444939965646,15.279996884957574,109,326.20572724360466,18.084738433266548,111,"{'v_gene': [('human', 'TRAV24*01'), 0.9891304347826086], 'j_gene': [('human', 'TRAJ17*01'), 1.0]}","{'v_gene': [('human', 'TRBV2*01'), 0.9791666666666666], 'j_gene': [('human', 'TRBJ2-1*01'), 1.0]}",6cqq,bound,/mnt/larry/lilian/DATA/TCR3d_datasets/expanded_benchmark_bound_tcr_imgt/6cqq.pdb,TRAV24*01,0.9891304347826086,TRAJ17*01,1.0,TRBV2*01,0.9791666666666666,TRBJ2-1*01,1.0,TRAV24*01-TRAJ17*01,TRBV2*01-TRBJ2-1*01,TRAV24*01-TRAJ17*01|TRBV2*01-TRBJ2-1*01
-72.96598428954654,104.58563227679404,-109.6385901784977,-161.52012880934487,150.6458921106765,25.63922777064979,351.0874128921955,15.2860381259707,109,324.0419360390739,17.88196580454509,111,"{'v_gene': [('human', 'TRAV24*01'), 0.9891304347826086], 'j_gene': [('human', 'TRAJ17*01'), 1.0]}","{'v_gene': [('human', 'TRBV2*01'), 0.9895833333333334], 'j_gene': [('human', 'TRBJ2-1*01'), 1.0]}",6cqr,bound,/mnt/larry/lilian/DATA/TCR3d_datasets/expanded_benchmark_bound_tcr_imgt/6cqr.pdb,TRAV24*01,0.9891304347826086,TRAJ17*01,1.0,TRBV2*01,0.9895833333333334,TRBJ2-1*01,1.0,TRAV24*01-TRAJ17*01,TRBV2*01-TRBJ2-1*01,TRAV24*01-TRAJ17*01|TRBV2*01-TRBJ2-1*01
-69.69265972200118,102.3831961897407,-110.63196773252619,-163.6600656035805,144.81118387156084,25.85451523669695,314.3987842312456,12.595220802011914,114,343.89084437046165,17.071007293284474,110,"{'v_gene': [('human', 'TRAV12-2*01'), 0.9347826086956522], 'j_gene': [('human', 'TRAJ27*01'), 0.8571428571428571]}","{'v_gene': [('human', 'TRBV30*02'), 0.9468085106382979], 'j_gene': [('human', 'TRBJ2-2*01'), 0.7692307692307693]}",6eqb,bound,/mnt/larry/lilian/DATA/TCR3d_datasets/expanded_benchmark_bound_tcr_imgt/6eqb.pdb,TRAV12-2*01,0.9347826086956522,TRAJ27*01,0.8571428571428571,TRBV30*02,0.9468085106382979,TRBJ2-2*01,0.7692307692307693,TRAV12-2*01-TRAJ27*01,TRBV30*02-TRBJ2-2*01,TRAV12-2*01-TRAJ27*01|TRBV30*02-TRBJ2-2*01
