BA,BC1,AC1,BC2,AC2,dc,alpha_cdr3_bend_deg,alpha_cdr3_apex_height_A,alpha_cdr3_apex_resi,beta_cdr3_bend_deg,beta_cdr3_apex_height_A,beta_cdr3_apex_resi,tcr_name,state,pdb_path,alpha_germline,beta_germline,alpha_v_gene,alpha_v_score,alpha_j_gene,alpha_j_score,beta_v_gene,beta_v_score,beta_j_gene,beta_j_score,alpha_vj,beta_vj,germline_vj_pair
-67.68747901812054,102.1082959292329,-109.41560485625692,-161.0718076909287,150.80335225710957,26.03955310810724,329.13119522211275,15.993309075368384,110,351.2738530039288,19.258138857048547,111,1ao7,unbound,/mnt/larry/lilian/DATA/TCR3d_datasets/expanded_benchmark_unbound_tcr_imgt/1ao7.pdb,"{'v_gene': [('human', 'TRAV12-2*01'), 0.9565217391304348], 'j_gene': [('human', 'TRAJ24*02'), 1.0]}","{'v_gene': [('human', 'TRBV6-5*01'), 0.9789473684210527], 'j_gene': [('human', 'TRBJ2-7*01'), 1.0]}",TRAV12-2*01,0.9565217391304348,TRAJ24*02,1.0,TRBV6-5*01,0.9789473684210528,TRBJ2-7*01,1.0,TRAV12-2*01-TRAJ24*02,TRBV6-5*01-TRBJ2-7*01,TRAV12-2*01-TRAJ24*02|TRBV6-5*01-TRBJ2-7*01
-71.47237487999392,106.24111166158984,-103.11163715749308,-157.85873794231242,148.542664705261,26.43770025087549,329.5325945376491,20.56229391287681,111,337.52887505230524,16.008043524840993,113,1mi5,unbound,/mnt/larry/lilian/DATA/TCR3d_datasets/expanded_benchmark_unbound_tcr_imgt/1mi5.pdb,"{'v_gene': [('human', 'TRAV26-2*01'), 0.9347826086956522], 'j_gene': [('human', 'TRAJ52*01'), 1.0]}","{'v_gene': [('human', 'TRBV7-8*01'), 0.9791666666666666], 'j_gene': [('human', 'TRBJ2-7*01'), 1.0]}",TRAV26-2*01,0.9347826086956522,TRAJ52*01,1.0,TRBV7-8*01,0.9791666666666666,TRBJ2-7*01,1.0,TRAV26-2*01-TRAJ52*01,TRBV7-8*01-TRBJ2-7*01,TRAV26-2*01-TRAJ52*01|TRBV7-8*01-TRBJ2-7*01
-68.15969153489132,105.14333903617786,-106.28933253680373,-159.48917960743427,151.38618314450895,25.75541864745725,358.0484135555631,15.461302105186071,109,338.93930885614657,16.897732145897308,110,1oga,unbound,/mnt/larry/lilian/DATA/TCR3d_datasets/expanded_benchmark_unbound_tcr_imgt/1oga.pdb,"{'v_gene': [('human', 'TRAV27*01'), 0.978021978021978], 'j_gene': [('human', 'TRAJ42*01'), 1.0]}","{'v_gene': [('human', 'TRBV19*01'), 0.968421052631579], 'j_gene': [('human', 'TRBJ2-7*01'), 1.0]}",TRAV27*01,0.978021978021978,TRAJ42*01,1.0,TRBV19*01,0.968421052631579,TRBJ2-7*01,1.0,TRAV27*01-TRAJ42*01,TRBV19*01-TRBJ2-7*01,TRAV27*01-TRAJ42*01|TRBV19*01-TRBJ2-7*01
-61.88414093347473,105.77777108151588,-111.47872689307798,-161.46163326427236,145.91146527331887,26.17018435622872,358.7325939418704,18.614369689131895,110,346.4972989774825,16.937552734403294,110,2bnr,unbound,/mnt/larry/lilian/DATA/TCR3d_datasets/expanded_benchmark_unbound_tcr_imgt/2bnr.pdb,"{'v_gene': [('human', 'TRAV21*01'), 0.989247311827957], 'j_gene': [('human', 'TRAJ6*01'), 1.0]}","{'v_gene': [('human', 'TRBV6-5*01'), 0.9789473684210527], 'j_gene': [('human', 'TRBJ2-2*01'), 1.0]}",TRAV21*01,0.989247311827957,TRAJ6*01,1.0,TRBV6-5*01,0.9789473684210528,TRBJ2-2*01,1.0,TRAV21*01-TRAJ6*01,TRBV6-5*01-TRBJ2-2*01,TRAV21*01-TRAJ6*01|TRBV6-5*01-TRBJ2-2*01
-65.0604936343418,107.70680915394144,-109.58597731091244,-157.4022467532838,147.62700742876743,25.736038961230637,352.05644245921803,16.223794717138986,110,348.4170037699896,14.09336273549387,109,2iam,unbound,/mnt/larry/lilian/DATA/TCR3d_datasets/expanded_benchmark_unbound_tcr_imgt/2iam.pdb,"{'v_gene': [('human', 'TRAV22*01'), 0.9666666666666667], 'j_gene': [('human', 'TRAJ54*01'), 1.0]}","{'v_gene': [('human', 'TRBV6-6*01'), 0.9789473684210527], 'j_gene': [('human', 'TRBJ1-3*01'), 0.9230769230769231]}",TRAV22*01,0.9666666666666668,TRAJ54*01,1.0,TRBV6-6*01,0.9789473684210528,TRBJ1-3*01,0.9230769230769232,TRAV22*01-TRAJ54*01,TRBV6-6*01-TRBJ1-3*01,TRAV22*01-TRAJ54*01|TRBV6-6*01-TRBJ1-3*01
-65.06114620498487,107.70651322583758,-109.58621342577464,-157.40274803846089,147.62691755194572,25.736022919710187,352.0572174494447,16.22254372387113,110,348.3963002193942,14.093195732616577,109,2ian,unbound,/mnt/larry/lilian/DATA/TCR3d_datasets/expanded_benchmark_unbound_tcr_imgt/2ian.pdb,"{'v_gene': [('human', 'TRAV22*01'), 0.9666666666666667], 'j_gene': [('human', 'TRAJ54*01'), 1.0]}","{'v_gene': [('human', 'TRBV6-6*01'), 0.9789473684210527], 'j_gene': [('human', 'TRBJ1-3*01'), 0.9230769230769231]}",TRAV22*01,0.9666666666666668,TRAJ54*01,1.0,TRBV6-6*01,0.9789473684210528,TRBJ1-3*01,0.9230769230769232,TRAV22*01-TRAJ54*01,TRBV6-6*01-TRBJ1-3*01,TRAV22*01-TRAJ54*01|TRBV6-6*01-TRBJ1-3*01
-72.7173581299341,104.92629964178757,-105.6826184741798,-160.32039601234462,152.12414351070646,26.253209022392426,332.0557424946294,15.338774045690672,112,321.1120221748315,16.36975956461352,112,2nx5,unbound,/mnt/larry/lilian/DATA/TCR3d_datasets/expanded_benchmark_unbound_tcr_imgt/2nx5.pdb,"{'v_gene': [('human', 'TRAV1-2*01'), 0.967032967032967], 'j_gene': [('human', 'TRAJ6*01'), 1.0]}","{'v_gene': [('human', 'TRBV10-3*01'), 0.968421052631579], 'j_gene': [('human', 'TRBJ1-5*01'), 1.0]}",TRAV1-2*01,0.967032967032967,TRAJ6*01,1.0,TRBV10-3*01,0.968421052631579,TRBJ1-5*01,1.0,TRAV1-2*01-TRAJ6*01,TRBV10-3*01-TRBJ1-5*01,TRAV1-2*01-TRAJ6*01|TRBV10-3*01-TRBJ1-5*01
-63.03899457924667,106.8154218323352,-110.4053774059058,-160.90380336434538,146.40579986608265,26.12949928134549,348.69556877552554,17.888697250609518,112,348.5301119572332,17.245651409366637,110,2pye,unbound,/mnt/larry/lilian/DATA/TCR3d_datasets/expanded_benchmark_unbound_tcr_imgt/2pye.pdb,"{'v_gene': [('human', 'TRAV21*01'), 0.989247311827957], 'j_gene': [('human', 'TRAJ6*01'), 1.0]}","{'v_gene': [('human', 'TRBV6-5*01'), 0.9578947368421052], 'j_gene': [('human', 'TRBJ2-2*01'), 1.0]}",TRAV21*01,0.989247311827957,TRAJ6*01,1.0,TRBV6-5*01,0.9578947368421052,TRBJ2-2*01,1.0,TRAV21*01-TRAJ6*01,TRBV6-5*01-TRBJ2-2*01,TRAV21*01-TRAJ6*01|TRBV6-5*01-TRBJ2-2*01
-62.66729589109525,107.78265093589468,-104.60945411088002,-157.61004543213858,145.28012229075193,26.639069703754195,318.5559126486387,15.750864279201725,113,336.5421545620153,16.367232037191776,111,3dxa,unbound,/mnt/larry/lilian/DATA/TCR3d_datasets/expanded_benchmark_unbound_tcr_imgt/3dxa.pdb,"{'v_gene': [('human', 'TRAV26-1*02'), 0.9456521739130435], 'j_gene': [('human', 'TRAJ13*02'), 1.0]}","{'v_gene': [('human', 'TRBV7-9*01'), 0.96875], 'j_gene': [('human', 'TRBJ2-1*01'), 1.0]}",TRAV26-1*02,0.9456521739130436,TRAJ13*02,1.0,TRBV7-9*01,0.96875,TRBJ2-1*01,1.0,TRAV26-1*02-TRAJ13*02,TRBV7-9*01-TRBJ2-1*01,TRAV26-1*02-TRAJ13*02|TRBV7-9*01-TRBJ2-1*01
-67.68698478517236,102.1076383468593,-109.41525242714144,-161.07254529354617,150.80354517987405,26.03955858450901,329.1411681904415,15.993153660826431,110,351.2701648504867,19.258702235441728,111,3h9s,unbound,/mnt/larry/lilian/DATA/TCR3d_datasets/expanded_benchmark_unbound_tcr_imgt/3h9s.pdb,"{'v_gene': [('human', 'TRAV12-2*01'), 0.9565217391304348], 'j_gene': [('human', 'TRAJ24*02'), 1.0]}","{'v_gene': [('human', 'TRBV6-5*01'), 0.9789473684210527], 'j_gene': [('human', 'TRBJ2-7*01'), 1.0]}",TRAV12-2*01,0.9565217391304348,TRAJ24*02,1.0,TRBV6-5*01,0.9789473684210528,TRBJ2-7*01,1.0,TRAV12-2*01-TRAJ24*02,TRBV6-5*01-TRBJ2-7*01,TRAV12-2*01-TRAJ24*02|TRBV6-5*01-TRBJ2-7*01
-71.47239373665467,106.24133106138402,-103.1117916940004,-157.8585920552355,148.54286495160738,26.43777630785787,329.53200332438297,20.562362886819965,111,337.53333544440943,16.00792409770534,113,3kpr,unbound,/mnt/larry/lilian/DATA/TCR3d_datasets/expanded_benchmark_unbound_tcr_imgt/3kpr.pdb,"{'v_gene': [('human', 'TRAV26-2*01'), 0.9347826086956522], 'j_gene': [('human', 'TRAJ52*01'), 1.0]}","{'v_gene': [('human', 'TRBV7-8*01'), 0.9791666666666666], 'j_gene': [('human', 'TRBJ2-7*01'), 1.0]}",TRAV26-2*01,0.9347826086956522,TRAJ52*01,1.0,TRBV7-8*01,0.9791666666666666,TRBJ2-7*01,1.0,TRAV26-2*01-TRAJ52*01,TRBV7-8*01-TRBJ2-7*01,TRAV26-2*01-TRAJ52*01|TRBV7-8*01-TRBJ2-7*01
-71.47200695728752,106.24131072013724,-103.11213617769069,-157.85891659202974,148.54258746002648,26.437662509616736,329.53758552869016,20.562348551559538,111,337.5238472387656,16.00748298558452,113,3kps,unbound,/mnt/larry/lilian/DATA/TCR3d_datasets/expanded_benchmark_unbound_tcr_imgt/3kps.pdb,"{'v_gene': [('human', 'TRAV26-2*01'), 0.9347826086956522], 'j_gene': [('human', 'TRAJ52*01'), 1.0]}","{'v_gene': [('human', 'TRBV7-8*01'), 0.9791666666666666], 'j_gene': [('human', 'TRBJ2-7*01'), 1.0]}",TRAV26-2*01,0.9347826086956522,TRAJ52*01,1.0,TRBV7-8*01,0.9791666666666666,TRBJ2-7*01,1.0,TRAV26-2*01-TRAJ52*01,TRBV7-8*01-TRBJ2-7*01,TRAV26-2*01-TRAJ52*01|TRBV7-8*01-TRBJ2-7*01
-67.68727113858642,102.10795175715673,-109.41531983994985,-161.07239630328144,150.80319688350073,26.0395645884222,329.1317519921232,15.992549477087186,110,351.2506332984452,19.25834913266759,111,3pwp,unbound,/mnt/larry/lilian/DATA/TCR3d_datasets/expanded_benchmark_unbound_tcr_imgt/3pwp.pdb,"{'v_gene': [('human', 'TRAV12-2*01'), 0.9565217391304348], 'j_gene': [('human', 'TRAJ24*02'), 1.0]}","{'v_gene': [('human', 'TRBV6-5*01'), 0.9789473684210527], 'j_gene': [('human', 'TRBJ2-7*01'), 1.0]}",TRAV12-2*01,0.9565217391304348,TRAJ24*02,1.0,TRBV6-5*01,0.9789473684210528,TRBJ2-7*01,1.0,TRAV12-2*01-TRAJ24*02,TRBV6-5*01-TRBJ2-7*01,TRAV12-2*01-TRAJ24*02|TRBV6-5*01-TRBJ2-7*01
-67.59748013076214,104.48981260038522,-111.1265286722807,-158.49392350021756,149.82028455910057,26.006262548612185,326.1423703734334,13.05538110238463,113,345.6929225497771,14.284167737654522,109,3qdg,unbound,/mnt/larry/lilian/DATA/TCR3d_datasets/expanded_benchmark_unbound_tcr_imgt/3qdg.pdb,"{'v_gene': [('human', 'TRAV12-2*01'), 0.9782608695652174], 'j_gene': [('human', 'TRAJ23*01'), 1.0]}","{'v_gene': [('human', 'TRBV6-4*01'), 0.9894736842105263], 'j_gene': [('human', 'TRBJ1-1*01'), 1.0]}",TRAV12-2*01,0.9782608695652174,TRAJ23*01,1.0,TRBV6-4*01,0.9894736842105264,TRBJ1-1*01,1.0,TRAV12-2*01-TRAJ23*01,TRBV6-4*01-TRBJ1-1*01,TRAV12-2*01-TRAJ23*01|TRBV6-4*01-TRBJ1-1*01
-67.59786585193558,104.48936507801068,-111.12677767572784,-158.49455621392724,149.81964644207284,26.006296151288296,326.1489623887673,13.056174675685485,113,345.681342026591,14.28498065186289,109,3qdj,unbound,/mnt/larry/lilian/DATA/TCR3d_datasets/expanded_benchmark_unbound_tcr_imgt/3qdj.pdb,"{'v_gene': [('human', 'TRAV12-2*01'), 0.9782608695652174], 'j_gene': [('human', 'TRAJ23*01'), 1.0]}","{'v_gene': [('human', 'TRBV6-4*01'), 0.9894736842105263], 'j_gene': [('human', 'TRBJ1-1*01'), 1.0]}",TRAV12-2*01,0.9782608695652174,TRAJ23*01,1.0,TRBV6-4*01,0.9894736842105264,TRBJ1-1*01,1.0,TRAV12-2*01-TRAJ23*01,TRBV6-4*01-TRBJ1-1*01,TRAV12-2*01-TRAJ23*01|TRBV6-4*01-TRBJ1-1*01
-70.89079749899327,104.7149281991186,-107.53918148620164,-161.44220994547433,149.93162140421742,26.53203850587541,335.9132297655047,11.749936891875029,114,332.5104906704028,14.020867534093776,110,3sjv,unbound,/mnt/larry/lilian/DATA/TCR3d_datasets/expanded_benchmark_unbound_tcr_imgt/3sjv.pdb,"{'v_gene': [('human', 'TRAV12-1*01'), 0.9340659340659341], 'j_gene': [('human', 'TRAJ23*01'), 1.0]}","{'v_gene': [('human', 'TRBV6-2*01'), 0.968421052631579], 'j_gene': [('human', 'TRBJ2-4*01'), 1.0]}",TRAV12-1*01,0.934065934065934,TRAJ23*01,1.0,TRBV6-2*01,0.968421052631579,TRBJ2-4*01,1.0,TRAV12-1*01-TRAJ23*01,TRBV6-2*01-TRBJ2-4*01,TRAV12-1*01-TRAJ23*01|TRBV6-2*01-TRBJ2-4*01
-72.36323520639216,102.00813250420012,-108.54371025330651,-161.9354489572973,151.5935878969934,25.99110436438611,345.1123783533577,15.987684038025892,110,336.7901657334926,16.060685257264282,110,3utt,unbound,/mnt/larry/lilian/DATA/TCR3d_datasets/expanded_benchmark_unbound_tcr_imgt/3utt.pdb,"{'v_gene': [('human', 'TRAV12-3*01'), 0.967391304347826], 'j_gene': [('human', 'TRAJ12*01'), 1.0]}","{'v_gene': [('human', 'TRBV12-4*01'), 0.9895833333333334], 'j_gene': [('human', 'TRBJ2-4*01'), 1.0]}",TRAV12-3*01,0.967391304347826,TRAJ12*01,1.0,TRBV12-4*01,0.9895833333333334,TRBJ2-4*01,1.0,TRAV12-3*01-TRAJ12*01,TRBV12-4*01-TRBJ2-4*01,TRAV12-3*01-TRAJ12*01|TRBV12-4*01-TRBJ2-4*01
-70.41275519188305,104.15642781103548,-108.97236672358036,-160.49896326834417,147.08394857405375,25.61904496348523,345.2471960065326,16.089327021270698,110,351.5260181097564,16.702198203854767,110,3vxr,unbound,/mnt/larry/lilian/DATA/TCR3d_datasets/expanded_benchmark_unbound_tcr_imgt/3vxr.pdb,"{'v_gene': [('human', 'TRAV21*01'), 1.0], 'j_gene': [('human', 'TRAJ12*01'), 1.0]}","{'v_gene': [('human', 'TRBV7-9*01'), 0.9791666666666666], 'j_gene': [('human', 'TRBJ2-2*01'), 1.0]}",TRAV21*01,1.0,TRAJ12*01,1.0,TRBV7-9*01,0.9791666666666666,TRBJ2-2*01,1.0,TRAV21*01-TRAJ12*01,TRBV7-9*01-TRBJ2-2*01,TRAV21*01-TRAJ12*01|TRBV7-9*01-TRBJ2-2*01
-70.41295483786486,104.1562506081172,-108.9718752923402,-160.4990099726485,147.0840939275064,25.619036924965805,345.2429462202692,16.089345735595547,110,351.5338073249237,16.70236069875788,110,3vxs,unbound,/mnt/larry/lilian/DATA/TCR3d_datasets/expanded_benchmark_unbound_tcr_imgt/3vxs.pdb,"{'v_gene': [('human', 'TRAV21*01'), 1.0], 'j_gene': [('human', 'TRAJ12*01'), 1.0]}","{'v_gene': [('human', 'TRBV7-9*01'), 0.9791666666666666], 'j_gene': [('human', 'TRBJ2-2*01'), 1.0]}",TRAV21*01,1.0,TRAJ12*01,1.0,TRBV7-9*01,0.9791666666666666,TRBJ2-2*01,1.0,TRAV21*01-TRAJ12*01,TRBV7-9*01-TRBJ2-2*01,TRAV21*01-TRAJ12*01|TRBV7-9*01-TRBJ2-2*01
-59.28016703593157,107.95125307995524,-106.80850883536156,-155.90376229004943,149.63301016068195,26.692175560220782,8.323653423808537,14.04229543922962,109,341.606121874181,14.510216243596744,113,3w0w,unbound,/mnt/larry/lilian/DATA/TCR3d_datasets/expanded_benchmark_unbound_tcr_imgt/3w0w.pdb,"{'v_gene': [('human', 'TRAV12-2*01'), 0.9239130434782609], 'j_gene': [('human', 'TRAJ23*01'), 1.0]}","{'v_gene': [('human', 'TRBV27*01'), 0.9894736842105263], 'j_gene': [('human', 'TRBJ2-7*01'), 1.0]}",TRAV12-2*01,0.9239130434782608,TRAJ23*01,1.0,TRBV27*01,0.9894736842105264,TRBJ2-7*01,1.0,TRAV12-2*01-TRAJ23*01,TRBV27*01-TRBJ2-7*01,TRAV12-2*01-TRAJ23*01|TRBV27*01-TRBJ2-7*01
-65.58912355471963,104.65066828861046,-110.25704153541857,-161.51061164556145,145.90033965477167,25.921923597671444,331.3742468293777,13.850607637953306,109,354.870885982948,20.01429383291753,111,4jfd,unbound,/mnt/larry/lilian/DATA/TCR3d_datasets/expanded_benchmark_unbound_tcr_imgt/4jfd.pdb,"{'v_gene': [('human', 'TRAV12-2*01'), 0.9347826086956522], 'j_gene': [('human', 'TRAJ27*01'), 0.8571428571428571]}","{'v_gene': [('human', 'TRBV30*02'), 0.9468085106382979], 'j_gene': [('human', 'TRBJ2-2*01'), 0.7692307692307693]}",TRAV12-2*01,0.9347826086956522,TRAJ27*01,0.8571428571428571,TRBV30*02,0.946808510638298,TRBJ2-2*01,0.7692307692307693,TRAV12-2*01-TRAJ27*01,TRBV30*02-TRBJ2-2*01,TRAV12-2*01-TRAJ27*01|TRBV30*02-TRBJ2-2*01
-65.58936565028525,104.6506164173979,-110.25707567056983,-161.51113914367804,145.90007711274538,25.92195267352043,331.37719356606647,13.85112895639733,109,354.8659110755622,20.01370004522981,111,4jff,unbound,/mnt/larry/lilian/DATA/TCR3d_datasets/expanded_benchmark_unbound_tcr_imgt/4jff.pdb,"{'v_gene': [('human', 'TRAV12-2*01'), 0.9347826086956522], 'j_gene': [('human', 'TRAJ27*01'), 0.8571428571428571]}","{'v_gene': [('human', 'TRBV30*02'), 0.9468085106382979], 'j_gene': [('human', 'TRBJ2-2*01'), 0.7692307692307693]}",TRAV12-2*01,0.9347826086956522,TRAJ27*01,0.8571428571428571,TRBV30*02,0.946808510638298,TRBJ2-2*01,0.7692307692307693,TRAV12-2*01-TRAJ27*01,TRBV30*02-TRBJ2-2*01,TRAV12-2*01-TRAJ27*01|TRBV30*02-TRBJ2-2*01
-72.36208621889878,102.00850901063346,-108.54396891670348,-161.9357750663591,151.59374419226094,25.991161762517777,345.1097843508002,15.98710511242428,110,336.79725266282514,16.059660942202132,110,5c07,unbound,/mnt/larry/lilian/DATA/TCR3d_datasets/expanded_benchmark_unbound_tcr_imgt/5c07.pdb,"{'v_gene': [('human', 'TRAV12-3*01'), 0.967391304347826], 'j_gene': [('human', 'TRAJ12*01'), 1.0]}","{'v_gene': [('human', 'TRBV12-4*01'), 0.9895833333333334], 'j_gene': [('human', 'TRBJ2-4*01'), 1.0]}",TRAV12-3*01,0.967391304347826,TRAJ12*01,1.0,TRBV12-4*01,0.9895833333333334,TRBJ2-4*01,1.0,TRAV12-3*01-TRAJ12*01,TRBV12-4*01-TRBJ2-4*01,TRAV12-3*01-TRAJ12*01|TRBV12-4*01-TRBJ2-4*01
-72.36232738402154,102.00873074649428,-108.5436636166472,-161.93524989226827,151.59396697413274,25.99115343342099,345.10332259022675,15.986609263160664,110,336.80529190355026,16.059946629305482,110,5c08,unbound,/mnt/larry/lilian/DATA/TCR3d_datasets/expanded_benchmark_unbound_tcr_imgt/5c08.pdb,"{'v_gene': [('human', 'TRAV12-3*01'), 0.967391304347826], 'j_gene': [('human', 'TRAJ12*01'), 1.0]}","{'v_gene': [('human', 'TRBV12-4*01'), 0.9895833333333334], 'j_gene': [('human', 'TRBJ2-4*01'), 1.0]}",TRAV12-3*01,0.967391304347826,TRAJ12*01,1.0,TRBV12-4*01,0.9895833333333334,TRBJ2-4*01,1.0,TRAV12-3*01-TRAJ12*01,TRBV12-4*01-TRBJ2-4*01,TRAV12-3*01-TRAJ12*01|TRBV12-4*01-TRBJ2-4*01
-72.36258471375447,102.00849073132966,-108.54353905058092,-161.935293552512,151.59385267652186,25.991115044168357,345.1126731965319,15.987620551948767,110,336.8068796845833,16.060556262938356,110,5c09,unbound,/mnt/larry/lilian/DATA/TCR3d_datasets/expanded_benchmark_unbound_tcr_imgt/5c09.pdb,"{'v_gene': [('human', 'TRAV12-3*01'), 0.967391304347826], 'j_gene': [('human', 'TRAJ12*01'), 1.0]}","{'v_gene': [('human', 'TRBV12-4*01'), 0.9895833333333334], 'j_gene': [('human', 'TRBJ2-4*01'), 1.0]}",TRAV12-3*01,0.967391304347826,TRAJ12*01,1.0,TRBV12-4*01,0.9895833333333334,TRBJ2-4*01,1.0,TRAV12-3*01-TRAJ12*01,TRBV12-4*01-TRBJ2-4*01,TRAV12-3*01-TRAJ12*01|TRBV12-4*01-TRBJ2-4*01
-72.36256991724929,102.00862658559566,-108.5435084817676,-161.93561666368396,151.59437449351785,25.991117580551403,345.1017727366922,15.987391821900198,110,336.793835704827,16.059548737003734,110,5c0a,unbound,/mnt/larry/lilian/DATA/TCR3d_datasets/expanded_benchmark_unbound_tcr_imgt/5c0a.pdb,"{'v_gene': [('human', 'TRAV12-3*01'), 0.967391304347826], 'j_gene': [('human', 'TRAJ12*01'), 1.0]}","{'v_gene': [('human', 'TRBV12-4*01'), 0.9895833333333334], 'j_gene': [('human', 'TRBJ2-4*01'), 1.0]}",TRAV12-3*01,0.967391304347826,TRAJ12*01,1.0,TRBV12-4*01,0.9895833333333334,TRBJ2-4*01,1.0,TRAV12-3*01-TRAJ12*01,TRBV12-4*01-TRBJ2-4*01,TRAV12-3*01-TRAJ12*01|TRBV12-4*01-TRBJ2-4*01
-72.36250958433986,102.00875170449176,-108.54374191569268,-161.9352361934756,151.5940744026838,25.990961106362786,345.11140191887546,15.987881401426586,110,336.81722832028777,16.06020007157909,110,5c0b,unbound,/mnt/larry/lilian/DATA/TCR3d_datasets/expanded_benchmark_unbound_tcr_imgt/5c0b.pdb,"{'v_gene': [('human', 'TRAV12-3*01'), 0.967391304347826], 'j_gene': [('human', 'TRAJ12*01'), 1.0]}","{'v_gene': [('human', 'TRBV12-4*01'), 0.9895833333333334], 'j_gene': [('human', 'TRBJ2-4*01'), 1.0]}",TRAV12-3*01,0.967391304347826,TRAJ12*01,1.0,TRBV12-4*01,0.9895833333333334,TRBJ2-4*01,1.0,TRAV12-3*01-TRAJ12*01,TRBV12-4*01-TRBJ2-4*01,TRAV12-3*01-TRAJ12*01|TRBV12-4*01-TRBJ2-4*01
-72.3626216193254,102.0086316554429,-108.54367995190402,-161.93536282753317,151.59423490142396,25.99120163990645,345.1047175982535,15.987485364975068,110,336.81443767651865,16.060377049533383,110,5c0c,unbound,/mnt/larry/lilian/DATA/TCR3d_datasets/expanded_benchmark_unbound_tcr_imgt/5c0c.pdb,"{'v_gene': [('human', 'TRAV12-3*01'), 0.967391304347826], 'j_gene': [('human', 'TRAJ12*01'), 1.0]}","{'v_gene': [('human', 'TRBV12-4*01'), 0.9895833333333334], 'j_gene': [('human', 'TRBJ2-4*01'), 1.0]}",TRAV12-3*01,0.967391304347826,TRAJ12*01,1.0,TRBV12-4*01,0.9895833333333334,TRBJ2-4*01,1.0,TRAV12-3*01-TRAJ12*01,TRBV12-4*01-TRBJ2-4*01,TRAV12-3*01-TRAJ12*01|TRBV12-4*01-TRBJ2-4*01
-68.15989606556151,105.14339284149796,-106.2897945249038,-159.4890642695957,151.3854594214091,25.755379254917827,358.0485389055701,15.461280657417715,109,338.9234833599943,16.897569837471533,110,5hhm,unbound,/mnt/larry/lilian/DATA/TCR3d_datasets/expanded_benchmark_unbound_tcr_imgt/5hhm.pdb,"{'v_gene': [('human', 'TRAV27*01'), 0.978021978021978], 'j_gene': [('human', 'TRAJ42*01'), 1.0]}","{'v_gene': [('human', 'TRBV19*01'), 0.968421052631579], 'j_gene': [('human', 'TRBJ2-7*01'), 1.0]}",TRAV27*01,0.978021978021978,TRAJ42*01,1.0,TRBV19*01,0.968421052631579,TRBJ2-7*01,1.0,TRAV27*01-TRAJ42*01,TRBV19*01-TRBJ2-7*01,TRAV27*01-TRAJ42*01|TRBV19*01-TRBJ2-7*01
-72.36262632223008,102.00854877911584,-108.54340513997508,-161.93545652593215,151.59423920914426,25.991142729104112,345.11173984084155,15.987837216078027,110,336.813688515668,16.060385742753848,110,5hyj,unbound,/mnt/larry/lilian/DATA/TCR3d_datasets/expanded_benchmark_unbound_tcr_imgt/5hyj.pdb,"{'v_gene': [('human', 'TRAV12-3*01'), 0.967391304347826], 'j_gene': [('human', 'TRAJ12*01'), 1.0]}","{'v_gene': [('human', 'TRBV12-4*01'), 0.9895833333333334], 'j_gene': [('human', 'TRBJ2-4*01'), 1.0]}",TRAV12-3*01,0.967391304347826,TRAJ12*01,1.0,TRBV12-4*01,0.9895833333333334,TRBJ2-4*01,1.0,TRAV12-3*01-TRAJ12*01,TRBV12-4*01-TRBJ2-4*01,TRAV12-3*01-TRAJ12*01|TRBV12-4*01-TRBJ2-4*01
-66.70214527750929,103.5128927111869,-112.04409660136912,-158.3944880205832,146.16990005700228,25.80732736898503,331.70652271967185,16.114118465092343,110,341.06208645519894,17.385936544682714,110,5nme,unbound,/mnt/larry/lilian/DATA/TCR3d_datasets/expanded_benchmark_unbound_tcr_imgt/5nme.pdb,"{'v_gene': [('human', 'TRAV12-2*01'), 0.9347826086956522], 'j_gene': [('human', 'TRAJ41*01'), 1.0]}","{'v_gene': [('human', 'TRBV5-6*01'), 0.9789473684210527], 'j_gene': [('human', 'TRBJ2-7*01'), 1.0]}",TRAV12-2*01,0.9347826086956522,TRAJ41*01,1.0,TRBV5-6*01,0.9789473684210528,TRBJ2-7*01,1.0,TRAV12-2*01-TRAJ41*01,TRBV5-6*01-TRBJ2-7*01,TRAV12-2*01-TRAJ41*01|TRBV5-6*01-TRBJ2-7*01
-66.70206395437917,103.51258452158662,-112.04378347520893,-158.39454903250942,146.17012611448106,25.807367501934767,331.71584934263626,16.114334465434137,110,341.054739157199,17.386304643293293,110,5nmf,unbound,/mnt/larry/lilian/DATA/TCR3d_datasets/expanded_benchmark_unbound_tcr_imgt/5nmf.pdb,"{'v_gene': [('human', 'TRAV12-2*01'), 0.9347826086956522], 'j_gene': [('human', 'TRAJ41*01'), 1.0]}","{'v_gene': [('human', 'TRBV5-6*01'), 0.9789473684210527], 'j_gene': [('human', 'TRBJ2-7*01'), 1.0]}",TRAV12-2*01,0.9347826086956522,TRAJ41*01,1.0,TRBV5-6*01,0.9789473684210528,TRBJ2-7*01,1.0,TRAV12-2*01-TRAJ41*01,TRBV5-6*01-TRBJ2-7*01,TRAV12-2*01-TRAJ41*01|TRBV5-6*01-TRBJ2-7*01
-66.7018475567031,103.51297787839393,-112.04406892579463,-158.39438554864682,146.16980972654162,25.807333697409817,331.7036362864311,16.114598694080666,110,341.06770988447647,17.385994764454075,110,5nmg,unbound,/mnt/larry/lilian/DATA/TCR3d_datasets/expanded_benchmark_unbound_tcr_imgt/5nmg.pdb,"{'v_gene': [('human', 'TRAV12-2*01'), 0.9347826086956522], 'j_gene': [('human', 'TRAJ41*01'), 1.0]}","{'v_gene': [('human', 'TRBV5-6*01'), 0.9789473684210527], 'j_gene': [('human', 'TRBJ2-7*01'), 1.0]}",TRAV12-2*01,0.9347826086956522,TRAJ41*01,1.0,TRBV5-6*01,0.9789473684210528,TRBJ2-7*01,1.0,TRAV12-2*01-TRAJ41*01,TRBV5-6*01-TRBJ2-7*01,TRAV12-2*01-TRAJ41*01|TRBV5-6*01-TRBJ2-7*01
-67.59753725496849,104.48957650067612,-111.1264431342696,-158.4939229398332,149.8203502588872,26.006220480429924,326.1449452489536,13.055420528309474,113,345.6873899023756,14.284256098291111,109,6amu,unbound,/mnt/larry/lilian/DATA/TCR3d_datasets/expanded_benchmark_unbound_tcr_imgt/6amu.pdb,"{'v_gene': [('human', 'TRAV12-2*01'), 0.9782608695652174], 'j_gene': [('human', 'TRAJ23*01'), 1.0]}","{'v_gene': [('human', 'TRBV6-4*01'), 0.9894736842105263], 'j_gene': [('human', 'TRBJ1-1*01'), 1.0]}",TRAV12-2*01,0.9782608695652174,TRAJ23*01,1.0,TRBV6-4*01,0.9894736842105264,TRBJ1-1*01,1.0,TRAV12-2*01-TRAJ23*01,TRBV6-4*01-TRBJ1-1*01,TRAV12-2*01-TRAJ23*01|TRBV6-4*01-TRBJ1-1*01
-67.24633637090321,108.01873114365168,-99.985334004629,-155.9405097513424,152.90854405705133,26.67466862500945,304.15919148054763,19.31268414137553,111,2.3227110315217487,17.032729720107884,110,6avf,unbound,/mnt/larry/lilian/DATA/TCR3d_datasets/expanded_benchmark_unbound_tcr_imgt/6avf.pdb,"{'v_gene': [('human', 'TRAV4*01'), 0.9782608695652174], 'j_gene': [('human', 'TRAJ21*01'), 1.0]}","{'v_gene': [('human', 'TRBV28*01'), 0.968421052631579], 'j_gene': [('human', 'TRBJ2-3*01'), 1.0]}",TRAV4*01,0.9782608695652174,TRAJ21*01,1.0,TRBV28*01,0.968421052631579,TRBJ2-3*01,1.0,TRAV4*01-TRAJ21*01,TRBV28*01-TRBJ2-3*01,TRAV4*01-TRAJ21*01|TRBV28*01-TRBJ2-3*01
-74.72141103312204,104.9376669597783,-108.42840500214338,-162.5884678104151,147.87104425593205,25.37977507428381,348.7259308615468,15.12127766153978,109,309.0628413813622,16.28210371785563,112,6cql,unbound,/mnt/larry/lilian/DATA/TCR3d_datasets/expanded_benchmark_unbound_tcr_imgt/6cql.pdb,"{'v_gene': [('human', 'TRAV24*01'), 0.9891304347826086], 'j_gene': [('human', 'TRAJ17*01'), 1.0]}","{'v_gene': [('human', 'TRBV2*01'), 0.9791666666666666], 'j_gene': [('human', 'TRBJ2-1*01'), 1.0]}",TRAV24*01,0.9891304347826086,TRAJ17*01,1.0,TRBV2*01,0.9791666666666666,TRBJ2-1*01,1.0,TRAV24*01-TRAJ17*01,TRBV2*01-TRBJ2-1*01,TRAV24*01-TRAJ17*01|TRBV2*01-TRBJ2-1*01
-74.72189594780019,104.9376496496904,-108.42816736330352,-162.58847820662172,147.87133523783086,25.37978774135692,348.7371667135256,15.121401474286072,109,309.0707826946296,16.28177092833275,112,6cqq,unbound,/mnt/larry/lilian/DATA/TCR3d_datasets/expanded_benchmark_unbound_tcr_imgt/6cqq.pdb,"{'v_gene': [('human', 'TRAV24*01'), 0.9891304347826086], 'j_gene': [('human', 'TRAJ17*01'), 1.0]}","{'v_gene': [('human', 'TRBV2*01'), 0.9791666666666666], 'j_gene': [('human', 'TRBJ2-1*01'), 1.0]}",TRAV24*01,0.9891304347826086,TRAJ17*01,1.0,TRBV2*01,0.9791666666666666,TRBJ2-1*01,1.0,TRAV24*01-TRAJ17*01,TRBV2*01-TRBJ2-1*01,TRAV24*01-TRAJ17*01|TRBV2*01-TRBJ2-1*01
-74.72182533120987,104.93751036846498,-108.4282675373628,-162.58842361745172,147.87130191325463,25.379824912885468,348.7366927518391,15.12164560497804,109,309.06219644718567,16.282218742240612,112,6cqr,unbound,/mnt/larry/lilian/DATA/TCR3d_datasets/expanded_benchmark_unbound_tcr_imgt/6cqr.pdb,"{'v_gene': [('human', 'TRAV24*01'), 0.9891304347826086], 'j_gene': [('human', 'TRAJ17*01'), 1.0]}","{'v_gene': [('human', 'TRBV2*01'), 0.9791666666666666], 'j_gene': [('human', 'TRBJ2-1*01'), 1.0]}",TRAV24*01,0.9891304347826086,TRAJ17*01,1.0,TRBV2*01,0.9791666666666666,TRBJ2-1*01,1.0,TRAV24*01-TRAJ17*01,TRBV2*01-TRBJ2-1*01,TRAV24*01-TRAJ17*01|TRBV2*01-TRBJ2-1*01
-65.58961225017947,104.65051939251114,-110.2570632210376,-161.51083775441674,145.90015018830158,25.92193496551372,331.37615909807147,13.850545295727994,109,354.8927710681629,20.014029105997203,111,6eqb,unbound,/mnt/larry/lilian/DATA/TCR3d_datasets/expanded_benchmark_unbound_tcr_imgt/6eqb.pdb,"{'v_gene': [('human', 'TRAV12-2*01'), 0.9347826086956522], 'j_gene': [('human', 'TRAJ27*01'), 0.8571428571428571]}","{'v_gene': [('human', 'TRBV30*02'), 0.9468085106382979], 'j_gene': [('human', 'TRBJ2-2*01'), 0.7692307692307693]}",TRAV12-2*01,0.9347826086956522,TRAJ27*01,0.8571428571428571,TRBV30*02,0.946808510638298,TRBJ2-2*01,0.7692307692307693,TRAV12-2*01-TRAJ27*01,TRBV30*02-TRBJ2-2*01,TRAV12-2*01-TRAJ27*01|TRBV30*02-TRBJ2-2*01
