BA,BC1,AC1,BC2,AC2,dc,d_alpha_mhc,d_beta_mhc,d_alpha_beta,theta_rA,phi_rA,theta_rB,phi_rB,theta_pc1A,phi_pc1A,theta_pc1B,phi_pc1B,alpha_cdr3_bend_deg,alpha_cdr3_apex_height_A,alpha_cdr3_apex_resi,beta_cdr3_bend_deg,beta_cdr3_apex_height_A,beta_cdr3_apex_resi,tcr_name,state,pdb_path,alpha_germline,beta_germline,mhc_alpha_allele,mhc_beta_allele,alpha_v_gene,alpha_v_score,alpha_j_gene,alpha_j_score,beta_v_gene,beta_v_score,beta_j_gene,beta_j_score,alpha_vj,beta_vj,germline_vj_pair
-62.92829241867478,106.98147149975472,-108.04723320673476,-159.82632182440304,148.08950478765453,26.81791296141771,49.02130154888038,51.56918410098677,26.81791296141771,75.92268547007312,-30.83485934950901,72.8922044543116,1.012978182432218,100.6298483492242,-35.647976619724645,36.57072594209245,0.7230537780627311,318.5965700042833,15.60390892270663,110,344.2523141463508,18.66449763475887,110,1ao7,bound,/mnt/larry/lilian/DATA/TCR3d_datasets/expanded_benchmark_bound_tcr_imgt/1ao7.pdb,"{'v_gene': [('human', 'TRAV12-2*01'), 0.9565217391304348], 'j_gene': [('human', 'TRAJ24*02'), 1.0]}","{'v_gene': [('human', 'TRBV6-5*01'), 0.9578947368421052], 'j_gene': [('human', 'TRBJ2-7*01'), 1.0]}",A*02:1040:02 365 bp,DPB1*1571:01 258 bp,TRAV12-2*01,0.9565217391304348,TRAJ24*02,1.0,TRBV6-5*01,0.9578947368421052,TRBJ2-7*01,1.0,TRAV12-2*01-TRAJ24*02,TRBV6-5*01-TRBJ2-7*01,TRAV12-2*01-TRAJ24*02|TRBV6-5*01-TRBJ2-7*01
-72.43172705662364,105.7165354925435,-102.0166528770515,-158.75733094497542,148.98695649450056,26.493672341208725,50.35537051593597,50.24991682657507,26.493672341208725,91.66504388063196,13.595046694408737,99.4007607784066,-16.11043564200409,64.29214000432557,3.543639353444425,140.19504703072013,-9.88553092945529,333.6998655981888,17.09240343493073,111,326.9060345811075,14.44367573286713,113,1mi5,bound,/mnt/larry/lilian/DATA/TCR3d_datasets/expanded_benchmark_bound_tcr_imgt/1mi5.pdb,"{'v_gene': [('human', 'TRAV26-2*01'), 0.9347826086956522], 'j_gene': [('human', 'TRAJ52*01'), 1.0]}","{'v_gene': [('human', 'TRBV7-8*01'), 0.9791666666666666], 'j_gene': [('human', 'TRBJ2-7*01'), 1.0]}",B*08:238 362 bp,DPA1*01:229 260 bp,TRAV26-2*01,0.9347826086956522,TRAJ52*01,1.0,TRBV7-8*01,0.9791666666666666,TRBJ2-7*01,1.0,TRAV26-2*01-TRAJ52*01,TRBV7-8*01-TRBJ2-7*01,TRAV26-2*01-TRAJ52*01|TRBV7-8*01-TRBJ2-7*01
-57.797110190012965,107.1798944789215,-104.98145757832005,-157.2789974946498,151.15509090537452,26.06673568211063,53.04899649745845,47.312591894699615,26.06673568211063,87.59701007194188,-22.59177015680481,71.39072427402917,2.458556675673298,93.60503981573396,-4.6765143782994345,28.252211909928253,-9.318703710539983,349.19697642156007,10.543154561376683,113,351.95265970729406,14.384107482171038,109,1oga,bound,/mnt/larry/lilian/DATA/TCR3d_datasets/expanded_benchmark_bound_tcr_imgt/1oga.pdb,"{'v_gene': [('human', 'TRAV27*01'), 0.978021978021978], 'j_gene': [('human', 'TRAJ42*01'), 1.0]}","{'v_gene': [('human', 'TRBV19*01'), 0.968421052631579], 'j_gene': [('human', 'TRBJ2-7*01'), 1.0]}",A*02:1069 365 bp,DPA1*01:229 260 bp,TRAV27*01,0.978021978021978,TRAJ42*01,1.0,TRBV19*01,0.968421052631579,TRBJ2-7*01,1.0,TRAV27*01-TRAJ42*01,TRBV19*01-TRBJ2-7*01,TRAV27*01-TRAJ42*01|TRBV19*01-TRBJ2-7*01
-59.41332959820237,107.2634306410026,-109.16689543712994,-159.97944675688393,143.9291655453178,26.532370839869976,53.34620572062491,46.9687332792627,26.532370839869976,94.0926202105954,13.34482541397752,111.26647568317088,-11.755035787891062,73.88954027547152,-9.637047846232536,142.6665000268853,-11.893988376150876,342.7412640544188,15.64225976467848,112,350.95957054358644,15.855218579802004,112,2bnr,bound,/mnt/larry/lilian/DATA/TCR3d_datasets/expanded_benchmark_bound_tcr_imgt/2bnr.pdb,"{'v_gene': [('human', 'TRAV21*01'), 0.989247311827957], 'j_gene': [('human', 'TRAJ6*01'), 1.0]}","{'v_gene': [('human', 'TRBV6-5*01'), 0.9789473684210527], 'j_gene': [('human', 'TRBJ2-2*01'), 1.0]}",A*02:1069 365 bp,DPA1*01:229 260 bp,TRAV21*01,0.989247311827957,TRAJ6*01,1.0,TRBV6-5*01,0.9789473684210528,TRBJ2-2*01,1.0,TRAV21*01-TRAJ6*01,TRBV6-5*01-TRBJ2-2*01,TRAV21*01-TRAJ6*01|TRBV6-5*01-TRBJ2-2*01
-55.89016405475808,108.90711647506166,-108.7023295538027,-157.85635304735288,146.1002026814517,26.042155211186945,47.560004078808426,46.80583587792467,26.042155211186945,69.19049085623033,-38.50769828430588,55.69137677189208,-5.506706696406256,83.24881038529067,-31.904471269976145,17.719614458541002,-13.403536878569142,348.65380557646324,15.923619114279374,110,347.8893799028281,14.948777086052262,109,2iam,bound,/mnt/larry/lilian/DATA/TCR3d_datasets/expanded_benchmark_bound_tcr_imgt/2iam.pdb,"{'v_gene': [('human', 'TRAV22*01'), 0.9666666666666667], 'j_gene': [('human', 'TRAJ54*01'), 1.0]}","{'v_gene': [('human', 'TRBV6-6*01'), 0.9789473684210527], 'j_gene': [('human', 'TRBJ1-3*01'), 0.9230769230769231]}",DRA*01:11 254 bp,DRB1*01:115 266 bp,TRAV22*01,0.9666666666666668,TRAJ54*01,1.0,TRBV6-6*01,0.9789473684210528,TRBJ1-3*01,0.9230769230769232,TRAV22*01-TRAJ54*01,TRBV6-6*01-TRBJ1-3*01,TRAV22*01-TRAJ54*01|TRBV6-6*01-TRBJ1-3*01
-56.04904187735899,108.60731018489012,-109.12914186871616,-157.6001519082492,147.02599856050546,25.75011701614328,47.36630402331854,47.140305387198005,25.75011701614328,68.96218303615844,-39.58087820009638,56.60992844426147,-6.635360941070331,84.47728088749714,-34.76358391498129,19.148200962445436,-13.65663773189007,350.3237774750353,15.901220708482626,110,355.96171326126444,14.976691510243128,109,2ian,bound,/mnt/larry/lilian/DATA/TCR3d_datasets/expanded_benchmark_bound_tcr_imgt/2ian.pdb,"{'v_gene': [('human', 'TRAV22*01'), 0.9666666666666667], 'j_gene': [('human', 'TRAJ54*01'), 1.0]}","{'v_gene': [('human', 'TRBV6-6*01'), 0.968421052631579], 'j_gene': [('human', 'TRBJ1-3*01'), 0.9230769230769231]}",DRA*01:03 254 bp,DRB1*01:115 266 bp,TRAV22*01,0.9666666666666668,TRAJ54*01,1.0,TRBV6-6*01,0.968421052631579,TRBJ1-3*01,0.9230769230769232,TRAV22*01-TRAJ54*01,TRBV6-6*01-TRBJ1-3*01,TRAV22*01-TRAJ54*01|TRBV6-6*01-TRBJ1-3*01
-68.64614485985383,104.0903598600909,-108.10313821213212,-158.4220386031594,151.19223646631633,26.26427125003925,50.358128102259954,49.14820804568776,26.26427125003925,98.37833851612086,29.144705367363184,116.19662524842344,2.961266287291632,77.43228659177193,14.946666196570302,150.50326221800114,35.68753951016378,349.7331069038352,14.163979584710154,109,324.3855925267063,15.622203139641352,112,2nx5,bound,/mnt/larry/lilian/DATA/TCR3d_datasets/expanded_benchmark_bound_tcr_imgt/2nx5.pdb,"{'v_gene': [('human', 'TRAV1-2*01'), 0.967032967032967], 'j_gene': [('human', 'TRAJ6*01'), 1.0]}","{'v_gene': [('human', 'TRBV10-3*01'), 0.968421052631579], 'j_gene': [('human', 'TRBJ1-5*01'), 1.0]}",B*35:516 362 bp,DPA1*01:229 260 bp,TRAV1-2*01,0.967032967032967,TRAJ6*01,1.0,TRBV10-3*01,0.968421052631579,TRBJ1-5*01,1.0,TRAV1-2*01-TRAJ6*01,TRBV10-3*01-TRBJ1-5*01,TRAV1-2*01-TRAJ6*01|TRBV10-3*01-TRBJ1-5*01
-57.63451029722642,107.43617688343164,-108.9968933722684,-158.97541417220228,143.6116136365559,26.991179326289085,53.78289908653243,47.6919455157153,26.991179326289085,84.27652518640605,-15.381334877984822,67.45384773542844,10.473222130518176,102.5506853074754,5.486534143629197,35.33304904666342,10.14589059397384,6.379526332046908,17.285827262579225,110,345.7434509861065,17.11333880181634,110,2pye,bound,/mnt/larry/lilian/DATA/TCR3d_datasets/expanded_benchmark_bound_tcr_imgt/2pye.pdb,"{'v_gene': [('human', 'TRAV21*01'), 0.989247311827957], 'j_gene': [('human', 'TRAJ6*01'), 1.0]}","{'v_gene': [('human', 'TRBV6-5*01'), 0.9578947368421052], 'j_gene': [('human', 'TRBJ2-2*01'), 1.0]}",A*02:1069 365 bp,DPA1*01:229 260 bp,TRAV21*01,0.989247311827957,TRAJ6*01,1.0,TRBV6-5*01,0.9578947368421052,TRBJ2-2*01,1.0,TRAV21*01-TRAJ6*01,TRBV6-5*01-TRBJ2-2*01,TRAV21*01-TRAJ6*01|TRBV6-5*01-TRBJ2-2*01
-73.14265274345087,106.27575147714886,-103.30076332404822,-155.69482567525387,148.1469249920325,27.27666918942833,51.23755943979457,48.68977356251349,27.27666918942833,83.08711457881031,-20.02063825279053,67.66721599457522,8.549965335148721,103.24556052727714,-0.6882277903952473,25.606761498283863,-11.631588325737637,310.5494518781435,15.426499879870889,113,358.3022326474146,16.868532801681084,110,3dxa,bound,/mnt/larry/lilian/DATA/TCR3d_datasets/expanded_benchmark_bound_tcr_imgt/3dxa.pdb,"{'v_gene': [('human', 'TRAV26-1*02'), 0.9456521739130435], 'j_gene': [('human', 'TRAJ13*02'), 1.0]}","{'v_gene': [('human', 'TRBV7-9*01'), 0.96875], 'j_gene': [('human', 'TRBJ2-1*01'), 1.0]}",B*44:434 362 bp,DPA1*01:229 260 bp,TRAV26-1*02,0.9456521739130436,TRAJ13*02,1.0,TRBV7-9*01,0.96875,TRBJ2-1*01,1.0,TRAV26-1*02-TRAJ13*02,TRBV7-9*01-TRBJ2-1*01,TRAV26-1*02-TRAJ13*02|TRBV7-9*01-TRBJ2-1*01
-62.48696644924062,106.02397964204724,-107.8468046791885,-161.5195209949488,148.49586084415867,26.26084409655553,48.67154554311367,51.64940868258912,26.26084409655553,75.36555663140909,-27.75417303131719,72.40650776811289,3.526263220678522,99.82256260785616,-33.60161448524623,35.84074693682221,0.7487750300129683,316.43949002637817,15.32869090801328,110,341.9382565948421,18.179557179134108,110,3h9s,bound,/mnt/larry/lilian/DATA/TCR3d_datasets/expanded_benchmark_bound_tcr_imgt/3h9s.pdb,"{'v_gene': [('human', 'TRAV12-2*01'), 0.9565217391304348], 'j_gene': [('human', 'TRAJ24*02'), 1.0]}","{'v_gene': [('human', 'TRBV6-5*01'), 0.9789473684210527], 'j_gene': [('human', 'TRBJ2-7*01'), 1.0]}",A*02:1069 365 bp,DPA1*01:229 260 bp,TRAV12-2*01,0.9565217391304348,TRAJ24*02,1.0,TRBV6-5*01,0.9789473684210528,TRBJ2-7*01,1.0,TRAV12-2*01-TRAJ24*02,TRBV6-5*01-TRBJ2-7*01,TRAV12-2*01-TRAJ24*02|TRBV6-5*01-TRBJ2-7*01
-70.99842695737658,107.39215838065732,-99.26236656972496,-158.18920340822334,147.72546708309275,26.94402239885876,49.64413974054023,49.79219532363657,26.94402239885876,92.0953864827624,13.890277907591145,98.03867915020248,-17.124667372171423,64.49275537869055,2.83522082544492,137.55447234056064,-16.05188948182795,338.50422603738275,16.644488110224778,111,322.67947151808903,14.430159989253744,113,3kpr,bound,/mnt/larry/lilian/DATA/TCR3d_datasets/expanded_benchmark_bound_tcr_imgt/3kpr.pdb,"{'v_gene': [('human', 'TRAV26-2*01'), 0.9347826086956522], 'j_gene': [('human', 'TRAJ52*01'), 1.0]}","{'v_gene': [('human', 'TRBV7-8*01'), 0.9791666666666666], 'j_gene': [('human', 'TRBJ2-7*01'), 1.0]}",B*44:434 362 bp,DPA1*01:229 260 bp,TRAV26-2*01,0.9347826086956522,TRAJ52*01,1.0,TRBV7-8*01,0.9791666666666666,TRBJ2-7*01,1.0,TRAV26-2*01-TRAJ52*01,TRBV7-8*01-TRBJ2-7*01,TRAV26-2*01-TRAJ52*01|TRBV7-8*01-TRBJ2-7*01
-72.15878641228264,107.09326178008024,-100.3648073400648,-158.25369770813208,147.90765550771272,26.802539355011604,49.9258799382844,49.722001498609806,26.802539355011604,88.61786139886068,-13.37293293439473,80.1193775287008,16.830683819148042,115.92303579540122,-0.2851200109963069,40.26184350050366,11.604190161941656,336.6423526563133,16.804520674193743,111,323.88805533381304,14.485685000822173,113,3kps,bound,/mnt/larry/lilian/DATA/TCR3d_datasets/expanded_benchmark_bound_tcr_imgt/3kps.pdb,"{'v_gene': [('human', 'TRAV26-2*01'), 0.9347826086956522], 'j_gene': [('human', 'TRAJ52*01'), 1.0]}","{'v_gene': [('human', 'TRBV7-8*01'), 0.9791666666666666], 'j_gene': [('human', 'TRBJ2-7*01'), 1.0]}",B*44:434 362 bp,DPA1*01:229 260 bp,TRAV26-2*01,0.9347826086956522,TRAJ52*01,1.0,TRBV7-8*01,0.9791666666666666,TRBJ2-7*01,1.0,TRAV26-2*01-TRAJ52*01,TRBV7-8*01-TRBJ2-7*01,TRAV26-2*01-TRAJ52*01|TRBV7-8*01-TRBJ2-7*01
-62.37553210095045,106.46259737484144,-107.41626713920571,-161.02963826333644,147.96464799993993,26.43027972994488,48.67816277441807,51.57981157157955,26.43027972994488,76.50162216305614,-29.205691076928847,72.72089859185319,2.108983893182979,101.29076764356546,-33.77022747787512,36.73957653924492,-1.5661289759440769,322.41239060148496,15.236302874105078,110,340.8063938643148,18.153899961464614,110,3pwp,bound,/mnt/larry/lilian/DATA/TCR3d_datasets/expanded_benchmark_bound_tcr_imgt/3pwp.pdb,"{'v_gene': [('human', 'TRAV12-2*01'), 0.9565217391304348], 'j_gene': [('human', 'TRAJ24*02'), 1.0]}","{'v_gene': [('human', 'TRBV6-5*01'), 0.9789473684210527], 'j_gene': [('human', 'TRBJ2-7*01'), 1.0]}",A*02:1069 365 bp,DPA1*01:229 260 bp,TRAV12-2*01,0.9565217391304348,TRAJ24*02,1.0,TRBV6-5*01,0.9789473684210528,TRBJ2-7*01,1.0,TRAV12-2*01-TRAJ24*02,TRBV6-5*01-TRBJ2-7*01,TRAV12-2*01-TRAJ24*02|TRBV6-5*01-TRBJ2-7*01
-67.04597732010726,105.63942053020928,-112.33400734768202,-157.26799878921665,147.68785350151785,25.75062590460876,48.37621888551115,47.380117041251104,25.75062590460876,102.24637528129146,26.875003390372434,108.11606577330926,-4.898116819068622,79.34990121091853,27.17419137426293,149.8095266872841,-7.857096580383156,334.13145605993367,13.540845694902144,113,326.8278889389503,14.610453036584394,110,3qdg,bound,/mnt/larry/lilian/DATA/TCR3d_datasets/expanded_benchmark_bound_tcr_imgt/3qdg.pdb,"{'v_gene': [('human', 'TRAV12-2*01'), 0.9782608695652174], 'j_gene': [('human', 'TRAJ23*01'), 1.0]}","{'v_gene': [('human', 'TRBV6-4*01'), 0.9894736842105263], 'j_gene': [('human', 'TRBJ1-1*01'), 1.0]}",A*02:1069 365 bp,DPA1*01:229 260 bp,TRAV12-2*01,0.9782608695652174,TRAJ23*01,1.0,TRBV6-4*01,0.9894736842105264,TRBJ1-1*01,1.0,TRAV12-2*01-TRAJ23*01,TRBV6-4*01-TRBJ1-1*01,TRAV12-2*01-TRAJ23*01|TRBV6-4*01-TRBJ1-1*01
-67.50024990742828,105.66006973913709,-112.54002661607316,-157.62652578338046,147.63834291756174,25.705005984444785,48.18095824344364,47.11015440224831,25.705005984444785,102.08880514125572,26.788008108369517,107.5993143720152,-5.101544460713938,78.41155253281067,27.32452284850661,148.85111249655571,-8.90005350818934,331.60320094288363,13.613266041355612,113,327.7690459294208,14.493385242842631,110,3qdj,bound,/mnt/larry/lilian/DATA/TCR3d_datasets/expanded_benchmark_bound_tcr_imgt/3qdj.pdb,"{'v_gene': [('human', 'TRAV12-2*01'), 0.9782608695652174], 'j_gene': [('human', 'TRAJ23*01'), 1.0]}","{'v_gene': [('human', 'TRBV6-4*01'), 0.9894736842105263], 'j_gene': [('human', 'TRBJ1-1*01'), 1.0]}",A*02:1069 365 bp,DPA1*01:229 260 bp,TRAV12-2*01,0.9782608695652174,TRAJ23*01,1.0,TRBV6-4*01,0.9894736842105264,TRBJ1-1*01,1.0,TRAV12-2*01-TRAJ23*01,TRBV6-4*01-TRBJ1-1*01,TRAV12-2*01-TRAJ23*01|TRBV6-4*01-TRBJ1-1*01
-69.81707172917926,107.3914641704852,-106.5972832218885,-158.9047144753052,146.29362727088167,26.923548083944688,49.139407030702095,49.03127578468192,26.923548083944688,96.53492595523998,15.95956962430395,104.68841706694312,-15.39182779282737,72.48190738933145,10.443149660543908,146.8280452369379,-12.04455002769262,339.847749892141,11.36636923943909,114,337.35628348865873,14.664745990475256,110,3sjv,bound,/mnt/larry/lilian/DATA/TCR3d_datasets/expanded_benchmark_bound_tcr_imgt/3sjv.pdb,"{'v_gene': [('human', 'TRAV12-1*01'), 0.9340659340659341], 'j_gene': [('human', 'TRAJ23*01'), 1.0]}","{'v_gene': [('human', 'TRBV6-2*01'), 0.968421052631579], 'j_gene': [('human', 'TRBJ2-4*01'), 1.0]}",B*08:238 362 bp,DPA1*01:229 260 bp,TRAV12-1*01,0.934065934065934,TRAJ23*01,1.0,TRBV6-2*01,0.968421052631579,TRBJ2-4*01,1.0,TRAV12-1*01-TRAJ23*01,TRBV6-2*01-TRBJ2-4*01,TRAV12-1*01-TRAJ23*01|TRBV6-2*01-TRBJ2-4*01
-74.00882350965816,100.25889540547335,-109.76702845972416,-160.20439117860295,151.58963751476082,26.500354197636074,52.11628108309537,47.74541343829802,26.500354197636074,103.80675802019935,20.645272152686125,110.91966055385932,-10.35670686318274,78.08568184107423,10.600648297603849,155.241609076596,-10.477915447594274,343.5321088541141,16.34326986620716,109,322.8070611080344,15.90861464704383,112,3utt,bound,/mnt/larry/lilian/DATA/TCR3d_datasets/expanded_benchmark_bound_tcr_imgt/3utt.pdb,"{'v_gene': [('human', 'TRAV12-3*01'), 0.9565217391304348], 'j_gene': [('human', 'TRAJ12*01'), 1.0]}","{'v_gene': [('human', 'TRBV12-4*01'), 0.96875], 'j_gene': [('human', 'TRBJ2-4*01'), 1.0]}",A*02:1069 365 bp,DPA1*01:229 260 bp,TRAV12-3*01,0.9565217391304348,TRAJ12*01,1.0,TRBV12-4*01,0.96875,TRBJ2-4*01,1.0,TRAV12-3*01-TRAJ12*01,TRBV12-4*01-TRBJ2-4*01,TRAV12-3*01-TRAJ12*01|TRBV12-4*01-TRBJ2-4*01
-66.27055181239548,104.15969934441546,-109.913360706176,-161.5337008316645,145.6686783283358,25.6335397408176,50.99296986339258,47.28551093818683,25.6335397408176,100.50079506552052,23.2560275403531,112.4737689377885,-5.4474844649138525,80.92053194783523,11.869143958850389,154.12717069117133,2.8073425277501256,352.1778344086373,14.910243903147087,110,346.69643869484264,16.54699515171719,110,3vxr,bound,/mnt/larry/lilian/DATA/TCR3d_datasets/expanded_benchmark_bound_tcr_imgt/3vxr.pdb,"{'v_gene': [('human', 'TRAV21*01'), 1.0], 'j_gene': [('human', 'TRAJ12*01'), 1.0]}","{'v_gene': [('human', 'TRBV7-9*01'), 0.9791666666666666], 'j_gene': [('human', 'TRBJ2-2*01'), 1.0]}",A*24:657 365 bp,DPA1*01:229 260 bp,TRAV21*01,1.0,TRAJ12*01,1.0,TRBV7-9*01,0.9791666666666666,TRBJ2-2*01,1.0,TRAV21*01-TRAJ12*01,TRBV7-9*01-TRBJ2-2*01,TRAV21*01-TRAJ12*01|TRBV7-9*01-TRBJ2-2*01
-65.96297863737979,104.49571041065413,-110.1468209687677,-161.26378871725396,144.74180195707206,25.888862438236917,51.28091156984129,47.61230950298964,25.888862438236917,79.75214119047722,-22.831446898619905,67.45553558447511,5.855325023520799,99.9958496271717,-11.344756799492664,26.832352139180934,-2.221247746213481,351.2929104012007,14.812773327157965,110,348.2625923873939,16.38205617092447,110,3vxs,bound,/mnt/larry/lilian/DATA/TCR3d_datasets/expanded_benchmark_bound_tcr_imgt/3vxs.pdb,"{'v_gene': [('human', 'TRAV21*01'), 1.0], 'j_gene': [('human', 'TRAJ12*01'), 1.0]}","{'v_gene': [('human', 'TRBV7-9*01'), 0.9791666666666666], 'j_gene': [('human', 'TRBJ2-2*01'), 1.0]}",A*24:657 365 bp,DPA1*01:229 260 bp,TRAV21*01,1.0,TRAJ12*01,1.0,TRBV7-9*01,0.9791666666666666,TRBJ2-2*01,1.0,TRAV21*01-TRAJ12*01,TRBV7-9*01-TRBJ2-2*01,TRAV21*01-TRAJ12*01|TRBV7-9*01-TRBJ2-2*01
-65.35730067829572,106.43743372077128,-111.05655631315383,-156.58861392032648,145.65230529841926,26.242069522475884,50.04915702514696,47.00387201300975,26.242069522475884,96.04456214309448,26.584421555129467,110.4377850936994,-1.9262343109703992,75.81435161878679,15.725499642719798,149.8885879999454,9.524134458963408,2.242138723678352,13.17878668612942,113,342.7230314126059,15.538289189353195,109,3w0w,bound,/mnt/larry/lilian/DATA/TCR3d_datasets/expanded_benchmark_bound_tcr_imgt/3w0w.pdb,"{'v_gene': [('human', 'TRAV12-2*01'), 0.9347826086956522], 'j_gene': [('human', 'TRAJ23*01'), 1.0]}","{'v_gene': [('human', 'TRBV27*01'), 0.9894736842105263], 'j_gene': [('human', 'TRBJ2-7*01'), 1.0]}",A*24:465 365 bp,DPA1*01:229 260 bp,TRAV12-2*01,0.9347826086956522,TRAJ23*01,1.0,TRBV27*01,0.9894736842105264,TRBJ2-7*01,1.0,TRAV12-2*01-TRAJ23*01,TRBV27*01-TRBJ2-7*01,TRAV12-2*01-TRAJ23*01|TRBV27*01-TRBJ2-7*01
-68.79050028976646,103.03821470150837,-110.26408395887692,-163.17722634932156,144.9029883872636,25.90853171060561,48.57073148001509,46.646648189228216,25.90853171060561,105.20908807700717,26.120944344097385,113.71013578700742,-6.132597139080709,84.140544100281,20.34758371776061,158.03238174338514,-0.7524972519625466,317.8581550869642,12.5182222623684,114,342.15157167672714,17.561129361856665,110,4jfd,bound,/mnt/larry/lilian/DATA/TCR3d_datasets/expanded_benchmark_bound_tcr_imgt/4jfd.pdb,"{'v_gene': [('human', 'TRAV12-2*01'), 0.9130434782608695], 'j_gene': [('human', 'TRAJ27*01'), 0.8571428571428571]}","{'v_gene': [('human', 'TRBV30*02'), 0.9468085106382979], 'j_gene': [('human', 'TRBJ2-2*01'), 0.7692307692307693]}",A*02:1069 365 bp,DPA1*01:229 260 bp,TRAV12-2*01,0.9130434782608696,TRAJ27*01,0.8571428571428571,TRBV30*02,0.946808510638298,TRBJ2-2*01,0.7692307692307693,TRAV12-2*01-TRAJ27*01,TRBV30*02-TRBJ2-2*01,TRAV12-2*01-TRAJ27*01|TRBV30*02-TRBJ2-2*01
-68.94121412720682,102.92614147737171,-110.02259163091462,-163.23456790474316,144.86532712025505,25.81816393631219,48.86175355204806,46.64962715624224,25.81816393631219,75.28353713665966,-25.295659220479703,64.92637907839169,6.173913347552082,95.12656371031564,-17.723323356992708,20.178903632438896,-5.939795496207418,318.9254043530637,12.7083804087314,114,342.5966061074331,17.55718019777381,110,4jff,bound,/mnt/larry/lilian/DATA/TCR3d_datasets/expanded_benchmark_bound_tcr_imgt/4jff.pdb,"{'v_gene': [('human', 'TRAV12-2*01'), 0.9130434782608695], 'j_gene': [('human', 'TRAJ27*01'), 0.8571428571428571]}","{'v_gene': [('human', 'TRBV30*02'), 0.9468085106382979], 'j_gene': [('human', 'TRBJ2-2*01'), 0.7692307692307693]}",A*02:1069 365 bp,DPA1*01:229 260 bp,TRAV12-2*01,0.9130434782608696,TRAJ27*01,0.8571428571428571,TRBV30*02,0.946808510638298,TRBJ2-2*01,0.7692307692307693,TRAV12-2*01-TRAJ27*01,TRBV30*02-TRBJ2-2*01,TRAV12-2*01-TRAJ27*01|TRBV30*02-TRBJ2-2*01
-73.84862824521312,99.27342221398808,-109.80563558997116,-160.20966733283078,149.3110534313295,26.2875830081694,52.75335776658862,47.8616500904621,26.2875830081694,77.40154690907157,-24.024852209768174,67.47359210652643,5.509157934167981,101.734293448127,-10.780129874326622,23.6194969603474,-4.637812878714476,343.1569437798316,15.829382817240544,110,324.60585936516816,15.984521385781528,112,5c07,bound,/mnt/larry/lilian/DATA/TCR3d_datasets/expanded_benchmark_bound_tcr_imgt/5c07.pdb,"{'v_gene': [('human', 'TRAV12-3*01'), 0.967391304347826], 'j_gene': [('human', 'TRAJ12*01'), 1.0]}","{'v_gene': [('human', 'TRBV12-4*01'), 0.9895833333333334], 'j_gene': [('human', 'TRBJ2-4*01'), 1.0]}",A*02:1069 365 bp,DPA1*01:229 260 bp,TRAV12-3*01,0.967391304347826,TRAJ12*01,1.0,TRBV12-4*01,0.9895833333333334,TRBJ2-4*01,1.0,TRAV12-3*01-TRAJ12*01,TRBV12-4*01-TRBJ2-4*01,TRAV12-3*01-TRAJ12*01|TRBV12-4*01-TRBJ2-4*01
-73.35412261993012,98.69647807785468,-110.1332688702599,-159.87881696494114,148.89912732465777,26.286592572673182,52.350494970700005,47.93776416460434,26.286592572673182,77.26231268735177,-22.90973393452804,67.40827981757958,6.884448105157742,101.23804753154964,-11.039885484121678,23.667648684053045,-6.165197374222379,343.0009489427504,15.822723098335125,110,323.28040280299905,16.012176143259225,112,5c08,bound,/mnt/larry/lilian/DATA/TCR3d_datasets/expanded_benchmark_bound_tcr_imgt/5c08.pdb,"{'v_gene': [('human', 'TRAV12-3*01'), 0.9565217391304348], 'j_gene': [('human', 'TRAJ12*01'), 1.0]}","{'v_gene': [('human', 'TRBV12-4*01'), 0.96875], 'j_gene': [('human', 'TRBJ2-4*01'), 1.0]}",A*02:1069 365 bp,DPA1*01:229 260 bp,TRAV12-3*01,0.9565217391304348,TRAJ12*01,1.0,TRBV12-4*01,0.96875,TRBJ2-4*01,1.0,TRAV12-3*01-TRAJ12*01,TRBV12-4*01-TRBJ2-4*01,TRAV12-3*01-TRAJ12*01|TRBV12-4*01-TRBJ2-4*01
-74.11128176908312,98.88058167557934,-109.3614813880959,-160.34146807209095,149.76640926285734,26.234273348011104,52.73405911091404,48.04045576532652,26.234273348011104,77.39896934140594,-23.355107558578283,68.00551156540844,6.242978437976339,102.12217552195668,-10.462372604395702,24.055280454709116,-3.7172118502053735,343.2530878451688,15.956284220656125,110,325.144632999886,16.04952849230882,112,5c09,bound,/mnt/larry/lilian/DATA/TCR3d_datasets/expanded_benchmark_bound_tcr_imgt/5c09.pdb,"{'v_gene': [('human', 'TRAV12-3*01'), 0.9565217391304348], 'j_gene': [('human', 'TRAJ12*01'), 1.0]}","{'v_gene': [('human', 'TRBV12-4*01'), 0.96875], 'j_gene': [('human', 'TRBJ2-4*01'), 1.0]}",A*02:1069 365 bp,DPA1*01:229 260 bp,TRAV12-3*01,0.9565217391304348,TRAJ12*01,1.0,TRBV12-4*01,0.96875,TRBJ2-4*01,1.0,TRAV12-3*01-TRAJ12*01,TRBV12-4*01-TRBJ2-4*01,TRAV12-3*01-TRAJ12*01|TRBV12-4*01-TRBJ2-4*01
-73.0412692980603,99.66384402110997,-109.16211887030003,-160.72465886786222,149.17102717561818,26.3050547071278,53.30403434718448,48.93643585860949,26.3050547071278,78.37913664884437,-23.14357566187309,67.82508768529792,5.638575074390566,102.1631781791246,-9.908801676546863,24.684426890221417,-7.7458859615846976,343.7700393108443,15.950537419951534,110,343.3639429660499,15.90599468866433,110,5c0a,bound,/mnt/larry/lilian/DATA/TCR3d_datasets/expanded_benchmark_bound_tcr_imgt/5c0a.pdb,"{'v_gene': [('human', 'TRAV12-3*01'), 0.9565217391304348], 'j_gene': [('human', 'TRAJ12*01'), 1.0]}","{'v_gene': [('human', 'TRBV12-4*01'), 0.9895833333333334], 'j_gene': [('human', 'TRBJ2-4*01'), 1.0]}",A*02:1069 365 bp,DPA1*01:229 260 bp,TRAV12-3*01,0.9565217391304348,TRAJ12*01,1.0,TRBV12-4*01,0.9895833333333334,TRBJ2-4*01,1.0,TRAV12-3*01-TRAJ12*01,TRBV12-4*01-TRBJ2-4*01,TRAV12-3*01-TRAJ12*01|TRBV12-4*01-TRBJ2-4*01
-73.95469256841305,99.94050226488235,-109.64159562052154,-160.4606124270219,148.22940853221945,26.441022643196032,52.88000399142683,47.91822973049028,26.441022643196032,78.41163002738472,-22.589691204233063,68.3270170723751,6.862062630442469,103.50369775636968,-8.823388878331746,25.136200223461525,-1.628532299715954,341.99819728027376,15.72396769063046,110,324.3613861279872,15.906700642557306,112,5c0b,bound,/mnt/larry/lilian/DATA/TCR3d_datasets/expanded_benchmark_bound_tcr_imgt/5c0b.pdb,"{'v_gene': [('human', 'TRAV12-3*01'), 0.9565217391304348], 'j_gene': [('human', 'TRAJ12*01'), 1.0]}","{'v_gene': [('human', 'TRBV12-4*01'), 0.9895833333333334], 'j_gene': [('human', 'TRBJ2-4*01'), 1.0]}",A*02:1069 365 bp,DPA1*01:229 260 bp,TRAV12-3*01,0.9565217391304348,TRAJ12*01,1.0,TRBV12-4*01,0.9895833333333334,TRBJ2-4*01,1.0,TRAV12-3*01-TRAJ12*01,TRBV12-4*01-TRBJ2-4*01,TRAV12-3*01-TRAJ12*01|TRBV12-4*01-TRBJ2-4*01
-73.66367035635055,99.9401233667622,-109.44927128155406,-160.2877744811484,148.71236528785542,26.41617974898981,52.93596057711827,48.24665448602191,26.41617974898981,102.25557298771923,23.180900910744786,111.66675034460104,-6.460946376039553,77.06744068347668,10.346545676341472,154.96787737347677,0.6884917399430625,342.82147417506235,15.765528426928302,110,321.4609003695764,15.81232428145108,112,5c0c,bound,/mnt/larry/lilian/DATA/TCR3d_datasets/expanded_benchmark_bound_tcr_imgt/5c0c.pdb,"{'v_gene': [('human', 'TRAV12-3*01'), 0.9565217391304348], 'j_gene': [('human', 'TRAJ12*01'), 1.0]}","{'v_gene': [('human', 'TRBV12-4*01'), 0.9895833333333334], 'j_gene': [('human', 'TRBJ2-4*01'), 1.0]}",A*02:1069 365 bp,DPA1*01:229 260 bp,TRAV12-3*01,0.9565217391304348,TRAJ12*01,1.0,TRBV12-4*01,0.9895833333333334,TRBJ2-4*01,1.0,TRAV12-3*01-TRAJ12*01,TRBV12-4*01-TRBJ2-4*01,TRAV12-3*01-TRAJ12*01|TRBV12-4*01-TRBJ2-4*01
-58.12729764429474,106.47181377303636,-105.31604571975204,-158.1036581977119,149.88626620184107,25.92076365509582,48.95937225672484,42.57155738975933,25.92076365509582,80.3360731784096,-15.962919991890836,53.06934989854874,2.4342747795665542,77.89922285584855,6.262938159131281,25.58450677966244,-51.63320172200913,347.2366914183337,10.927887736787923,113,352.7947040031121,14.362750299965686,109,5hhm,bound,/mnt/larry/lilian/DATA/TCR3d_datasets/expanded_benchmark_bound_tcr_imgt/5hhm.pdb,"{'v_gene': [('human', 'TRAV27*01'), 0.978021978021978], 'j_gene': [('human', 'TRAJ42*01'), 1.0]}","{'v_gene': [('human', 'TRBV19*01'), 0.9789473684210527], 'j_gene': [('human', 'TRBJ2-7*01'), 1.0]}",A*02:1240 365 bp,DPA1*01:229 260 bp,TRAV27*01,0.978021978021978,TRAJ42*01,1.0,TRBV19*01,0.9789473684210528,TRBJ2-7*01,1.0,TRAV27*01-TRAJ42*01,TRBV19*01-TRBJ2-7*01,TRAV27*01-TRAJ42*01|TRBV19*01-TRBJ2-7*01
-75.78155262726257,101.02519041195292,-109.70816087819526,-162.50039878646285,150.83329494713948,25.72463237303968,52.151610011033696,47.2624321045917,25.72463237303968,76.18258865947644,-21.75872279371312,65.98000418754467,7.555596041521991,99.7266639342125,-8.09222855323549,19.23696263740042,-0.626522628182028,341.5267676421656,15.2173659076175,110,341.0431457109962,15.850489078599468,110,5hyj,bound,/mnt/larry/lilian/DATA/TCR3d_datasets/expanded_benchmark_bound_tcr_imgt/5hyj.pdb,"{'v_gene': [('human', 'TRAV12-3*01'), 0.967391304347826], 'j_gene': [('human', 'TRAJ12*01'), 1.0]}","{'v_gene': [('human', 'TRBV12-4*01'), 0.9895833333333334], 'j_gene': [('human', 'TRBJ2-4*01'), 1.0]}",A*02:1069 365 bp,DPA1*01:229 260 bp,TRAV12-3*01,0.967391304347826,TRAJ12*01,1.0,TRBV12-4*01,0.9895833333333334,TRBJ2-4*01,1.0,TRAV12-3*01-TRAJ12*01,TRBV12-4*01-TRBJ2-4*01,TRAV12-3*01-TRAJ12*01|TRBV12-4*01-TRBJ2-4*01
-71.75589235390389,101.15923258308426,-111.29982966108643,-160.90729671990442,146.9830894650687,25.74599468952168,50.05565685813283,48.59528427476783,25.74599468952168,85.28256404666251,-27.80227519446438,70.68652156656584,-0.6645608387709441,112.20627597443548,-17.587851336482476,35.0024920747615,-25.9302241288603,343.9722053385201,14.410540308077318,110,343.6735119828545,17.01243933526945,110,5nme,bound,/mnt/larry/lilian/DATA/TCR3d_datasets/expanded_benchmark_bound_tcr_imgt/5nme.pdb,"{'v_gene': [('human', 'TRAV12-2*01'), 0.9347826086956522], 'j_gene': [('human', 'TRAJ41*01'), 1.0]}","{'v_gene': [('human', 'TRBV5-6*01'), 0.9789473684210527], 'j_gene': [('human', 'TRBJ2-7*01'), 1.0]}",A*02:1069 365 bp,DPA1*01:229 260 bp,TRAV12-2*01,0.9347826086956522,TRAJ41*01,1.0,TRBV5-6*01,0.9789473684210528,TRBJ2-7*01,1.0,TRAV12-2*01-TRAJ41*01,TRBV5-6*01-TRBJ2-7*01,TRAV12-2*01-TRAJ41*01|TRBV5-6*01-TRBJ2-7*01
-71.93672943422938,102.24298278973885,-111.69999771697614,-161.158703625018,145.83248801834603,25.691178799898864,49.72440596259696,48.41007151735268,25.691178799898864,94.46178275715585,28.525031051488245,111.01502423040198,2.369990962510517,70.52886637525266,18.228685850244204,147.59707456881338,34.66955061974914,357.9232093711668,14.789587673560034,110,344.52795619547885,16.948589224374196,110,5nmf,bound,/mnt/larry/lilian/DATA/TCR3d_datasets/expanded_benchmark_bound_tcr_imgt/5nmf.pdb,"{'v_gene': [('human', 'TRAV12-2*01'), 0.9347826086956522], 'j_gene': [('human', 'TRAJ41*01'), 1.0]}","{'v_gene': [('human', 'TRBV5-6*01'), 0.968421052631579], 'j_gene': [('human', 'TRBJ2-7*01'), 1.0]}",A*02:1069 365 bp,DPA1*01:229 260 bp,TRAV12-2*01,0.9347826086956522,TRAJ41*01,1.0,TRBV5-6*01,0.968421052631579,TRBJ2-7*01,1.0,TRAV12-2*01-TRAJ41*01,TRBV5-6*01-TRBJ2-7*01,TRAV12-2*01-TRAJ41*01|TRBV5-6*01-TRBJ2-7*01
-71.26482048621635,101.3569788036482,-111.804761372071,-160.55720097311195,146.07716776739727,25.649103806108226,49.91335063966964,48.52845096593981,25.649103806108226,85.14763351635307,-27.16788337566346,71.39574263358884,0.3370684564644431,113.08202996314962,-18.29637030205421,35.8103043598081,-21.95599164554269,348.9978304365982,14.795169307651832,110,343.8129579567043,16.89472717745691,110,5nmg,bound,/mnt/larry/lilian/DATA/TCR3d_datasets/expanded_benchmark_bound_tcr_imgt/5nmg.pdb,"{'v_gene': [('human', 'TRAV12-2*01'), 0.9347826086956522], 'j_gene': [('human', 'TRAJ41*01'), 1.0]}","{'v_gene': [('human', 'TRBV5-6*01'), 0.9789473684210527], 'j_gene': [('human', 'TRBJ2-7*01'), 1.0]}",A*02:1069 365 bp,DPA1*01:229 260 bp,TRAV12-2*01,0.9347826086956522,TRAJ41*01,1.0,TRBV5-6*01,0.9789473684210528,TRBJ2-7*01,1.0,TRAV12-2*01-TRAJ41*01,TRBV5-6*01-TRBJ2-7*01,TRAV12-2*01-TRAJ41*01|TRBV5-6*01-TRBJ2-7*01
-65.43876123159852,106.3490234853072,-112.3859486517762,-157.1272595826575,147.25013264166444,25.76266569414001,48.728453023291706,47.28411838176447,25.76266569414001,77.24641637215865,-25.53908131936253,69.41178189612454,5.924666784477239,99.3402789810357,-23.587787408523734,28.5559538255448,7.449157418635993,331.72166637583456,13.95564676842496,113,323.72197295795866,15.080513203963797,113,6amu,bound,/mnt/larry/lilian/DATA/TCR3d_datasets/expanded_benchmark_bound_tcr_imgt/6amu.pdb,"{'v_gene': [('human', 'TRAV12-2*01'), 0.967391304347826], 'j_gene': [('human', 'TRAJ23*01'), 1.0]}","{'v_gene': [('human', 'TRBV6-4*01'), 0.9894736842105263], 'j_gene': [('human', 'TRBJ1-1*01'), 1.0]}",A*02:1049 365 bp,DPA1*01:229 260 bp,TRAV12-2*01,0.967391304347826,TRAJ23*01,1.0,TRBV6-4*01,0.9894736842105264,TRBJ1-1*01,1.0,TRAV12-2*01-TRAJ23*01,TRBV6-4*01-TRBJ1-1*01,TRAV12-2*01-TRAJ23*01|TRBV6-4*01-TRBJ1-1*01
-69.39076053995569,107.01189671257316,-102.89796839394472,-157.42831909886695,151.92783935558296,26.23963443228389,49.124489081375536,51.7178959880881,26.23963443228389,100.5613628313492,27.009600148079556,109.24964426216336,-2.787532646133486,74.73623522187413,22.221881216417145,148.80197266769625,9.776710726458068,307.1015805214137,16.551598172593387,111,346.996912403018,16.983840247445006,110,6avf,bound,/mnt/larry/lilian/DATA/TCR3d_datasets/expanded_benchmark_bound_tcr_imgt/6avf.pdb,"{'v_gene': [('human', 'TRAV4*01'), 0.9782608695652174], 'j_gene': [('human', 'TRAJ21*01'), 1.0]}","{'v_gene': [('human', 'TRBV28*01'), 0.9789473684210527], 'j_gene': [('human', 'TRBJ2-3*01'), 1.0]}",B*07:381 362 bp,DRB1*12:78 183 bp,TRAV4*01,0.9782608695652174,TRAJ21*01,1.0,TRBV28*01,0.9789473684210528,TRBJ2-3*01,1.0,TRAV4*01-TRAJ21*01,TRBV28*01-TRBJ2-3*01,TRAV4*01-TRAJ21*01|TRBV28*01-TRBJ2-3*01
-73.153445582242,104.2810534138398,-109.85039060316952,-161.5709524103976,148.90781066645798,25.83955150913437,50.46842964624337,48.36616319565191,25.83955150913437,65.1486683867746,-29.301903530419143,59.0062100415271,4.319163589620074,83.38434469937663,-24.386513137579783,8.944778807694355,40.07078660879968,350.4972467250742,15.400533994723244,109,322.9301440685249,18.129457970542077,111,6cql,bound,/mnt/larry/lilian/DATA/TCR3d_datasets/expanded_benchmark_bound_tcr_imgt/6cql.pdb,"{'v_gene': [('human', 'TRAV24*01'), 0.9891304347826086], 'j_gene': [('human', 'TRAJ17*01'), 1.0]}","{'v_gene': [('human', 'TRBV2*01'), 0.9791666666666666], 'j_gene': [('human', 'TRBJ2-1*01'), 1.0]}",DRA*01:03 254 bp,DRB1*11:356 266 bp,TRAV24*01,0.9891304347826086,TRAJ17*01,1.0,TRBV2*01,0.9791666666666666,TRBJ2-1*01,1.0,TRAV24*01-TRAJ17*01,TRBV2*01-TRBJ2-1*01,TRAV24*01-TRAJ17*01|TRBV2*01-TRBJ2-1*01
-73.23349263923214,103.5302165824699,-109.7403285251336,-161.9860396530526,149.3021418803638,25.750951214498787,50.43743404976812,48.28736126487185,25.750951214498787,116.49531283063014,28.42180862251185,121.16622612883371,-5.704023458000058,98.2980062783386,24.08508798952451,170.13576651391887,-51.29967905910426,348.41444939965646,15.279996884957574,109,326.20572724360466,18.084738433266548,111,6cqq,bound,/mnt/larry/lilian/DATA/TCR3d_datasets/expanded_benchmark_bound_tcr_imgt/6cqq.pdb,"{'v_gene': [('human', 'TRAV24*01'), 0.9891304347826086], 'j_gene': [('human', 'TRAJ17*01'), 1.0]}","{'v_gene': [('human', 'TRBV2*01'), 0.9791666666666666], 'j_gene': [('human', 'TRBJ2-1*01'), 1.0]}",DRA*01:03 254 bp,DRB1*15:02:20 266 bp,TRAV24*01,0.9891304347826086,TRAJ17*01,1.0,TRBV2*01,0.9791666666666666,TRBJ2-1*01,1.0,TRAV24*01-TRAJ17*01,TRBV2*01-TRBJ2-1*01,TRAV24*01-TRAJ17*01|TRBV2*01-TRBJ2-1*01
-72.96598428954654,104.58563227679404,-109.6385901784977,-161.52012880934487,150.6458921106765,25.63922777064979,50.130478462759136,48.902331223172176,25.63922777064979,64.56620547366353,-31.724662499279223,60.13214088038257,1.8660703143247168,84.35086373983899,-29.28404585558425,11.89753267463731,35.91730043185976,351.0874128921955,15.2860381259707,109,324.0419360390739,17.88196580454509,111,6cqr,bound,/mnt/larry/lilian/DATA/TCR3d_datasets/expanded_benchmark_bound_tcr_imgt/6cqr.pdb,"{'v_gene': [('human', 'TRAV24*01'), 0.9891304347826086], 'j_gene': [('human', 'TRAJ17*01'), 1.0]}","{'v_gene': [('human', 'TRBV2*01'), 0.9895833333333334], 'j_gene': [('human', 'TRBJ2-1*01'), 1.0]}",DRA*01:11 254 bp,DRB1*01:115 266 bp,TRAV24*01,0.9891304347826086,TRAJ17*01,1.0,TRBV2*01,0.9895833333333334,TRBJ2-1*01,1.0,TRAV24*01-TRAJ17*01,TRBV2*01-TRBJ2-1*01,TRAV24*01-TRAJ17*01|TRBV2*01-TRBJ2-1*01
-69.69265972200118,102.3831961897407,-110.6319677325262,-163.6600656035805,144.81118387156084,25.85451523669695,48.61173274503176,46.67441450563022,25.85451523669695,105.15040408078848,25.784780089416355,113.62349982202235,-6.359876902655188,84.29515126039001,20.45903592358513,159.1032389367983,0.949847862937549,314.3987842312456,12.595220802011914,114,343.89084437046165,17.071007293284474,110,6eqb,bound,/mnt/larry/lilian/DATA/TCR3d_datasets/expanded_benchmark_bound_tcr_imgt/6eqb.pdb,"{'v_gene': [('human', 'TRAV12-2*01'), 0.9347826086956522], 'j_gene': [('human', 'TRAJ27*01'), 0.8571428571428571]}","{'v_gene': [('human', 'TRBV30*02'), 0.9468085106382979], 'j_gene': [('human', 'TRBJ2-2*01'), 0.7692307692307693]}",A*02:1069 365 bp,DPA1*01:229 260 bp,TRAV12-2*01,0.9347826086956522,TRAJ27*01,0.8571428571428571,TRBV30*02,0.946808510638298,TRBJ2-2*01,0.7692307692307693,TRAV12-2*01-TRAJ27*01,TRBV30*02-TRBJ2-2*01,TRAV12-2*01-TRAJ27*01|TRBV30*02-TRBJ2-2*01
