BA,BC1,AC1,BC2,AC2,dc,alpha_cdr3_bend_deg,alpha_cdr3_apex_height_A,alpha_cdr3_apex_resi,beta_cdr3_bend_deg,beta_cdr3_apex_height_A,beta_cdr3_apex_resi,tcr_name,alpha_germline,beta_germline,alpha_bend_deg,beta_bend_deg,alpha_apex_height_A,beta_apex_height_A,alpha_apex_resi,beta_apex_resi,set_label
-67.68747901812054,102.1082959292329,-109.41560485625693,-161.0718076909287,150.80335225710957,26.039553108107242,149.13119522211275,15.993309075368384,110,171.27385300392882,19.258138857048547,111,1ao7,"{'v_gene': [('human', 'TRAV12-2*01'), 0.9565217391304348], 'j_gene': [('human', 'TRAJ24*02'), 1.0]}","{'v_gene': [('human', 'TRBV6-5*01'), 0.9789473684210527], 'j_gene': [('human', 'TRBJ2-7*01'), 1.0]}",149.13119522211275,171.27385300392882,15.993309075368384,19.258138857048547,110,111,benchmark_unbound
-71.47237487999392,106.24111166158985,-103.11163715749308,-157.85873794231242,148.542664705261,26.43770025087549,149.53259453764912,20.562293912876815,111,157.52887505230524,16.008043524840993,113,1mi5,"{'v_gene': [('human', 'TRAV26-2*01'), 0.9347826086956522], 'j_gene': [('human', 'TRAJ52*01'), 1.0]}","{'v_gene': [('human', 'TRBV7-8*01'), 0.9791666666666666], 'j_gene': [('human', 'TRBJ2-7*01'), 1.0]}",149.53259453764912,157.52887505230524,20.562293912876815,16.008043524840993,111,113,benchmark_unbound
-68.72288965287227,105.1230745212176,-111.05570062542961,-157.79092480430964,150.59200523615206,26.064889349747897,151.13404480680137,15.948508370999877,109,155.96178796147882,14.137315435873,109,1mwa,"{'v_gene': [('mouse', 'TRAV9-4*01'), 0.9893617021276596], 'j_gene': [('mouse', 'TRAJ35*02'), 1.0]}","{'v_gene': [('mouse', 'TRBV13-2*01'), 0.9894736842105263], 'j_gene': [('mouse', 'TRBJ2-4*01'), 1.0]}",151.13404480680137,155.96178796147882,15.948508370999877,14.137315435873,109,109,benchmark_unbound
-68.15969153489132,105.14333903617786,-106.28933253680371,-159.48917960743427,151.38618314450895,25.755418647457255,178.04841355556312,15.461302105186071,109,158.9393088561466,16.897732145897308,110,1oga,"{'v_gene': [('human', 'TRAV27*01'), 0.978021978021978], 'j_gene': [('human', 'TRAJ42*01'), 1.0]}","{'v_gene': [('human', 'TRBV19*01'), 0.968421052631579], 'j_gene': [('human', 'TRBJ2-7*01'), 1.0]}",178.04841355556312,158.9393088561466,15.461302105186071,16.897732145897308,109,110,benchmark_unbound
-61.88414093347473,105.77777108151587,-111.47872689307798,-161.46163326427236,145.91146527331887,26.170184356228717,178.73259394187042,18.614369689131898,110,166.49729897748253,16.937552734403294,110,2bnr,"{'v_gene': [('human', 'TRAV21*01'), 0.989247311827957], 'j_gene': [('human', 'TRAJ6*01'), 1.0]}","{'v_gene': [('human', 'TRBV6-5*01'), 0.9789473684210527], 'j_gene': [('human', 'TRBJ2-2*01'), 1.0]}",178.73259394187042,166.49729897748253,18.614369689131898,16.937552734403294,110,110,benchmark_unbound
-68.72311438588704,105.12272570840987,-111.05538621367319,-157.79159304943516,150.59213515425537,26.064874764555526,151.15119468137394,15.948717343310696,109,155.98826648687222,14.137529867665265,109,2ckb,"{'v_gene': [('mouse', 'TRAV9-4*01'), 0.9893617021276596], 'j_gene': [('mouse', 'TRAJ35*02'), 1.0]}","{'v_gene': [('mouse', 'TRBV13-2*01'), 0.9894736842105263], 'j_gene': [('mouse', 'TRBJ2-4*01'), 1.0]}",151.15119468137394,155.98826648687222,15.948717343310696,14.137529867665265,109,109,benchmark_unbound
-65.0604936343418,107.70680915394144,-109.58597731091244,-157.4022467532838,147.62700742876743,25.736038961230634,172.05644245921803,16.223794717138986,110,168.4170037699896,14.09336273549387,109,2iam,"{'v_gene': [('human', 'TRAV22*01'), 0.9666666666666667], 'j_gene': [('human', 'TRAJ54*01'), 1.0]}","{'v_gene': [('human', 'TRBV6-6*01'), 0.9789473684210527], 'j_gene': [('human', 'TRBJ1-3*01'), 0.9230769230769231]}",172.05644245921803,168.4170037699896,16.223794717138986,14.09336273549387,110,109,benchmark_unbound
-65.06114620498487,107.70651322583758,-109.58621342577464,-157.40274803846089,147.62691755194572,25.736022919710187,172.05721744944472,16.22254372387113,110,168.39630021939425,14.093195732616575,109,2ian,"{'v_gene': [('human', 'TRAV22*01'), 0.9666666666666667], 'j_gene': [('human', 'TRAJ54*01'), 1.0]}","{'v_gene': [('human', 'TRBV6-6*01'), 0.9789473684210527], 'j_gene': [('human', 'TRBJ1-3*01'), 0.9230769230769231]}",172.05721744944472,168.39630021939425,16.22254372387113,14.093195732616575,110,109,benchmark_unbound
-72.7173581299341,104.92629964178757,-105.68261847417979,-160.32039601234462,152.12414351070646,26.253209022392422,152.05574249462936,15.338774045690673,112,141.11202217483148,16.36975956461352,112,2nx5,"{'v_gene': [('human', 'TRAV1-2*01'), 0.967032967032967], 'j_gene': [('human', 'TRAJ6*01'), 1.0]}","{'v_gene': [('human', 'TRBV10-3*01'), 0.968421052631579], 'j_gene': [('human', 'TRBJ1-5*01'), 1.0]}",152.05574249462936,141.11202217483148,15.338774045690673,16.36975956461352,112,112,benchmark_unbound
-68.72283513258056,105.12339106265594,-111.05536058000784,-157.79061530716382,150.59242727437575,26.064817273997534,151.13331680118537,15.948327742105688,109,155.97536163617414,14.136535216975018,109,2oi9,"{'v_gene': [('mouse', 'TRAV9-4*01'), 0.9893617021276596], 'j_gene': [('mouse', 'TRAJ35*02'), 1.0]}","{'v_gene': [('mouse', 'TRBV13-2*01'), 0.9894736842105263], 'j_gene': [('mouse', 'TRBJ2-4*01'), 1.0]}",151.13331680118537,155.97536163617414,15.948327742105688,14.136535216975018,109,109,benchmark_unbound
-67.03581242592244,102.56198872797009,-108.57008901526086,-161.73050829518797,152.66371878649412,25.09869118077526,147.62324537846933,16.487286236238788,110,167.214536295361,15.333171134396613,110,2pxy,"{'v_gene': [('mouse', 'TRAV6D-7*01'), 0.978494623655914], 'j_gene': [('mouse', 'TRAJ48*01'), 1.0]}","{'v_gene': [('mouse', 'TRBV13-2*01'), 0.9368421052631579], 'j_gene': [('mouse', 'TRBJ2-3*01'), 0.9230769230769231]}",147.62324537846933,167.214536295361,16.487286236238788,15.333171134396613,110,110,benchmark_unbound
-63.03899457924667,106.81542183233519,-110.4053774059058,-160.90380336434538,146.40579986608265,26.129499281345492,168.69556877552552,17.888697250609518,112,168.53011195723317,17.245651409366637,110,2pye,"{'v_gene': [('human', 'TRAV21*01'), 0.989247311827957], 'j_gene': [('human', 'TRAJ6*01'), 1.0]}","{'v_gene': [('human', 'TRBV6-5*01'), 0.9578947368421052], 'j_gene': [('human', 'TRBJ2-2*01'), 1.0]}",168.69556877552552,168.53011195723317,17.888697250609518,17.245651409366637,112,110,benchmark_unbound
-62.66729589109525,107.78265093589468,-104.60945411088002,-157.61004543213858,145.28012229075193,26.639069703754195,138.5559126486387,15.750864279201725,113,156.54215456201533,16.367232037191776,111,3dxa,"{'v_gene': [('human', 'TRAV26-1*02'), 0.9456521739130435], 'j_gene': [('human', 'TRAJ13*02'), 1.0]}","{'v_gene': [('human', 'TRBV7-9*01'), 0.96875], 'j_gene': [('human', 'TRBJ2-1*01'), 1.0]}",138.5559126486387,156.54215456201533,15.750864279201725,16.367232037191776,113,111,benchmark_unbound
-67.68698478517236,102.1076383468593,-109.41525242714144,-161.07254529354617,150.80354517987405,26.039558584509006,149.14116819044145,15.993153660826431,110,171.27016485048674,19.258702235441728,111,3h9s,"{'v_gene': [('human', 'TRAV12-2*01'), 0.9565217391304348], 'j_gene': [('human', 'TRAJ24*02'), 1.0]}","{'v_gene': [('human', 'TRBV6-5*01'), 0.9789473684210527], 'j_gene': [('human', 'TRBJ2-7*01'), 1.0]}",149.14116819044145,171.27016485048674,15.993153660826431,19.258702235441728,110,111,benchmark_unbound
-71.47239373665467,106.24133106138402,-103.1117916940004,-157.8585920552355,148.54286495160738,26.43777630785787,149.53200332438297,20.562362886819965,111,157.53333544440943,16.00792409770534,113,3kpr,"{'v_gene': [('human', 'TRAV26-2*01'), 0.9347826086956522], 'j_gene': [('human', 'TRAJ52*01'), 1.0]}","{'v_gene': [('human', 'TRBV7-8*01'), 0.9791666666666666], 'j_gene': [('human', 'TRBJ2-7*01'), 1.0]}",149.53200332438297,157.53333544440943,20.562362886819965,16.00792409770534,111,113,benchmark_unbound
-71.47200695728752,106.24131072013725,-103.11213617769067,-157.85891659202974,148.54258746002648,26.437662509616736,149.53758552869016,20.562348551559538,111,157.52384723876557,16.00748298558452,113,3kps,"{'v_gene': [('human', 'TRAV26-2*01'), 0.9347826086956522], 'j_gene': [('human', 'TRAJ52*01'), 1.0]}","{'v_gene': [('human', 'TRBV7-8*01'), 0.9791666666666666], 'j_gene': [('human', 'TRBJ2-7*01'), 1.0]}",149.53758552869016,157.52384723876557,20.562348551559538,16.00748298558452,111,113,benchmark_unbound
-67.68727113858642,102.10795175715671,-109.41531983994983,-161.07239630328144,150.80319688350073,26.039564588422202,149.13175199212324,15.992549477087186,110,171.25063329844525,19.25834913266759,111,3pwp,"{'v_gene': [('human', 'TRAV12-2*01'), 0.9565217391304348], 'j_gene': [('human', 'TRAJ24*02'), 1.0]}","{'v_gene': [('human', 'TRBV6-5*01'), 0.9789473684210527], 'j_gene': [('human', 'TRBJ2-7*01'), 1.0]}",149.13175199212324,171.25063329844525,15.992549477087186,19.25834913266759,110,111,benchmark_unbound
-67.59748013076214,104.48981260038522,-111.1265286722807,-158.49392350021756,149.82028455910057,26.006262548612185,146.14237037343338,13.05538110238463,113,165.6929225497771,14.284167737654522,109,3qdg,"{'v_gene': [('human', 'TRAV12-2*01'), 0.9782608695652174], 'j_gene': [('human', 'TRAJ23*01'), 1.0]}","{'v_gene': [('human', 'TRBV6-4*01'), 0.9894736842105263], 'j_gene': [('human', 'TRBJ1-1*01'), 1.0]}",146.14237037343338,165.6929225497771,13.05538110238463,14.284167737654522,113,109,benchmark_unbound
-67.59786585193558,104.48936507801068,-111.12677767572784,-158.49455621392724,149.81964644207284,26.006296151288296,146.1489623887673,13.056174675685485,113,165.681342026591,14.28498065186289,109,3qdj,"{'v_gene': [('human', 'TRAV12-2*01'), 0.9782608695652174], 'j_gene': [('human', 'TRAJ23*01'), 1.0]}","{'v_gene': [('human', 'TRBV6-4*01'), 0.9894736842105263], 'j_gene': [('human', 'TRBJ1-1*01'), 1.0]}",146.1489623887673,165.681342026591,13.056174675685485,14.28498065186289,113,109,benchmark_unbound
-70.89079749899327,104.7149281991186,-107.53918148620163,-161.44220994547433,149.93162140421742,26.532038505875406,155.9132297655047,11.749936891875027,114,152.51049067040273,14.020867534093775,110,3sjv,"{'v_gene': [('human', 'TRAV12-1*01'), 0.9340659340659341], 'j_gene': [('human', 'TRAJ23*01'), 1.0]}","{'v_gene': [('human', 'TRBV6-2*01'), 0.968421052631579], 'j_gene': [('human', 'TRBJ2-4*01'), 1.0]}",155.9132297655047,152.51049067040273,11.749936891875027,14.020867534093775,114,110,benchmark_unbound
-72.36323520639216,102.00813250420013,-108.54371025330651,-161.9354489572973,151.5935878969934,25.99110436438611,165.11237835335774,15.987684038025893,110,156.79016573349256,16.060685257264282,110,3utt,"{'v_gene': [('human', 'TRAV12-3*01'), 0.967391304347826], 'j_gene': [('human', 'TRAJ12*01'), 1.0]}","{'v_gene': [('human', 'TRBV12-4*01'), 0.9895833333333334], 'j_gene': [('human', 'TRBJ2-4*01'), 1.0]}",165.11237835335774,156.79016573349256,15.987684038025893,16.060685257264282,110,110,benchmark_unbound
-70.41275519188305,104.15642781103548,-108.97236672358035,-160.49896326834417,147.08394857405375,25.61904496348523,165.2471960065326,16.089327021270698,110,171.5260181097564,16.702198203854767,110,3vxr,"{'v_gene': [('human', 'TRAV21*01'), 1.0], 'j_gene': [('human', 'TRAJ12*01'), 1.0]}","{'v_gene': [('human', 'TRBV7-9*01'), 0.9791666666666666], 'j_gene': [('human', 'TRBJ2-2*01'), 1.0]}",165.2471960065326,171.5260181097564,16.089327021270698,16.702198203854767,110,110,benchmark_unbound
-70.41295483786486,104.1562506081172,-108.9718752923402,-160.4990099726485,147.0840939275064,25.619036924965805,165.24294622026918,16.089345735595547,110,171.5338073249237,16.70236069875788,110,3vxs,"{'v_gene': [('human', 'TRAV21*01'), 1.0], 'j_gene': [('human', 'TRAJ12*01'), 1.0]}","{'v_gene': [('human', 'TRBV7-9*01'), 0.9791666666666666], 'j_gene': [('human', 'TRBJ2-2*01'), 1.0]}",165.24294622026918,171.5338073249237,16.089345735595547,16.70236069875788,110,110,benchmark_unbound
-59.28016703593157,107.95125307995525,-106.80850883536155,-155.90376229004943,149.63301016068195,26.692175560220786,-171.67634657619146,14.04229543922962,109,161.60612187418099,14.510216243596743,113,3w0w,"{'v_gene': [('human', 'TRAV12-2*01'), 0.9239130434782609], 'j_gene': [('human', 'TRAJ23*01'), 1.0]}","{'v_gene': [('human', 'TRBV27*01'), 0.9894736842105263], 'j_gene': [('human', 'TRBJ2-7*01'), 1.0]}",-171.67634657619146,161.60612187418099,14.04229543922962,14.510216243596743,109,113,benchmark_unbound
-65.58912355471963,104.65066828861046,-110.25704153541857,-161.51061164556145,145.90033965477167,25.921923597671444,151.37424682937768,13.850607637953306,109,174.87088598294798,20.01429383291753,111,4jfd,"{'v_gene': [('human', 'TRAV12-2*01'), 0.9347826086956522], 'j_gene': [('human', 'TRAJ27*01'), 0.8571428571428571]}","{'v_gene': [('human', 'TRBV30*02'), 0.9468085106382979], 'j_gene': [('human', 'TRBJ2-2*01'), 0.7692307692307693]}",151.37424682937768,174.87088598294798,13.850607637953306,20.01429383291753,109,111,benchmark_unbound
-65.58936565028525,104.6506164173979,-110.25707567056985,-161.51113914367804,145.90007711274538,25.92195267352043,151.37719356606644,13.85112895639733,109,174.86591107556222,20.013700045229815,111,4jff,"{'v_gene': [('human', 'TRAV12-2*01'), 0.9347826086956522], 'j_gene': [('human', 'TRAJ27*01'), 0.8571428571428571]}","{'v_gene': [('human', 'TRBV30*02'), 0.9468085106382979], 'j_gene': [('human', 'TRBJ2-2*01'), 0.7692307692307693]}",151.37719356606644,174.86591107556222,13.85112895639733,20.013700045229815,109,111,benchmark_unbound
-72.36208621889878,102.00850901063346,-108.54396891670349,-161.9357750663591,151.59374419226094,25.991161762517777,165.10978435080023,15.987105112424281,110,156.79725266282517,16.059660942202132,110,5c07,"{'v_gene': [('human', 'TRAV12-3*01'), 0.967391304347826], 'j_gene': [('human', 'TRAJ12*01'), 1.0]}","{'v_gene': [('human', 'TRBV12-4*01'), 0.9895833333333334], 'j_gene': [('human', 'TRBJ2-4*01'), 1.0]}",165.10978435080023,156.79725266282517,15.987105112424281,16.059660942202132,110,110,benchmark_unbound
-72.36232738402154,102.00873074649427,-108.5436636166472,-161.93524989226827,151.59396697413274,25.99115343342099,165.10332259022678,15.986609263160664,110,156.80529190355023,16.059946629305482,110,5c08,"{'v_gene': [('human', 'TRAV12-3*01'), 0.967391304347826], 'j_gene': [('human', 'TRAJ12*01'), 1.0]}","{'v_gene': [('human', 'TRBV12-4*01'), 0.9895833333333334], 'j_gene': [('human', 'TRBJ2-4*01'), 1.0]}",165.10332259022678,156.80529190355023,15.986609263160664,16.059946629305482,110,110,benchmark_unbound
-72.36258471375447,102.00849073132966,-108.54353905058092,-161.935293552512,151.59385267652186,25.991115044168353,165.11267319653186,15.987620551948767,110,156.8068796845833,16.060556262938356,110,5c09,"{'v_gene': [('human', 'TRAV12-3*01'), 0.967391304347826], 'j_gene': [('human', 'TRAJ12*01'), 1.0]}","{'v_gene': [('human', 'TRBV12-4*01'), 0.9895833333333334], 'j_gene': [('human', 'TRBJ2-4*01'), 1.0]}",165.11267319653186,156.8068796845833,15.987620551948767,16.060556262938356,110,110,benchmark_unbound
-72.36256991724929,102.00862658559566,-108.54350848176759,-161.93561666368396,151.59437449351785,25.991117580551403,165.10177273669223,15.987391821900198,110,156.79383570482702,16.059548737003734,110,5c0a,"{'v_gene': [('human', 'TRAV12-3*01'), 0.967391304347826], 'j_gene': [('human', 'TRAJ12*01'), 1.0]}","{'v_gene': [('human', 'TRBV12-4*01'), 0.9895833333333334], 'j_gene': [('human', 'TRBJ2-4*01'), 1.0]}",165.10177273669223,156.79383570482702,15.987391821900198,16.059548737003734,110,110,benchmark_unbound
-72.36250958433986,102.00875170449177,-108.54374191569269,-161.9352361934756,151.5940744026838,25.990961106362786,165.1114019188755,15.987881401426586,110,156.81722832028777,16.06020007157909,110,5c0b,"{'v_gene': [('human', 'TRAV12-3*01'), 0.967391304347826], 'j_gene': [('human', 'TRAJ12*01'), 1.0]}","{'v_gene': [('human', 'TRBV12-4*01'), 0.9895833333333334], 'j_gene': [('human', 'TRBJ2-4*01'), 1.0]}",165.1114019188755,156.81722832028777,15.987881401426586,16.06020007157909,110,110,benchmark_unbound
-72.3626216193254,102.0086316554429,-108.54367995190402,-161.93536282753317,151.59423490142396,25.99120163990645,165.10471759825353,15.987485364975067,110,156.81443767651868,16.060377049533383,110,5c0c,"{'v_gene': [('human', 'TRAV12-3*01'), 0.967391304347826], 'j_gene': [('human', 'TRAJ12*01'), 1.0]}","{'v_gene': [('human', 'TRBV12-4*01'), 0.9895833333333334], 'j_gene': [('human', 'TRBJ2-4*01'), 1.0]}",165.10471759825353,156.81443767651868,15.987485364975067,16.060377049533383,110,110,benchmark_unbound
-68.15989606556151,105.14339284149797,-106.28979452490381,-159.4890642695957,151.3854594214091,25.755379254917827,178.04853890557013,15.461280657417717,109,158.9234833599943,16.897569837471533,110,5hhm,"{'v_gene': [('human', 'TRAV27*01'), 0.978021978021978], 'j_gene': [('human', 'TRAJ42*01'), 1.0]}","{'v_gene': [('human', 'TRBV19*01'), 0.968421052631579], 'j_gene': [('human', 'TRBJ2-7*01'), 1.0]}",178.04853890557013,158.9234833599943,15.461280657417717,16.897569837471533,109,110,benchmark_unbound
-72.36262632223008,102.00854877911584,-108.54340513997508,-161.93545652593215,151.59423920914426,25.991142729104112,165.11173984084155,15.987837216078027,110,156.81368851566796,16.060385742753848,110,5hyj,"{'v_gene': [('human', 'TRAV12-3*01'), 0.967391304347826], 'j_gene': [('human', 'TRAJ12*01'), 1.0]}","{'v_gene': [('human', 'TRBV12-4*01'), 0.9895833333333334], 'j_gene': [('human', 'TRBJ2-4*01'), 1.0]}",165.11173984084155,156.81368851566796,15.987837216078027,16.060385742753848,110,110,benchmark_unbound
-66.5733216788833,106.68455508074521,-105.821162334097,-157.29977977790875,150.9283376673407,26.76283610357217,148.43159630168464,16.730014038574723,111,165.9624833544449,14.960673816850369,109,5ivx,"{'v_gene': [('mouse', 'TRAV14-3*05'), 0.989247311827957], 'j_gene': [('mouse', 'TRAJ38*01'), 1.0]}","{'v_gene': [('mouse', 'TRBV29*01'), 0.968421052631579], 'j_gene': [('mouse', 'TRBJ1-1*01'), 1.0]}",148.43159630168464,165.9624833544449,16.730014038574723,14.960673816850369,111,109,benchmark_unbound
-66.70214527750929,103.5128927111869,-112.04409660136912,-158.3944880205832,146.16990005700228,25.80732736898503,151.70652271967185,16.114118465092343,110,161.0620864551989,17.385936544682714,110,5nme,"{'v_gene': [('human', 'TRAV12-2*01'), 0.9347826086956522], 'j_gene': [('human', 'TRAJ41*01'), 1.0]}","{'v_gene': [('human', 'TRBV5-6*01'), 0.9789473684210527], 'j_gene': [('human', 'TRBJ2-7*01'), 1.0]}",151.70652271967185,161.0620864551989,16.114118465092343,17.385936544682714,110,110,benchmark_unbound
-66.70206395437917,103.51258452158662,-112.04378347520891,-158.39454903250942,146.17012611448106,25.807367501934767,151.71584934263623,16.114334465434137,110,161.05473915719898,17.386304643293293,110,5nmf,"{'v_gene': [('human', 'TRAV12-2*01'), 0.9347826086956522], 'j_gene': [('human', 'TRAJ41*01'), 1.0]}","{'v_gene': [('human', 'TRBV5-6*01'), 0.9789473684210527], 'j_gene': [('human', 'TRBJ2-7*01'), 1.0]}",151.71584934263623,161.05473915719898,16.114334465434137,17.386304643293293,110,110,benchmark_unbound
-66.7018475567031,103.51297787839391,-112.04406892579463,-158.39438554864682,146.16980972654162,25.807333697409817,151.70363628643108,16.114598694080666,110,161.06770988447644,17.385994764454075,110,5nmg,"{'v_gene': [('human', 'TRAV12-2*01'), 0.9347826086956522], 'j_gene': [('human', 'TRAJ41*01'), 1.0]}","{'v_gene': [('human', 'TRBV5-6*01'), 0.9789473684210527], 'j_gene': [('human', 'TRBJ2-7*01'), 1.0]}",151.70363628643108,161.06770988447644,16.114598694080666,17.385994764454075,110,110,benchmark_unbound
-67.59753725496849,104.48957650067612,-111.12644313426959,-158.4939229398332,149.8203502588872,26.006220480429924,146.14494524895363,13.055420528309474,113,165.68738990237557,14.284256098291111,109,6amu,"{'v_gene': [('human', 'TRAV12-2*01'), 0.9782608695652174], 'j_gene': [('human', 'TRAJ23*01'), 1.0]}","{'v_gene': [('human', 'TRBV6-4*01'), 0.9894736842105263], 'j_gene': [('human', 'TRBJ1-1*01'), 1.0]}",146.14494524895363,165.68738990237557,13.055420528309474,14.284256098291111,113,109,benchmark_unbound
-67.24633637090321,108.01873114365169,-99.98533400462901,-155.9405097513424,152.90854405705133,26.674668625009446,124.15919148054763,19.31268414137553,111,-177.67728896847828,17.032729720107884,110,6avf,"{'v_gene': [('human', 'TRAV4*01'), 0.9782608695652174], 'j_gene': [('human', 'TRAJ21*01'), 1.0]}","{'v_gene': [('human', 'TRBV28*01'), 0.968421052631579], 'j_gene': [('human', 'TRBJ2-3*01'), 1.0]}",124.15919148054763,-177.67728896847828,19.31268414137553,17.032729720107884,111,110,benchmark_unbound
-74.72141103312204,104.9376669597783,-108.42840500214338,-162.5884678104151,147.87104425593205,25.379775074283806,168.7259308615468,15.12127766153978,109,129.06284138136218,16.28210371785563,112,6cql,"{'v_gene': [('human', 'TRAV24*01'), 0.9891304347826086], 'j_gene': [('human', 'TRAJ17*01'), 1.0]}","{'v_gene': [('human', 'TRBV2*01'), 0.9791666666666666], 'j_gene': [('human', 'TRBJ2-1*01'), 1.0]}",168.7259308615468,129.06284138136218,15.12127766153978,16.28210371785563,109,112,benchmark_unbound
-74.72189594780019,104.93764964969039,-108.42816736330353,-162.58847820662172,147.87133523783086,25.37978774135692,168.7371667135256,15.121401474286072,109,129.0707826946296,16.28177092833275,112,6cqq,"{'v_gene': [('human', 'TRAV24*01'), 0.9891304347826086], 'j_gene': [('human', 'TRAJ17*01'), 1.0]}","{'v_gene': [('human', 'TRBV2*01'), 0.9791666666666666], 'j_gene': [('human', 'TRBJ2-1*01'), 1.0]}",168.7371667135256,129.0707826946296,15.121401474286072,16.28177092833275,109,112,benchmark_unbound
-74.72182533120987,104.93751036846498,-108.4282675373628,-162.58842361745172,147.87130191325463,25.379824912885468,168.73669275183912,15.12164560497804,109,129.06219644718567,16.282218742240612,112,6cqr,"{'v_gene': [('human', 'TRAV24*01'), 0.9891304347826086], 'j_gene': [('human', 'TRAJ17*01'), 1.0]}","{'v_gene': [('human', 'TRBV2*01'), 0.9791666666666666], 'j_gene': [('human', 'TRBJ2-1*01'), 1.0]}",168.73669275183912,129.06219644718567,15.12164560497804,16.282218742240612,109,112,benchmark_unbound
-65.58961225017947,104.65051939251114,-110.2570632210376,-161.51083775441674,145.90015018830158,25.921934965513717,151.37615909807147,13.850545295727994,109,174.89277106816292,20.014029105997203,111,6eqb,"{'v_gene': [('human', 'TRAV12-2*01'), 0.9347826086956522], 'j_gene': [('human', 'TRAJ27*01'), 0.8571428571428571]}","{'v_gene': [('human', 'TRBV30*02'), 0.9468085106382979], 'j_gene': [('human', 'TRBJ2-2*01'), 0.7692307692307693]}",151.37615909807147,174.89277106816292,13.850545295727994,20.014029105997203,109,111,benchmark_unbound
