tcr_name,alpha_bend_unbound,alpha_bend_bound,alpha_bend_shift,beta_bend_unbound,beta_bend_bound,beta_bend_shift,alpha_apexH_unbound,alpha_apexH_bound,alpha_apexH_shift,beta_apexH_unbound,beta_apexH_bound,beta_apexH_shift
1ao7,149.13119522211275,138.59657000428334,-10.534625217829415,171.27385300392882,164.25231414635078,-7.021538857578037,15.993309075368384,15.60390892270663,-0.38940015266175365,19.258138857048547,18.66449763475887,-0.5936412222896763
1mi5,149.53259453764912,153.69986559818884,4.1672710605397185,157.52887505230524,146.90603458110755,-10.62284047119769,20.562293912876815,17.09240343493073,-3.469890477946084,16.008043524840993,14.44367573286713,-1.5643677919738632
1mwa,151.13404480680137,167.10783310279658,15.973788295995206,155.96178796147882,161.41997754930213,5.458189587823313,15.948508370999877,13.476755375828713,-2.4717529951711636,14.137315435873,14.200014799803286,0.0626993639302853
1oga,178.04841355556312,169.19697642156004,-8.851437134003078,158.9393088561466,171.95265970729406,13.013350851147464,15.461302105186071,10.543154561376683,-4.918147543809388,16.897732145897308,14.384107482171038,-2.5136246637262705
2bnr,178.73259394187042,162.74126405441876,-15.991329887451656,166.49729897748253,170.95957054358644,4.462271566103908,18.614369689131898,15.64225976467848,-2.9721099244534184,16.937552734403294,15.855218579802004,-1.0823341546012895
2ckb,151.15119468137394,153.43641781426513,2.28522313289119,155.98826648687222,160.64631441099087,4.658047924118648,15.948717343310696,13.017037715813712,-2.931679627496983,14.137529867665265,14.092431791976749,-0.045098075688516204
2iam,172.05644245921803,168.65380557646324,-3.4026368827547913,168.4170037699896,167.88937990282813,-0.5276238671614806,16.223794717138986,15.923619114279374,-0.3001756028596123,14.09336273549387,14.948777086052262,0.8554143505583927
2ian,172.05721744944472,170.32377747503529,-1.7334399744094355,168.39630021939425,175.96171326126444,7.565413041870187,16.22254372387113,15.901220708482626,-0.3213230153885043,14.093195732616575,14.976691510243127,0.8834957776265515
2nx5,152.05574249462936,169.7331069038352,17.677364409205836,141.11202217483148,144.38559252670635,3.2735703518748664,15.338774045690673,14.163979584710154,-1.1747944609805199,16.36975956461352,15.622203139641352,-0.7475564249721689
2oi9,151.13331680118537,133.49497327802843,-17.638343523156948,155.97536163617414,153.15466809147088,-2.8206935447032606,15.948327742105688,13.115797084314265,-2.8325306577914233,14.136535216975018,13.611981434121816,-0.5245537828532019
2pxy,147.62324537846933,139.38140141785686,-8.24184396061247,167.214536295361,140.3533177324866,-26.8612185628744,16.487286236238788,16.379234939892594,-0.10805129634619348,15.333171134396613,17.337360667538757,2.004189533142144
2pye,168.69556877552552,-173.62047366795312,-342.31604244347864,168.53011195723317,165.74345098610655,-2.786660971126622,17.888697250609518,17.285827262579225,-0.6028699880302923,17.245651409366637,17.11333880181634,-0.13231260755029695
3dxa,138.5559126486387,130.54945187814346,-8.006460770495238,156.54215456201533,178.30223264741463,21.7600780853993,15.750864279201725,15.426499879870887,-0.3243643993308378,16.367232037191776,16.868532801681084,0.5013007644893079
3h9s,149.14116819044145,136.4394900263782,-12.701678164063253,171.27016485048674,161.93825659484204,-9.331908255644692,15.993153660826431,15.328690908013279,-0.6644627528131526,19.258702235441728,18.179557179134108,-1.0791450563076204
3kpr,149.53200332438297,158.50422603738272,8.972222712999752,157.53333544440943,142.67947151808906,-14.853863926320372,20.562362886819965,16.644488110224778,-3.9178747765951876,16.00792409770534,14.430159989253745,-1.5777641084515963
3kps,149.53758552869016,156.64235265631328,7.10476712762312,157.52384723876557,143.88805533381304,-13.635791904952526,20.562348551559538,16.804520674193743,-3.757827877365795,16.00748298558452,14.485685000822173,-1.5217979847623475
3pwp,149.13175199212324,142.41239060148496,-6.719361390638284,171.25063329844525,160.80639386431486,-10.444239434130395,15.992549477087186,15.236302874105078,-0.7562466029821078,19.25834913266759,18.153899961464614,-1.104449171202976
3qdg,146.14237037343338,154.13145605993367,7.989085686500289,165.6929225497771,146.8278889389503,-18.8650336108268,13.05538110238463,13.540845694902144,0.4854645925175145,14.284167737654522,14.610453036584394,0.32628529892987146
3qdj,146.1489623887673,151.60320094288366,5.454238554116358,165.681342026591,147.76904592942077,-17.91229609717024,13.056174675685485,13.613266041355612,0.5570913656701268,14.28498065186289,14.493385242842633,0.20840459097974318
3sjv,155.9132297655047,159.84774989214097,3.934520126636272,152.51049067040273,157.35628348865876,4.8457928182560295,11.749936891875027,11.36636923943909,-0.3835676524359375,14.020867534093775,14.664745990475256,0.643878456381481
3utt,165.11237835335774,163.5321088541141,-1.5802694992436273,156.79016573349256,142.8070611080344,-13.983104625458168,15.987684038025893,16.34326986620716,0.3555858281812654,16.060685257264282,15.90861464704383,-0.1520706102204521
3vxr,165.2471960065326,172.17783440863735,6.930638402104762,171.5260181097564,166.6964386948426,-4.8295794149137805,16.089327021270698,14.910243903147087,-1.1790831181236108,16.702198203854767,16.54699515171719,-0.15520305213757624
3vxs,165.24294622026918,171.2929104012007,6.049964180931511,171.5338073249237,168.2625923873939,-3.2712149375298054,16.089345735595547,14.812773327157963,-1.276572408437584,16.70236069875788,16.38205617092447,-0.32030452783340735
3w0w,-171.67634657619146,-177.75786127632165,-6.081514700130185,161.60612187418099,162.72303141260593,1.1169095384249488,14.04229543922962,13.17878668612942,-0.8635087531002004,14.510216243596743,15.538289189353195,1.0280729457564526
4jfd,151.37424682937768,137.85815508696422,-13.516091742413465,174.87088598294798,162.15157167672712,-12.719314306220866,13.850607637953306,12.5182222623684,-1.3323853755849058,20.01429383291753,17.561129361856665,-2.453164471060866
4jff,151.37719356606644,138.92540435306375,-12.451789213002684,174.86591107556222,162.59660610743308,-12.269304968129148,13.85112895639733,12.708380408731399,-1.1427485476659314,20.013700045229815,17.55718019777381,-2.456519847456004
5c07,165.10978435080023,163.15694377983158,-1.9528405709686467,156.79725266282517,144.60585936516816,-12.191393297657015,15.987105112424281,15.829382817240544,-0.1577222951837367,16.059660942202132,15.984521385781528,-0.07513955642060388
5c08,165.10332259022678,163.0009489427504,-2.1023736474763837,156.80529190355023,143.28040280299905,-13.524889100551178,15.986609263160664,15.822723098335123,-0.1638861648255414,16.059946629305482,16.012176143259225,-0.04777048604625733
5c09,165.11267319653186,163.25308784516884,-1.8595853513630232,156.8068796845833,145.14463299988594,-11.662246684697351,15.987620551948767,15.956284220656125,-0.03133633129264268,16.060556262938356,16.04952849230882,-0.011027770629535638
5c0a,165.10177273669223,163.7700393108443,-1.331733425847915,156.79383570482702,163.36394296604985,6.57010726122283,15.987391821900198,15.950537419951534,-0.03685440194866452,16.059548737003734,15.90599468866433,-0.15355404833940334
5c0b,165.1114019188755,161.99819728027379,-3.113204638601701,156.81722832028777,144.3613861279872,-12.455842192300565,15.987881401426586,15.723967690630461,-0.2639137107961247,16.06020007157909,15.906700642557306,-0.15349942902178348
5c0c,165.10471759825353,162.82147417506235,-2.2832434231911805,156.81443767651868,141.4609003695764,-15.353537306942286,15.987485364975067,15.765528426928302,-0.2219569380467643,16.060377049533383,15.812324281451081,-0.24805276808230126
5hhm,178.04853890557013,167.2366914183337,-10.811847487236435,158.9234833599943,172.79470400311206,13.871220643117766,15.461280657417717,10.927887736787925,-4.533392920629792,16.897569837471533,14.362750299965686,-2.5348195375058467
5hyj,165.11173984084155,161.52676764216557,-3.5849721986759846,156.81368851566796,161.04314571099619,4.229457195328223,15.987837216078027,15.2173659076175,-0.770471308460527,16.060385742753848,15.850489078599468,-0.20989666415438002
5ivx,148.43159630168464,164.19205975590765,15.760463454223014,165.9624833544449,136.29439626080293,-29.668087093641986,16.730014038574723,17.36177426801376,0.6317602294390383,14.960673816850369,14.279362971393308,-0.6813108454570607
5nme,151.70652271967185,163.97220533852013,12.265682618848274,161.0620864551989,163.67351198285454,2.6114255276556264,16.114118465092343,14.410540308077318,-1.7035781570150252,17.385936544682714,17.01243933526945,-0.3734972094132658
5nmf,151.71584934263623,177.9232093711668,26.20736002853056,161.05473915719898,164.52795619547882,3.4732170382798415,16.114334465434137,14.789587673560034,-1.3247467918741034,17.386304643293293,16.948589224374196,-0.4377154189190975
5nmg,151.70363628643108,168.99783043659818,17.2941941501671,161.06770988447644,163.81295795670428,2.745248072227838,16.114598694080666,14.795169307651832,-1.3194293864288333,17.385994764454075,16.89472717745691,-0.49126758699716433
6amu,146.14494524895363,151.72166637583456,5.576721126880926,165.68738990237557,143.72197295795868,-21.965416944416887,13.055420528309474,13.95564676842496,0.9002262401154866,14.284256098291111,15.080513203963795,0.7962571056726837
6avf,124.15919148054763,127.10158052141374,2.9423890408661038,-177.67728896847828,166.99691240301797,344.6742013714962,19.31268414137553,16.551598172593387,-2.761085968782144,17.032729720107884,16.983840247445006,-0.048889472662878575
6cql,168.7259308615468,170.49724672507418,1.7713158635273771,129.06284138136218,142.93014406852492,13.867302687162748,15.12127766153978,15.400533994723245,0.279256333183465,16.28210371785563,18.129457970542074,1.8473542526864435
6cqq,168.7371667135256,168.41444939965646,-0.32271731386913416,129.0707826946296,146.20572724360463,17.134944548975028,15.121401474286072,15.279996884957574,0.15859541067150218,16.28177092833275,18.084738433266548,1.8029675049337968
6cqr,168.73669275183912,171.08741289219552,2.350720140356401,129.06219644718567,144.04193603907387,14.979739591888205,15.12164560497804,15.2860381259707,0.16439252099266,16.282218742240612,17.88196580454509,1.599747062304477
6eqb,151.37615909807147,134.39878423124557,-16.977374866825897,174.89277106816292,163.89084437046165,-11.001926697701265,13.850545295727994,12.595220802011914,-1.2553244937160795,20.014029105997203,17.071007293284474,-2.943021812712729
